-- --------------------------------------------------------
-- Host:                         127.0.0.1
-- Server version:               8.0.16 - MySQL Community Server - GPL
-- Server OS:                    Win64
-- HeidiSQL Version:             10.2.0.5599
-- --------------------------------------------------------

/*!40101 SET @OLD_CHARACTER_SET_CLIENT=@@CHARACTER_SET_CLIENT */;
/*!40101 SET NAMES utf8 */;
/*!50503 SET NAMES utf8mb4 */;
/*!40014 SET @OLD_FOREIGN_KEY_CHECKS=@@FOREIGN_KEY_CHECKS, FOREIGN_KEY_CHECKS=0 */;
/*!40101 SET @OLD_SQL_MODE=@@SQL_MODE, SQL_MODE='NO_AUTO_VALUE_ON_ZERO' */;


-- Dumping database structure for tpv-lifecode
CREATE DATABASE IF NOT EXISTS `tpv-lifecode` /*!40100 DEFAULT CHARACTER SET utf8mb4 COLLATE utf8mb4_unicode_ci */ /*!80016 DEFAULT ENCRYPTION='N' */;
USE `tpv-lifecode`;

-- Dumping structure for table tpv-lifecode.categories
CREATE TABLE IF NOT EXISTS `categories` (
  `category_id` int(11) DEFAULT NULL,
  `category` varchar(50) CHARACTER SET utf8mb4 COLLATE utf8mb4_unicode_ci DEFAULT NULL
) ENGINE=InnoDB DEFAULT CHARSET=utf8mb4 COLLATE=utf8mb4_unicode_ci;

-- Dumping data for table tpv-lifecode.categories: ~4 rows (approximately)
/*!40000 ALTER TABLE `categories` DISABLE KEYS */;
INSERT IGNORE INTO `categories` (`category_id`, `category`) VALUES
	(1, 'Life'),
	(2, 'Code'),
	(3, 'Photographs'),
	(4, 'Travel');
/*!40000 ALTER TABLE `categories` ENABLE KEYS */;

-- Dumping structure for table tpv-lifecode.choices
CREATE TABLE IF NOT EXISTS `choices` (
  `choice_id` bigint(20) NOT NULL AUTO_INCREMENT,
  `text` varchar(40) COLLATE utf8mb4_unicode_ci DEFAULT NULL,
  `poll_id` bigint(20) NOT NULL,
  PRIMARY KEY (`choice_id`),
  KEY `FK1i68hpih40n447wqx4lpef6ot` (`poll_id`),
  CONSTRAINT `FK1i68hpih40n447wqx4lpef6ot` FOREIGN KEY (`poll_id`) REFERENCES `polls` (`poll_id`)
) ENGINE=InnoDB AUTO_INCREMENT=6 DEFAULT CHARSET=utf8mb4 COLLATE=utf8mb4_unicode_ci;

-- Dumping data for table tpv-lifecode.choices: ~4 rows (approximately)
/*!40000 ALTER TABLE `choices` DISABLE KEYS */;
INSERT IGNORE INTO `choices` (`choice_id`, `text`, `poll_id`) VALUES
	(1, 'xxx', 1),
	(2, 'yyy', 1),
	(3, 'ddsadsa', 2),
	(4, 'sadsadsa', 2),
	(5, 'dsada', 2);
/*!40000 ALTER TABLE `choices` ENABLE KEYS */;

-- Dumping structure for table tpv-lifecode.comments
CREATE TABLE IF NOT EXISTS `comments` (
  `comment_id` int(11) DEFAULT NULL,
  `user_id` int(11) DEFAULT NULL,
  `comment_parent_id` int(11) DEFAULT NULL,
  `post_id` int(11) DEFAULT NULL,
  `commented_at` datetime DEFAULT NULL,
  `comment` text CHARACTER SET utf8 COLLATE utf8_unicode_ci
) ENGINE=InnoDB DEFAULT CHARSET=utf8 COLLATE=utf8_unicode_ci;

-- Dumping data for table tpv-lifecode.comments: ~16 rows (approximately)
/*!40000 ALTER TABLE `comments` DISABLE KEYS */;
INSERT IGNORE INTO `comments` (`comment_id`, `user_id`, `comment_parent_id`, `post_id`, `commented_at`, `comment`) VALUES
	(1, 1, 0, 1, '2019-04-19 15:20:40', 'Lorem ipsum dolor sit amet, consectetur adipisicing elit. Pariatur quidem laborum necessitatibus, ipsam impedit vitae autem, eum officia, fugiat saepe enim sapiente iste iure! Quam voluptas earum impedit necessitatibus, nihil?'),
	(2, 1, 1, 1, '2019-04-19 15:20:49', 'Lorem ipsum dolor sit amet, consectetur adipisicing elit. Pariatur quidem laborum necessitatibus, ipsam impedit vitae autem, eum officia, fugiat saepe enim sapiente iste iure! Quam voluptas earum impedit necessitatibus, nihil?'),
	(3, 1, 2, 1, '2019-04-19 15:21:03', 'Lorem ipsum dolor sit amet, consectetur adipisicing elit. Pariatur quidem laborum necessitatibus, ipsam impedit vitae autem, eum officia, fugiat saepe enim sapiente iste iure! Quam voluptas earum impedit necessitatibus, nihil?'),
	(4, 1, 0, 2, '2019-04-19 15:21:17', 'Lorem ipsum dolor sit amet, consectetur adipisicing elit. Pariatur quidem laborum necessitatibus, ipsam impedit vitae autem, eum officia, fugiat saepe enim sapiente iste iure! Quam voluptas earum impedit necessitatibus, nihil?'),
	(5, 1, 4, 2, '2019-04-19 15:21:53', 'Lorem ipsum dolor sit amet, consectetur adipisicing elit. Pariatur quidem laborum necessitatibus, ipsam impedit vitae autem, eum officia, fugiat saepe enim sapiente iste iure! Quam voluptas earum impedit necessitatibus, nihil?'),
	(6, 1, 5, 1, '2019-04-19 15:22:25', 'Lorem ipsum dolor sit amet, consectetur adipisicing elit. Pariatur quidem laborum necessitatibus, ipsam impedit vitae autem, eum officia, fugiat saepe enim sapiente iste iure! Quam voluptas earum impedit necessitatibus, nihil?'),
	(7, 1, 0, 1, '2019-04-29 09:16:21', 'Lorem ipsum dolor sit amet, consectetur adipisicing elit. Pariatur quidem laborum necessitatibus, ipsam impedit vitae autem, eum officia, fugiat saepe enim sapiente iste iure! Quam voluptas earum impedit necessitatibus, nihil?'),
	(8, 1, 0, 1, '2019-04-29 09:16:23', 'Lorem ipsum dolor sit amet, consectetur adipisicing elit. Pariatur quidem laborum necessitatibus, ipsam impedit vitae autem, eum officia, fugiat saepe enim sapiente iste iure! Quam voluptas earum impedit necessitatibus, nihil?'),
	(9, 1, 1, 1, '2019-04-29 09:24:03', 'Lorem ipsum dolor sit amet, consectetur adipisicing elit. Pariatur quidem laborum necessitatibus, ipsam impedit vitae autem, eum officia, fugiat saepe enim sapiente iste iure! Quam voluptas earum impedit necessitatibus, nihil?'),
	(10, 1, 1, 1, '2019-04-29 09:24:33', 'Lorem ipsum dolor sit amet, consectetur adipisicing elit. Pariatur quidem laborum necessitatibus, ipsam impedit vitae autem, eum officia, fugiat saepe enim sapiente iste iure! Quam voluptas earum impedit necessitatibus, nihil?'),
	(11, 1, 10, 1, '2019-04-29 11:30:11', 'Lorem ipsum dolor sit amet, consectetur adipisicing elit. Pariatur quidem laborum necessitatibus, ipsam impedit vitae autem, eum officia, fugiat saepe enim sapiente iste iure! Quam voluptas earum impedit necessitatibus, nihil?'),
	(12, 1, 11, 1, '2019-04-29 14:02:41', 'Lorem ipsum dolor sit amet, consectetur adipisicing elit. Pariatur quidem laborum necessitatibus, ipsam impedit vitae autem, eum officia, fugiat saepe enim sapiente iste iure! Quam voluptas earum impedit necessitatibus, nihil?'),
	(13, 1, 12, 1, '2019-04-29 14:02:56', 'Lorem ipsum dolor sit amet, consectetur adipisicing elit. Pariatur quidem laborum necessitatibus, ipsam impedit vitae autem, eum officia, fugiat saepe enim sapiente iste iure! Quam voluptas earum impedit necessitatibus, nihil?'),
	(14, 1, 7, 1, '2019-04-29 14:35:26', 'Lorem ipsum dolor sit amet, consectetur adipisicing elit. Pariatur quidem laborum necessitatibus, ipsam impedit vitae autem, eum officia, fugiat saepe enim sapiente iste iure! Quam voluptas earum impedit necessitatibus, nihil?'),
	(15, 1, 14, 1, '2019-04-29 14:35:44', 'Lorem ipsum dolor sit amet, consectetur adipisicing elit. Pariatur quidem laborum necessitatibus, ipsam impedit vitae autem, eum officia, fugiat saepe enim sapiente iste iure! Quam voluptas earum impedit necessitatibus, nihil?'),
	(16, 1, 8, 1, '2019-04-29 14:35:58', 'Lorem ipsum dolor sit amet, consectetur adipisicing elit. Pariatur quidem laborum necessitatibus, ipsam impedit vitae autem, eum officia, fugiat saepe enim sapiente iste iure! Quam voluptas earum impedit necessitatibus, nihil?');
/*!40000 ALTER TABLE `comments` ENABLE KEYS */;

-- Dumping structure for table tpv-lifecode.images
CREATE TABLE IF NOT EXISTS `images` (
  `image_id` int(11) DEFAULT NULL,
  `path` varchar(500) CHARACTER SET utf8mb4 COLLATE utf8mb4_unicode_ci DEFAULT NULL
) ENGINE=InnoDB DEFAULT CHARSET=utf8mb4 COLLATE=utf8mb4_unicode_ci;

-- Dumping data for table tpv-lifecode.images: ~19 rows (approximately)
/*!40000 ALTER TABLE `images` DISABLE KEYS */;
INSERT IGNORE INTO `images` (`image_id`, `path`) VALUES
	(1, '/img/post-1.jpg'),
	(2, '/img/post-4.jpg'),
	(3, '/img/post-3.jpg'),
	(4, '/img/post-2.jpg'),
	(6, '/img/post-5.jpg'),
	(5, '/img/post-6.jpg'),
	(7, '/img/post-7.jpg'),
	(8, '/img/post-8.jpg'),
	(9, '/img/post-9.jpg'),
	(10, '/img/post-10.jpg'),
	(11, '/img/post-11.jpg'),
	(12, '/img/post-12.jpg'),
	(13, '/img/post-13.jpg'),
	(14, '/img/post-3.jpg'),
	(15, '/img/post-4.jpg'),
	(16, '/img/post-5.jpg'),
	(17, '/img/post-1.jpg'),
	(18, '/img/post-7.jpg'),
	(19, '/img/post-4.jpg');
/*!40000 ALTER TABLE `images` ENABLE KEYS */;

-- Dumping structure for table tpv-lifecode.polls
CREATE TABLE IF NOT EXISTS `polls` (
  `poll_id` bigint(20) NOT NULL AUTO_INCREMENT,
  `created_at` datetime NOT NULL,
  `updated_at` datetime NOT NULL,
  `create_by` bigint(20) DEFAULT NULL,
  `updated_by` bigint(20) DEFAULT NULL,
  `exp_datetime` datetime NOT NULL,
  `question` varchar(140) COLLATE utf8mb4_unicode_ci DEFAULT NULL,
  PRIMARY KEY (`poll_id`)
) ENGINE=InnoDB AUTO_INCREMENT=3 DEFAULT CHARSET=utf8mb4 COLLATE=utf8mb4_unicode_ci;

-- Dumping data for table tpv-lifecode.polls: ~0 rows (approximately)
/*!40000 ALTER TABLE `polls` DISABLE KEYS */;
INSERT IGNORE INTO `polls` (`poll_id`, `created_at`, `updated_at`, `create_by`, `updated_by`, `exp_datetime`, `question`) VALUES
	(1, '2020-01-05 04:19:14', '2020-01-05 04:19:14', 1, 1, '2020-01-06 04:19:14', 'How to xxx?'),
	(2, '2020-02-08 14:08:38', '2020-02-08 14:08:38', 2, 2, '2020-02-12 18:08:38', 'sdada');
/*!40000 ALTER TABLE `polls` ENABLE KEYS */;

-- Dumping structure for table tpv-lifecode.posts
CREATE TABLE IF NOT EXISTS `posts` (
  `post_id` int(11) DEFAULT NULL,
  `category_id` int(11) DEFAULT NULL,
  `level` int(11) DEFAULT NULL,
  `title` text CHARACTER SET utf8 COLLATE utf8_unicode_ci,
  `sumary` text CHARACTER SET utf8 COLLATE utf8_unicode_ci,
  `content` text CHARACTER SET utf8 COLLATE utf8_unicode_ci,
  `published_at` datetime DEFAULT NULL,
  `times_of_view` int(11) DEFAULT NULL
) ENGINE=InnoDB DEFAULT CHARSET=utf8 COLLATE=utf8_unicode_ci;

-- Dumping data for table tpv-lifecode.posts: ~39 rows (approximately)
/*!40000 ALTER TABLE `posts` DISABLE KEYS */;
INSERT IGNORE INTO `posts` (`post_id`, `category_id`, `level`, `title`, `sumary`, `content`, `published_at`, `times_of_view`) VALUES
	(2, 1, 2, 'PostXXX', 'Lorem ipsum dolor sit amet, consectetur adipiscing elit. Suspendisse ex dui, sagittis sed sodales vitae, laoreet et sem. Cras consectetur nulla id mi finibus suscipit vel mollis risus. Nulla tellus dolor, elementum non fermentum a, pulvinar vitae enim. Ut finibus ipsum lorem, id lobortis arcu pretium sit amet. Maecenas lacinia massa non mauris lacinia ultricies. In elementum mauris risus, et consequat lacus aliquet sed. Nunc eget laoreet est. Maecenas cursus orci at sem cursus consectetur. Donec egestas elementum neque non auctor. Aliquam vitae mauris vestibulum, suscipit nisi vitae, scelerisque libero. Duis ultricies neque elit, et pulvinar nisl facilisis eu.', '&lt;h3&gt;Ea vix periculis sententiae, ea blandit pericula abhorreant pri.&lt;/h3&gt;&lt;p&gt;Lorem ipsum dolor sit amet, mea ad idque detraxit, cu soleat graecis invenire eam. Vidisse suscipit liberavisse has ex, vocibus patrioque vim et, sed ex tation reprehendunt. Mollis volumus no vix, ut qui clita habemus, ipsum senserit est et. Ut has soluta epicurei mediocrem, nibh nostrum his cu, sea clita electram reformidans an.&lt;/p&gt;&lt;p&gt;Est in saepe accusam luptatum. Purto deleniti philosophia eum ea, impetus copiosae id mel. Vis at ignota delenit democritum, te summo tamquam delicata pro. Utinam concludaturque et vim, mei ullum intellegam ei. Eam te illum nostrud, suas sonet corrumpit ea per. Ut sea regione posidonium. Pertinax gubergren ne qui, eos an harum mundi quaestio.&lt;/p&gt;&lt;figure class=&quot;pull-right&quot;&gt;&lt;img src=&quot;/img/media-1.jpg&quot;&gt;&lt;figcaption&gt;Lorem ipsum dolor sit amet, mea ad idque detraxit,&lt;/figcaption&gt;&lt;/figure&gt;&lt;p&gt;Nihil persius id est, iisque tincidunt abhorreant no duo. Eripuit placerat mnesarchum ius at, ei pro laoreet invenire persecuti, per magna tibique scriptorem an. Aeque oportere incorrupte ius ea, utroque erroribus mel in, posse dolore nam in. Per veniam vulputate intellegam et, id usu case reprimique, ne aperiam scaevola sed. Veritus omnesque qui ad. In mei admodum maiorum iracundia, no omnis melius eum, ei erat vivendo his. In pri nonumes suscipit.&lt;/p&gt;&lt;p&gt;Sit nulla quidam et, eam ea legimus deserunt neglegentur. Et veri nostrud vix, meis minimum atomorum ex sea, stet case habemus mea no. Ut dignissim dissentiet his, mei ea delectus delicatissimi, debet dissentiunt te duo. Sonet partiendo et qui, pro et veri solet singulis. Vidit viderer eleifend ad nam. Minimum eligendi suscipit ius et, vis ex laoreet detracto scripserit, at sumo sale solum pro.&lt;/p&gt;&lt;blockquote class=&quot;blockquote&quot;&gt;&lt;p&gt;Ei prima graecis consulatu vix, per cu corpora qualisque voluptaria. Bonorum moderatius in per, ius cu albucius voluptatum. Ne ius torquatos dissentiunt. Brute illum utroque eu quo. Cu tota mediocritatem vis, aliquip cotidieque eu ius, cu lorem suscipit eleifend sit.&lt;/p&gt;&lt;footer class=&quot;blockquote-footer&quot;&gt;John Doe&lt;/footer&gt;&lt;/blockquote&gt;&lt;p&gt;Mei cu diam sonet audiam, his ad impetus fuisset indoctum. Te sit altera qualisque, stet suavitate ne vel. Euismod suavitate duo eu, habemus rationibus neglegentur ei qui. Debet omittam ad usu, ex vero feugait oporteat eos, id usu sint numquam sententiae.&lt;/p&gt;&lt;figure&gt;&lt;img src=&quot;/img/media-2.jpg&quot;&gt;&lt;/figure&gt;&lt;h3&gt;Sit nulla quidam et, eam ea legimus deserunt neglegentur.&lt;/h3&gt;&lt;p&gt;No possim singulis sea, dolores salutatus interpretaris eam ad. An singulis postulant his, an inermis urbanitas mel. Wisi veri noster eu est, diam ridens eum in. Omnium imperdiet patrioque quo in, est sumo persecuti abhorreant ei. Sed feugiat iracundia id, inermis percipit eu has.&lt;/p&gt;&lt;p&gt;In vidit homero ullamcorper his, ea mea senserit constituto, et alia idque congue sit. Postea percipit his ne. Probo movet noluisse in nam, sed ex utroque inermis corrumpit, oratio tation vix at. Usu aperiri assentior at, eam et melius iudicabit pertinacia.&lt;/p&gt;', '2019-09-15 17:10:30', 2),
	(3, 1, 1, 'Post3', 'Lorem ipsum dolor sit amet, consectetur adipiscing elit. Suspendisse ex dui, sagittis sed sodales vitae, laoreet et sem. Cras consectetur nulla id mi finibus suscipit vel mollis risus. Nulla tellus dolor, elementum non fermentum a, pulvinar vitae enim. Ut finibus ipsum lorem, id lobortis arcu pretium sit amet. Maecenas lacinia massa non mauris lacinia ultricies. In elementum mauris risus, et consequat lacus aliquet sed. Nunc eget laoreet est. Maecenas cursus orci at sem cursus consectetur. Donec egestas elementum neque non auctor. Aliquam vitae mauris vestibulum, suscipit nisi vitae, scelerisque libero. Duis ultricies neque elit, et pulvinar nisl facilisis eu.', '&lt;h3&gt;Ea vix periculis sententiae, ea blandit pericula abhorreant pri.&lt;/h3&gt;&lt;p&gt;Lorem ipsum dolor sit amet, mea ad idque detraxit, cu soleat graecis invenire eam. Vidisse suscipit liberavisse has ex, vocibus patrioque vim et, sed ex tation reprehendunt. Mollis volumus no vix, ut qui clita habemus, ipsum senserit est et. Ut has soluta epicurei mediocrem, nibh nostrum his cu, sea clita electram reformidans an.&lt;/p&gt;&lt;p&gt;Est in saepe accusam luptatum. Purto deleniti philosophia eum ea, impetus copiosae id mel. Vis at ignota delenit democritum, te summo tamquam delicata pro. Utinam concludaturque et vim, mei ullum intellegam ei. Eam te illum nostrud, suas sonet corrumpit ea per. Ut sea regione posidonium. Pertinax gubergren ne qui, eos an harum mundi quaestio.&lt;/p&gt;&lt;figure class=&quot;pull-right&quot;&gt;&lt;img src=&quot;/img/media-1.jpg&quot;&gt;&lt;figcaption&gt;Lorem ipsum dolor sit amet, mea ad idque detraxit,&lt;/figcaption&gt;&lt;/figure&gt;&lt;p&gt;Nihil persius id est, iisque tincidunt abhorreant no duo. Eripuit placerat mnesarchum ius at, ei pro laoreet invenire persecuti, per magna tibique scriptorem an. Aeque oportere incorrupte ius ea, utroque erroribus mel in, posse dolore nam in. Per veniam vulputate intellegam et, id usu case reprimique, ne aperiam scaevola sed. Veritus omnesque qui ad. In mei admodum maiorum iracundia, no omnis melius eum, ei erat vivendo his. In pri nonumes suscipit.&lt;/p&gt;&lt;p&gt;Sit nulla quidam et, eam ea legimus deserunt neglegentur. Et veri nostrud vix, meis minimum atomorum ex sea, stet case habemus mea no. Ut dignissim dissentiet his, mei ea delectus delicatissimi, debet dissentiunt te duo. Sonet partiendo et qui, pro et veri solet singulis. Vidit viderer eleifend ad nam. Minimum eligendi suscipit ius et, vis ex laoreet detracto scripserit, at sumo sale solum pro.&lt;/p&gt;&lt;blockquote class=&quot;blockquote&quot;&gt;&lt;p&gt;Ei prima graecis consulatu vix, per cu corpora qualisque voluptaria. Bonorum moderatius in per, ius cu albucius voluptatum. Ne ius torquatos dissentiunt. Brute illum utroque eu quo. Cu tota mediocritatem vis, aliquip cotidieque eu ius, cu lorem suscipit eleifend sit.&lt;/p&gt;&lt;footer class=&quot;blockquote-footer&quot;&gt;John Doe&lt;/footer&gt;&lt;/blockquote&gt;&lt;p&gt;Mei cu diam sonet audiam, his ad impetus fuisset indoctum. Te sit altera qualisque, stet suavitate ne vel. Euismod suavitate duo eu, habemus rationibus neglegentur ei qui. Debet omittam ad usu, ex vero feugait oporteat eos, id usu sint numquam sententiae.&lt;/p&gt;&lt;figure&gt;&lt;img src=&quot;/img/media-2.jpg&quot;&gt;&lt;/figure&gt;&lt;h3&gt;Sit nulla quidam et, eam ea legimus deserunt neglegentur.&lt;/h3&gt;&lt;p&gt;No possim singulis sea, dolores salutatus interpretaris eam ad. An singulis postulant his, an inermis urbanitas mel. Wisi veri noster eu est, diam ridens eum in. Omnium imperdiet patrioque quo in, est sumo persecuti abhorreant ei. Sed feugiat iracundia id, inermis percipit eu has.&lt;/p&gt;&lt;p&gt;In vidit homero ullamcorper his, ea mea senserit constituto, et alia idque congue sit. Postea percipit his ne. Probo movet noluisse in nam, sed ex utroque inermis corrumpit, oratio tation vix at. Usu aperiri assentior at, eam et melius iudicabit pertinacia.&lt;/p&gt;', '2019-09-22 11:36:25', 2),
	(4, 1, 4, 'Post4', 'Lorem ipsum dolor sit amet, consectetur adipiscing elit. Suspendisse ex dui, sagittis sed sodales vitae, laoreet et sem. Cras consectetur nulla id mi finibus suscipit vel mollis risus. Nulla tellus dolor, elementum non fermentum a, pulvinar vitae enim. Ut finibus ipsum lorem, id lobortis arcu pretium sit amet. Maecenas lacinia massa non mauris lacinia ultricies. In elementum mauris risus, et consequat lacus aliquet sed. Nunc eget laoreet est. Maecenas cursus orci at sem cursus consectetur. Donec egestas elementum neque non auctor. Aliquam vitae mauris vestibulum, suscipit nisi vitae, scelerisque libero. Duis ultricies neque elit, et pulvinar nisl facilisis eu.', '&lt;h3&gt;Ea vix periculis sententiae, ea blandit pericula abhorreant pri.&lt;/h3&gt;&lt;p&gt;Lorem ipsum dolor sit amet, mea ad idque detraxit, cu soleat graecis invenire eam. Vidisse suscipit liberavisse has ex, vocibus patrioque vim et, sed ex tation reprehendunt. Mollis volumus no vix, ut qui clita habemus, ipsum senserit est et. Ut has soluta epicurei mediocrem, nibh nostrum his cu, sea clita electram reformidans an.&lt;/p&gt;&lt;p&gt;Est in saepe accusam luptatum. Purto deleniti philosophia eum ea, impetus copiosae id mel. Vis at ignota delenit democritum, te summo tamquam delicata pro. Utinam concludaturque et vim, mei ullum intellegam ei. Eam te illum nostrud, suas sonet corrumpit ea per. Ut sea regione posidonium. Pertinax gubergren ne qui, eos an harum mundi quaestio.&lt;/p&gt;&lt;figure class=&quot;pull-right&quot;&gt;&lt;img src=&quot;/img/media-1.jpg&quot;&gt;&lt;figcaption&gt;Lorem ipsum dolor sit amet, mea ad idque detraxit,&lt;/figcaption&gt;&lt;/figure&gt;&lt;p&gt;Nihil persius id est, iisque tincidunt abhorreant no duo. Eripuit placerat mnesarchum ius at, ei pro laoreet invenire persecuti, per magna tibique scriptorem an. Aeque oportere incorrupte ius ea, utroque erroribus mel in, posse dolore nam in. Per veniam vulputate intellegam et, id usu case reprimique, ne aperiam scaevola sed. Veritus omnesque qui ad. In mei admodum maiorum iracundia, no omnis melius eum, ei erat vivendo his. In pri nonumes suscipit.&lt;/p&gt;&lt;p&gt;Sit nulla quidam et, eam ea legimus deserunt neglegentur. Et veri nostrud vix, meis minimum atomorum ex sea, stet case habemus mea no. Ut dignissim dissentiet his, mei ea delectus delicatissimi, debet dissentiunt te duo. Sonet partiendo et qui, pro et veri solet singulis. Vidit viderer eleifend ad nam. Minimum eligendi suscipit ius et, vis ex laoreet detracto scripserit, at sumo sale solum pro.&lt;/p&gt;&lt;blockquote class=&quot;blockquote&quot;&gt;&lt;p&gt;Ei prima graecis consulatu vix, per cu corpora qualisque voluptaria. Bonorum moderatius in per, ius cu albucius voluptatum. Ne ius torquatos dissentiunt. Brute illum utroque eu quo. Cu tota mediocritatem vis, aliquip cotidieque eu ius, cu lorem suscipit eleifend sit.&lt;/p&gt;&lt;footer class=&quot;blockquote-footer&quot;&gt;John Doe&lt;/footer&gt;&lt;/blockquote&gt;&lt;p&gt;Mei cu diam sonet audiam, his ad impetus fuisset indoctum. Te sit altera qualisque, stet suavitate ne vel. Euismod suavitate duo eu, habemus rationibus neglegentur ei qui. Debet omittam ad usu, ex vero feugait oporteat eos, id usu sint numquam sententiae.&lt;/p&gt;&lt;figure&gt;&lt;img src=&quot;/img/media-2.jpg&quot;&gt;&lt;/figure&gt;&lt;h3&gt;Sit nulla quidam et, eam ea legimus deserunt neglegentur.&lt;/h3&gt;&lt;p&gt;No possim singulis sea, dolores salutatus interpretaris eam ad. An singulis postulant his, an inermis urbanitas mel. Wisi veri noster eu est, diam ridens eum in. Omnium imperdiet patrioque quo in, est sumo persecuti abhorreant ei. Sed feugiat iracundia id, inermis percipit eu has.&lt;/p&gt;&lt;p&gt;In vidit homero ullamcorper his, ea mea senserit constituto, et alia idque congue sit. Postea percipit his ne. Probo movet noluisse in nam, sed ex utroque inermis corrumpit, oratio tation vix at. Usu aperiri assentior at, eam et melius iudicabit pertinacia.&lt;/p&gt;', '2019-09-22 11:36:45', 1),
	(5, 1, 5, 'Post5', 'Lorem ipsum dolor sit amet, consectetur adipiscing elit. Suspendisse ex dui, sagittis sed sodales vitae, laoreet et sem. Cras consectetur nulla id mi finibus suscipit vel mollis risus. Nulla tellus dolor, elementum non fermentum a, pulvinar vitae enim. Ut finibus ipsum lorem, id lobortis arcu pretium sit amet. Maecenas lacinia massa non mauris lacinia ultricies. In elementum mauris risus, et consequat lacus aliquet sed. Nunc eget laoreet est. Maecenas cursus orci at sem cursus consectetur. Donec egestas elementum neque non auctor. Aliquam vitae mauris vestibulum, suscipit nisi vitae, scelerisque libero. Duis ultricies neque elit, et pulvinar nisl facilisis eu.', '&lt;h3&gt;Ea vix periculis sententiae, ea blandit pericula abhorreant pri.&lt;/h3&gt;&lt;p&gt;Lorem ipsum dolor sit amet, mea ad idque detraxit, cu soleat graecis invenire eam. Vidisse suscipit liberavisse has ex, vocibus patrioque vim et, sed ex tation reprehendunt. Mollis volumus no vix, ut qui clita habemus, ipsum senserit est et. Ut has soluta epicurei mediocrem, nibh nostrum his cu, sea clita electram reformidans an.&lt;/p&gt;&lt;p&gt;Est in saepe accusam luptatum. Purto deleniti philosophia eum ea, impetus copiosae id mel. Vis at ignota delenit democritum, te summo tamquam delicata pro. Utinam concludaturque et vim, mei ullum intellegam ei. Eam te illum nostrud, suas sonet corrumpit ea per. Ut sea regione posidonium. Pertinax gubergren ne qui, eos an harum mundi quaestio.&lt;/p&gt;&lt;figure class=&quot;pull-right&quot;&gt;&lt;img src=&quot;/img/media-1.jpg&quot;&gt;&lt;figcaption&gt;Lorem ipsum dolor sit amet, mea ad idque detraxit,&lt;/figcaption&gt;&lt;/figure&gt;&lt;p&gt;Nihil persius id est, iisque tincidunt abhorreant no duo. Eripuit placerat mnesarchum ius at, ei pro laoreet invenire persecuti, per magna tibique scriptorem an. Aeque oportere incorrupte ius ea, utroque erroribus mel in, posse dolore nam in. Per veniam vulputate intellegam et, id usu case reprimique, ne aperiam scaevola sed. Veritus omnesque qui ad. In mei admodum maiorum iracundia, no omnis melius eum, ei erat vivendo his. In pri nonumes suscipit.&lt;/p&gt;&lt;p&gt;Sit nulla quidam et, eam ea legimus deserunt neglegentur. Et veri nostrud vix, meis minimum atomorum ex sea, stet case habemus mea no. Ut dignissim dissentiet his, mei ea delectus delicatissimi, debet dissentiunt te duo. Sonet partiendo et qui, pro et veri solet singulis. Vidit viderer eleifend ad nam. Minimum eligendi suscipit ius et, vis ex laoreet detracto scripserit, at sumo sale solum pro.&lt;/p&gt;&lt;blockquote class=&quot;blockquote&quot;&gt;&lt;p&gt;Ei prima graecis consulatu vix, per cu corpora qualisque voluptaria. Bonorum moderatius in per, ius cu albucius voluptatum. Ne ius torquatos dissentiunt. Brute illum utroque eu quo. Cu tota mediocritatem vis, aliquip cotidieque eu ius, cu lorem suscipit eleifend sit.&lt;/p&gt;&lt;footer class=&quot;blockquote-footer&quot;&gt;John Doe&lt;/footer&gt;&lt;/blockquote&gt;&lt;p&gt;Mei cu diam sonet audiam, his ad impetus fuisset indoctum. Te sit altera qualisque, stet suavitate ne vel. Euismod suavitate duo eu, habemus rationibus neglegentur ei qui. Debet omittam ad usu, ex vero feugait oporteat eos, id usu sint numquam sententiae.&lt;/p&gt;&lt;figure&gt;&lt;img src=&quot;/img/media-2.jpg&quot;&gt;&lt;/figure&gt;&lt;h3&gt;Sit nulla quidam et, eam ea legimus deserunt neglegentur.&lt;/h3&gt;&lt;p&gt;No possim singulis sea, dolores salutatus interpretaris eam ad. An singulis postulant his, an inermis urbanitas mel. Wisi veri noster eu est, diam ridens eum in. Omnium imperdiet patrioque quo in, est sumo persecuti abhorreant ei. Sed feugiat iracundia id, inermis percipit eu has.&lt;/p&gt;&lt;p&gt;In vidit homero ullamcorper his, ea mea senserit constituto, et alia idque congue sit. Postea percipit his ne. Probo movet noluisse in nam, sed ex utroque inermis corrumpit, oratio tation vix at. Usu aperiri assentior at, eam et melius iudicabit pertinacia.&lt;/p&gt;', '2019-09-22 11:37:28', 3),
	(6, 1, 3, 'Post6', 'Lorem ipsum dolor sit amet, consectetur adipiscing elit. Suspendisse ex dui, sagittis sed sodales vitae, laoreet et sem. Cras consectetur nulla id mi finibus suscipit vel mollis risus. Nulla tellus dolor, elementum non fermentum a, pulvinar vitae enim. Ut finibus ipsum lorem, id lobortis arcu pretium sit amet. Maecenas lacinia massa non mauris lacinia ultricies. In elementum mauris risus, et consequat lacus aliquet sed. Nunc eget laoreet est. Maecenas cursus orci at sem cursus consectetur. Donec egestas elementum neque non auctor. Aliquam vitae mauris vestibulum, suscipit nisi vitae, scelerisque libero. Duis ultricies neque elit, et pulvinar nisl facilisis eu.', '&lt;h3&gt;Ea vix periculis sententiae, ea blandit pericula abhorreant pri.&lt;/h3&gt;&lt;p&gt;Lorem ipsum dolor sit amet, mea ad idque detraxit, cu soleat graecis invenire eam. Vidisse suscipit liberavisse has ex, vocibus patrioque vim et, sed ex tation reprehendunt. Mollis volumus no vix, ut qui clita habemus, ipsum senserit est et. Ut has soluta epicurei mediocrem, nibh nostrum his cu, sea clita electram reformidans an.&lt;/p&gt;&lt;p&gt;Est in saepe accusam luptatum. Purto deleniti philosophia eum ea, impetus copiosae id mel. Vis at ignota delenit democritum, te summo tamquam delicata pro. Utinam concludaturque et vim, mei ullum intellegam ei. Eam te illum nostrud, suas sonet corrumpit ea per. Ut sea regione posidonium. Pertinax gubergren ne qui, eos an harum mundi quaestio.&lt;/p&gt;&lt;figure class=&quot;pull-right&quot;&gt;&lt;img src=&quot;/img/media-1.jpg&quot;&gt;&lt;figcaption&gt;Lorem ipsum dolor sit amet, mea ad idque detraxit,&lt;/figcaption&gt;&lt;/figure&gt;&lt;p&gt;Nihil persius id est, iisque tincidunt abhorreant no duo. Eripuit placerat mnesarchum ius at, ei pro laoreet invenire persecuti, per magna tibique scriptorem an. Aeque oportere incorrupte ius ea, utroque erroribus mel in, posse dolore nam in. Per veniam vulputate intellegam et, id usu case reprimique, ne aperiam scaevola sed. Veritus omnesque qui ad. In mei admodum maiorum iracundia, no omnis melius eum, ei erat vivendo his. In pri nonumes suscipit.&lt;/p&gt;&lt;p&gt;Sit nulla quidam et, eam ea legimus deserunt neglegentur. Et veri nostrud vix, meis minimum atomorum ex sea, stet case habemus mea no. Ut dignissim dissentiet his, mei ea delectus delicatissimi, debet dissentiunt te duo. Sonet partiendo et qui, pro et veri solet singulis. Vidit viderer eleifend ad nam. Minimum eligendi suscipit ius et, vis ex laoreet detracto scripserit, at sumo sale solum pro.&lt;/p&gt;&lt;blockquote class=&quot;blockquote&quot;&gt;&lt;p&gt;Ei prima graecis consulatu vix, per cu corpora qualisque voluptaria. Bonorum moderatius in per, ius cu albucius voluptatum. Ne ius torquatos dissentiunt. Brute illum utroque eu quo. Cu tota mediocritatem vis, aliquip cotidieque eu ius, cu lorem suscipit eleifend sit.&lt;/p&gt;&lt;footer class=&quot;blockquote-footer&quot;&gt;John Doe&lt;/footer&gt;&lt;/blockquote&gt;&lt;p&gt;Mei cu diam sonet audiam, his ad impetus fuisset indoctum. Te sit altera qualisque, stet suavitate ne vel. Euismod suavitate duo eu, habemus rationibus neglegentur ei qui. Debet omittam ad usu, ex vero feugait oporteat eos, id usu sint numquam sententiae.&lt;/p&gt;&lt;figure&gt;&lt;img src=&quot;/img/media-2.jpg&quot;&gt;&lt;/figure&gt;&lt;h3&gt;Sit nulla quidam et, eam ea legimus deserunt neglegentur.&lt;/h3&gt;&lt;p&gt;No possim singulis sea, dolores salutatus interpretaris eam ad. An singulis postulant his, an inermis urbanitas mel. Wisi veri noster eu est, diam ridens eum in. Omnium imperdiet patrioque quo in, est sumo persecuti abhorreant ei. Sed feugiat iracundia id, inermis percipit eu has.&lt;/p&gt;&lt;p&gt;In vidit homero ullamcorper his, ea mea senserit constituto, et alia idque congue sit. Postea percipit his ne. Probo movet noluisse in nam, sed ex utroque inermis corrumpit, oratio tation vix at. Usu aperiri assentior at, eam et melius iudicabit pertinacia.&lt;/p&gt;', '2019-09-22 21:03:42', 2),
	(7, 1, 3, 'Post7', 'Lorem ipsum dolor sit amet, consectetur adipiscing elit. Suspendisse ex dui, sagittis sed sodales vitae, laoreet et sem. Cras consectetur nulla id mi finibus suscipit vel mollis risus. Nulla tellus dolor, elementum non fermentum a, pulvinar vitae enim. Ut finibus ipsum lorem, id lobortis arcu pretium sit amet. Maecenas lacinia massa non mauris lacinia ultricies. In elementum mauris risus, et consequat lacus aliquet sed. Nunc eget laoreet est. Maecenas cursus orci at sem cursus consectetur. Donec egestas elementum neque non auctor. Aliquam vitae mauris vestibulum, suscipit nisi vitae, scelerisque libero. Duis ultricies neque elit, et pulvinar nisl facilisis eu.', '&lt;h3&gt;Ea vix periculis sententiae, ea blandit pericula abhorreant pri.&lt;/h3&gt;&lt;p&gt;Lorem ipsum dolor sit amet, mea ad idque detraxit, cu soleat graecis invenire eam. Vidisse suscipit liberavisse has ex, vocibus patrioque vim et, sed ex tation reprehendunt. Mollis volumus no vix, ut qui clita habemus, ipsum senserit est et. Ut has soluta epicurei mediocrem, nibh nostrum his cu, sea clita electram reformidans an.&lt;/p&gt;&lt;p&gt;Est in saepe accusam luptatum. Purto deleniti philosophia eum ea, impetus copiosae id mel. Vis at ignota delenit democritum, te summo tamquam delicata pro. Utinam concludaturque et vim, mei ullum intellegam ei. Eam te illum nostrud, suas sonet corrumpit ea per. Ut sea regione posidonium. Pertinax gubergren ne qui, eos an harum mundi quaestio.&lt;/p&gt;&lt;figure class=&quot;pull-right&quot;&gt;&lt;img src=&quot;/img/media-1.jpg&quot;&gt;&lt;figcaption&gt;Lorem ipsum dolor sit amet, mea ad idque detraxit,&lt;/figcaption&gt;&lt;/figure&gt;&lt;p&gt;Nihil persius id est, iisque tincidunt abhorreant no duo. Eripuit placerat mnesarchum ius at, ei pro laoreet invenire persecuti, per magna tibique scriptorem an. Aeque oportere incorrupte ius ea, utroque erroribus mel in, posse dolore nam in. Per veniam vulputate intellegam et, id usu case reprimique, ne aperiam scaevola sed. Veritus omnesque qui ad. In mei admodum maiorum iracundia, no omnis melius eum, ei erat vivendo his. In pri nonumes suscipit.&lt;/p&gt;&lt;p&gt;Sit nulla quidam et, eam ea legimus deserunt neglegentur. Et veri nostrud vix, meis minimum atomorum ex sea, stet case habemus mea no. Ut dignissim dissentiet his, mei ea delectus delicatissimi, debet dissentiunt te duo. Sonet partiendo et qui, pro et veri solet singulis. Vidit viderer eleifend ad nam. Minimum eligendi suscipit ius et, vis ex laoreet detracto scripserit, at sumo sale solum pro.&lt;/p&gt;&lt;blockquote class=&quot;blockquote&quot;&gt;&lt;p&gt;Ei prima graecis consulatu vix, per cu corpora qualisque voluptaria. Bonorum moderatius in per, ius cu albucius voluptatum. Ne ius torquatos dissentiunt. Brute illum utroque eu quo. Cu tota mediocritatem vis, aliquip cotidieque eu ius, cu lorem suscipit eleifend sit.&lt;/p&gt;&lt;footer class=&quot;blockquote-footer&quot;&gt;John Doe&lt;/footer&gt;&lt;/blockquote&gt;&lt;p&gt;Mei cu diam sonet audiam, his ad impetus fuisset indoctum. Te sit altera qualisque, stet suavitate ne vel. Euismod suavitate duo eu, habemus rationibus neglegentur ei qui. Debet omittam ad usu, ex vero feugait oporteat eos, id usu sint numquam sententiae.&lt;/p&gt;&lt;figure&gt;&lt;img src=&quot;/img/media-2.jpg&quot;&gt;&lt;/figure&gt;&lt;h3&gt;Sit nulla quidam et, eam ea legimus deserunt neglegentur.&lt;/h3&gt;&lt;p&gt;No possim singulis sea, dolores salutatus interpretaris eam ad. An singulis postulant his, an inermis urbanitas mel. Wisi veri noster eu est, diam ridens eum in. Omnium imperdiet patrioque quo in, est sumo persecuti abhorreant ei. Sed feugiat iracundia id, inermis percipit eu has.&lt;/p&gt;&lt;p&gt;In vidit homero ullamcorper his, ea mea senserit constituto, et alia idque congue sit. Postea percipit his ne. Probo movet noluisse in nam, sed ex utroque inermis corrumpit, oratio tation vix at. Usu aperiri assentior at, eam et melius iudicabit pertinacia.&lt;/p&gt;', '2019-09-22 21:04:03', 1),
	(9, 2, 3, 'Post8', 'Lorem ipsum dolor sit amet, consectetur adipiscing elit. Suspendisse ex dui, sagittis sed sodales vitae, laoreet et sem. Cras consectetur nulla id mi finibus suscipit vel mollis risus. Nulla tellus dolor, elementum non fermentum a, pulvinar vitae enim. Ut finibus ipsum lorem, id lobortis arcu pretium sit amet. Maecenas lacinia massa non mauris lacinia ultricies. In elementum mauris risus, et consequat lacus aliquet sed. Nunc eget laoreet est. Maecenas cursus orci at sem cursus consectetur. Donec egestas elementum neque non auctor. Aliquam vitae mauris vestibulum, suscipit nisi vitae, scelerisque libero. Duis ultricies neque elit, et pulvinar nisl facilisis eu.', '&lt;h3&gt;Ea vix periculis sententiae, ea blandit pericula abhorreant pri.&lt;/h3&gt;&lt;p&gt;Lorem ipsum dolor sit amet, mea ad idque detraxit, cu soleat graecis invenire eam. Vidisse suscipit liberavisse has ex, vocibus patrioque vim et, sed ex tation reprehendunt. Mollis volumus no vix, ut qui clita habemus, ipsum senserit est et. Ut has soluta epicurei mediocrem, nibh nostrum his cu, sea clita electram reformidans an.&lt;/p&gt;&lt;p&gt;Est in saepe accusam luptatum. Purto deleniti philosophia eum ea, impetus copiosae id mel. Vis at ignota delenit democritum, te summo tamquam delicata pro. Utinam concludaturque et vim, mei ullum intellegam ei. Eam te illum nostrud, suas sonet corrumpit ea per. Ut sea regione posidonium. Pertinax gubergren ne qui, eos an harum mundi quaestio.&lt;/p&gt;&lt;figure class=&quot;pull-right&quot;&gt;&lt;img src=&quot;/img/media-1.jpg&quot;&gt;&lt;figcaption&gt;Lorem ipsum dolor sit amet, mea ad idque detraxit,&lt;/figcaption&gt;&lt;/figure&gt;&lt;p&gt;Nihil persius id est, iisque tincidunt abhorreant no duo. Eripuit placerat mnesarchum ius at, ei pro laoreet invenire persecuti, per magna tibique scriptorem an. Aeque oportere incorrupte ius ea, utroque erroribus mel in, posse dolore nam in. Per veniam vulputate intellegam et, id usu case reprimique, ne aperiam scaevola sed. Veritus omnesque qui ad. In mei admodum maiorum iracundia, no omnis melius eum, ei erat vivendo his. In pri nonumes suscipit.&lt;/p&gt;&lt;p&gt;Sit nulla quidam et, eam ea legimus deserunt neglegentur. Et veri nostrud vix, meis minimum atomorum ex sea, stet case habemus mea no. Ut dignissim dissentiet his, mei ea delectus delicatissimi, debet dissentiunt te duo. Sonet partiendo et qui, pro et veri solet singulis. Vidit viderer eleifend ad nam. Minimum eligendi suscipit ius et, vis ex laoreet detracto scripserit, at sumo sale solum pro.&lt;/p&gt;&lt;blockquote class=&quot;blockquote&quot;&gt;&lt;p&gt;Ei prima graecis consulatu vix, per cu corpora qualisque voluptaria. Bonorum moderatius in per, ius cu albucius voluptatum. Ne ius torquatos dissentiunt. Brute illum utroque eu quo. Cu tota mediocritatem vis, aliquip cotidieque eu ius, cu lorem suscipit eleifend sit.&lt;/p&gt;&lt;footer class=&quot;blockquote-footer&quot;&gt;John Doe&lt;/footer&gt;&lt;/blockquote&gt;&lt;p&gt;Mei cu diam sonet audiam, his ad impetus fuisset indoctum. Te sit altera qualisque, stet suavitate ne vel. Euismod suavitate duo eu, habemus rationibus neglegentur ei qui. Debet omittam ad usu, ex vero feugait oporteat eos, id usu sint numquam sententiae.&lt;/p&gt;&lt;figure&gt;&lt;img src=&quot;/img/media-2.jpg&quot;&gt;&lt;/figure&gt;&lt;h3&gt;Sit nulla quidam et, eam ea legimus deserunt neglegentur.&lt;/h3&gt;&lt;p&gt;No possim singulis sea, dolores salutatus interpretaris eam ad. An singulis postulant his, an inermis urbanitas mel. Wisi veri noster eu est, diam ridens eum in. Omnium imperdiet patrioque quo in, est sumo persecuti abhorreant ei. Sed feugiat iracundia id, inermis percipit eu has.&lt;/p&gt;&lt;p&gt;In vidit homero ullamcorper his, ea mea senserit constituto, et alia idque congue sit. Postea percipit his ne. Probo movet noluisse in nam, sed ex utroque inermis corrumpit, oratio tation vix at. Usu aperiri assentior at, eam et melius iudicabit pertinacia.&lt;/p&gt;', '2019-09-22 21:04:35', 1),
	(10, 2, 3, 'Post9', 'Lorem ipsum dolor sit amet, consectetur adipiscing elit. Suspendisse ex dui, sagittis sed sodales vitae, laoreet et sem. Cras consectetur nulla id mi finibus suscipit vel mollis risus. Nulla tellus dolor, elementum non fermentum a, pulvinar vitae enim. Ut finibus ipsum lorem, id lobortis arcu pretium sit amet. Maecenas lacinia massa non mauris lacinia ultricies. In elementum mauris risus, et consequat lacus aliquet sed. Nunc eget laoreet est. Maecenas cursus orci at sem cursus consectetur. Donec egestas elementum neque non auctor. Aliquam vitae mauris vestibulum, suscipit nisi vitae, scelerisque libero. Duis ultricies neque elit, et pulvinar nisl facilisis eu.', '&lt;h3&gt;Ea vix periculis sententiae, ea blandit pericula abhorreant pri.&lt;/h3&gt;&lt;p&gt;Lorem ipsum dolor sit amet, mea ad idque detraxit, cu soleat graecis invenire eam. Vidisse suscipit liberavisse has ex, vocibus patrioque vim et, sed ex tation reprehendunt. Mollis volumus no vix, ut qui clita habemus, ipsum senserit est et. Ut has soluta epicurei mediocrem, nibh nostrum his cu, sea clita electram reformidans an.&lt;/p&gt;&lt;p&gt;Est in saepe accusam luptatum. Purto deleniti philosophia eum ea, impetus copiosae id mel. Vis at ignota delenit democritum, te summo tamquam delicata pro. Utinam concludaturque et vim, mei ullum intellegam ei. Eam te illum nostrud, suas sonet corrumpit ea per. Ut sea regione posidonium. Pertinax gubergren ne qui, eos an harum mundi quaestio.&lt;/p&gt;&lt;figure class=&quot;pull-right&quot;&gt;&lt;img src=&quot;/img/media-1.jpg&quot;&gt;&lt;figcaption&gt;Lorem ipsum dolor sit amet, mea ad idque detraxit,&lt;/figcaption&gt;&lt;/figure&gt;&lt;p&gt;Nihil persius id est, iisque tincidunt abhorreant no duo. Eripuit placerat mnesarchum ius at, ei pro laoreet invenire persecuti, per magna tibique scriptorem an. Aeque oportere incorrupte ius ea, utroque erroribus mel in, posse dolore nam in. Per veniam vulputate intellegam et, id usu case reprimique, ne aperiam scaevola sed. Veritus omnesque qui ad. In mei admodum maiorum iracundia, no omnis melius eum, ei erat vivendo his. In pri nonumes suscipit.&lt;/p&gt;&lt;p&gt;Sit nulla quidam et, eam ea legimus deserunt neglegentur. Et veri nostrud vix, meis minimum atomorum ex sea, stet case habemus mea no. Ut dignissim dissentiet his, mei ea delectus delicatissimi, debet dissentiunt te duo. Sonet partiendo et qui, pro et veri solet singulis. Vidit viderer eleifend ad nam. Minimum eligendi suscipit ius et, vis ex laoreet detracto scripserit, at sumo sale solum pro.&lt;/p&gt;&lt;blockquote class=&quot;blockquote&quot;&gt;&lt;p&gt;Ei prima graecis consulatu vix, per cu corpora qualisque voluptaria. Bonorum moderatius in per, ius cu albucius voluptatum. Ne ius torquatos dissentiunt. Brute illum utroque eu quo. Cu tota mediocritatem vis, aliquip cotidieque eu ius, cu lorem suscipit eleifend sit.&lt;/p&gt;&lt;footer class=&quot;blockquote-footer&quot;&gt;John Doe&lt;/footer&gt;&lt;/blockquote&gt;&lt;p&gt;Mei cu diam sonet audiam, his ad impetus fuisset indoctum. Te sit altera qualisque, stet suavitate ne vel. Euismod suavitate duo eu, habemus rationibus neglegentur ei qui. Debet omittam ad usu, ex vero feugait oporteat eos, id usu sint numquam sententiae.&lt;/p&gt;&lt;figure&gt;&lt;img src=&quot;/img/media-2.jpg&quot;&gt;&lt;/figure&gt;&lt;h3&gt;Sit nulla quidam et, eam ea legimus deserunt neglegentur.&lt;/h3&gt;&lt;p&gt;No possim singulis sea, dolores salutatus interpretaris eam ad. An singulis postulant his, an inermis urbanitas mel. Wisi veri noster eu est, diam ridens eum in. Omnium imperdiet patrioque quo in, est sumo persecuti abhorreant ei. Sed feugiat iracundia id, inermis percipit eu has.&lt;/p&gt;&lt;p&gt;In vidit homero ullamcorper his, ea mea senserit constituto, et alia idque congue sit. Postea percipit his ne. Probo movet noluisse in nam, sed ex utroque inermis corrumpit, oratio tation vix at. Usu aperiri assentior at, eam et melius iudicabit pertinacia.&lt;/p&gt;', '2019-09-22 21:05:08', 1),
	(1, 2, 1, 'Post1', 'Lorem ipsum dolor sit amet, consectetur adipiscing elit. Suspendisse ex dui, sagittis sed sodales vitae, laoreet et sem. Cras consectetur nulla id mi finibus suscipit vel mollis risus. Nulla tellus dolor, elementum non fermentum a, pulvinar vitae enim. Ut finibus ipsum lorem, id lobortis arcu pretium sit amet. Maecenas lacinia massa non mauris lacinia ultricies. In elementum mauris risus, et consequat lacus aliquet sed. Nunc eget laoreet est. Maecenas cursus orci at sem cursus consectetur. Donec egestas elementum neque non auctor. Aliquam vitae mauris vestibulum, suscipit nisi vitae, scelerisque libero. Duis ultricies neque elit, et pulvinar nisl facilisis eu.', '&lt;h3&gt;Ea vix periculis sententiae, ea blandit pericula abhorreant pri.&lt;/h3&gt;&lt;p&gt;Lorem ipsum dolor sit amet, mea ad idque detraxit, cu soleat graecis invenire eam. Vidisse suscipit liberavisse has ex, vocibus patrioque vim et, sed ex tation reprehendunt. Mollis volumus no vix, ut qui clita habemus, ipsum senserit est et. Ut has soluta epicurei mediocrem, nibh nostrum his cu, sea clita electram reformidans an.&lt;/p&gt;&lt;p&gt;Est in saepe accusam luptatum. Purto deleniti philosophia eum ea, impetus copiosae id mel. Vis at ignota delenit democritum, te summo tamquam delicata pro. Utinam concludaturque et vim, mei ullum intellegam ei. Eam te illum nostrud, suas sonet corrumpit ea per. Ut sea regione posidonium. Pertinax gubergren ne qui, eos an harum mundi quaestio.&lt;/p&gt;&lt;figure class=&quot;pull-right&quot;&gt;&lt;img src=&quot;/img/media-1.jpg&quot;&gt;&lt;figcaption&gt;Lorem ipsum dolor sit amet, mea ad idque detraxit,&lt;/figcaption&gt;&lt;/figure&gt;&lt;p&gt;Nihil persius id est, iisque tincidunt abhorreant no duo. Eripuit placerat mnesarchum ius at, ei pro laoreet invenire persecuti, per magna tibique scriptorem an. Aeque oportere incorrupte ius ea, utroque erroribus mel in, posse dolore nam in. Per veniam vulputate intellegam et, id usu case reprimique, ne aperiam scaevola sed. Veritus omnesque qui ad. In mei admodum maiorum iracundia, no omnis melius eum, ei erat vivendo his. In pri nonumes suscipit.&lt;/p&gt;&lt;p&gt;Sit nulla quidam et, eam ea legimus deserunt neglegentur. Et veri nostrud vix, meis minimum atomorum ex sea, stet case habemus mea no. Ut dignissim dissentiet his, mei ea delectus delicatissimi, debet dissentiunt te duo. Sonet partiendo et qui, pro et veri solet singulis. Vidit viderer eleifend ad nam. Minimum eligendi suscipit ius et, vis ex laoreet detracto scripserit, at sumo sale solum pro.&lt;/p&gt;&lt;blockquote class=&quot;blockquote&quot;&gt;&lt;p&gt;Ei prima graecis consulatu vix, per cu corpora qualisque voluptaria. Bonorum moderatius in per, ius cu albucius voluptatum. Ne ius torquatos dissentiunt. Brute illum utroque eu quo. Cu tota mediocritatem vis, aliquip cotidieque eu ius, cu lorem suscipit eleifend sit.&lt;/p&gt;&lt;footer class=&quot;blockquote-footer&quot;&gt;John Doe&lt;/footer&gt;&lt;/blockquote&gt;&lt;p&gt;Mei cu diam sonet audiam, his ad impetus fuisset indoctum. Te sit altera qualisque, stet suavitate ne vel. Euismod suavitate duo eu, habemus rationibus neglegentur ei qui. Debet omittam ad usu, ex vero feugait oporteat eos, id usu sint numquam sententiae.&lt;/p&gt;&lt;figure&gt;&lt;img src=&quot;/img/media-2.jpg&quot;&gt;&lt;/figure&gt;&lt;h3&gt;Sit nulla quidam et, eam ea legimus deserunt neglegentur.&lt;/h3&gt;&lt;p&gt;No possim singulis sea, dolores salutatus interpretaris eam ad. An singulis postulant his, an inermis urbanitas mel. Wisi veri noster eu est, diam ridens eum in. Omnium imperdiet patrioque quo in, est sumo persecuti abhorreant ei. Sed feugiat iracundia id, inermis percipit eu has.&lt;/p&gt;&lt;p&gt;In vidit homero ullamcorper his, ea mea senserit constituto, et alia idque congue sit. Postea percipit his ne. Probo movet noluisse in nam, sed ex utroque inermis corrumpit, oratio tation vix at. Usu aperiri assentior at, eam et melius iudicabit pertinacia.&lt;/p&gt;', '2019-09-22 21:06:09', 1),
	(11, 2, 1, 'Post11', 'Lorem ipsum dolor sit amet, consectetur adipiscing elit. Suspendisse ex dui, sagittis sed sodales vitae, laoreet et sem. Cras consectetur nulla id mi finibus suscipit vel mollis risus. Nulla tellus dolor, elementum non fermentum a, pulvinar vitae enim. Ut finibus ipsum lorem, id lobortis arcu pretium sit amet. Maecenas lacinia massa non mauris lacinia ultricies. In elementum mauris risus, et consequat lacus aliquet sed. Nunc eget laoreet est. Maecenas cursus orci at sem cursus consectetur. Donec egestas elementum neque non auctor. Aliquam vitae mauris vestibulum, suscipit nisi vitae, scelerisque libero. Duis ultricies neque elit, et pulvinar nisl facilisis eu.', '&lt;h3&gt;Ea vix periculis sententiae, ea blandit pericula abhorreant pri.&lt;/h3&gt;&lt;p&gt;Lorem ipsum dolor sit amet, mea ad idque detraxit, cu soleat graecis invenire eam. Vidisse suscipit liberavisse has ex, vocibus patrioque vim et, sed ex tation reprehendunt. Mollis volumus no vix, ut qui clita habemus, ipsum senserit est et. Ut has soluta epicurei mediocrem, nibh nostrum his cu, sea clita electram reformidans an.&lt;/p&gt;&lt;p&gt;Est in saepe accusam luptatum. Purto deleniti philosophia eum ea, impetus copiosae id mel. Vis at ignota delenit democritum, te summo tamquam delicata pro. Utinam concludaturque et vim, mei ullum intellegam ei. Eam te illum nostrud, suas sonet corrumpit ea per. Ut sea regione posidonium. Pertinax gubergren ne qui, eos an harum mundi quaestio.&lt;/p&gt;&lt;figure class=&quot;pull-right&quot;&gt;&lt;img src=&quot;/img/media-1.jpg&quot;&gt;&lt;figcaption&gt;Lorem ipsum dolor sit amet, mea ad idque detraxit,&lt;/figcaption&gt;&lt;/figure&gt;&lt;p&gt;Nihil persius id est, iisque tincidunt abhorreant no duo. Eripuit placerat mnesarchum ius at, ei pro laoreet invenire persecuti, per magna tibique scriptorem an. Aeque oportere incorrupte ius ea, utroque erroribus mel in, posse dolore nam in. Per veniam vulputate intellegam et, id usu case reprimique, ne aperiam scaevola sed. Veritus omnesque qui ad. In mei admodum maiorum iracundia, no omnis melius eum, ei erat vivendo his. In pri nonumes suscipit.&lt;/p&gt;&lt;p&gt;Sit nulla quidam et, eam ea legimus deserunt neglegentur. Et veri nostrud vix, meis minimum atomorum ex sea, stet case habemus mea no. Ut dignissim dissentiet his, mei ea delectus delicatissimi, debet dissentiunt te duo. Sonet partiendo et qui, pro et veri solet singulis. Vidit viderer eleifend ad nam. Minimum eligendi suscipit ius et, vis ex laoreet detracto scripserit, at sumo sale solum pro.&lt;/p&gt;&lt;blockquote class=&quot;blockquote&quot;&gt;&lt;p&gt;Ei prima graecis consulatu vix, per cu corpora qualisque voluptaria. Bonorum moderatius in per, ius cu albucius voluptatum. Ne ius torquatos dissentiunt. Brute illum utroque eu quo. Cu tota mediocritatem vis, aliquip cotidieque eu ius, cu lorem suscipit eleifend sit.&lt;/p&gt;&lt;footer class=&quot;blockquote-footer&quot;&gt;John Doe&lt;/footer&gt;&lt;/blockquote&gt;&lt;p&gt;Mei cu diam sonet audiam, his ad impetus fuisset indoctum. Te sit altera qualisque, stet suavitate ne vel. Euismod suavitate duo eu, habemus rationibus neglegentur ei qui. Debet omittam ad usu, ex vero feugait oporteat eos, id usu sint numquam sententiae.&lt;/p&gt;&lt;figure&gt;&lt;img src=&quot;/img/media-2.jpg&quot;&gt;&lt;/figure&gt;&lt;h3&gt;Sit nulla quidam et, eam ea legimus deserunt neglegentur.&lt;/h3&gt;&lt;p&gt;No possim singulis sea, dolores salutatus interpretaris eam ad. An singulis postulant his, an inermis urbanitas mel. Wisi veri noster eu est, diam ridens eum in. Omnium imperdiet patrioque quo in, est sumo persecuti abhorreant ei. Sed feugiat iracundia id, inermis percipit eu has.&lt;/p&gt;&lt;p&gt;In vidit homero ullamcorper his, ea mea senserit constituto, et alia idque congue sit. Postea percipit his ne. Probo movet noluisse in nam, sed ex utroque inermis corrumpit, oratio tation vix at. Usu aperiri assentior at, eam et melius iudicabit pertinacia.&lt;/p&gt;', '2019-09-22 21:06:21', 1),
	(12, 2, 3, 'Post12', 'Lorem ipsum dolor sit amet, consectetur adipiscing elit. Suspendisse ex dui, sagittis sed sodales vitae, laoreet et sem. Cras consectetur nulla id mi finibus suscipit vel mollis risus. Nulla tellus dolor, elementum non fermentum a, pulvinar vitae enim. Ut finibus ipsum lorem, id lobortis arcu pretium sit amet. Maecenas lacinia massa non mauris lacinia ultricies. In elementum mauris risus, et consequat lacus aliquet sed. Nunc eget laoreet est. Maecenas cursus orci at sem cursus consectetur. Donec egestas elementum neque non auctor. Aliquam vitae mauris vestibulum, suscipit nisi vitae, scelerisque libero. Duis ultricies neque elit, et pulvinar nisl facilisis eu.', '&lt;h3&gt;Ea vix periculis sententiae, ea blandit pericula abhorreant pri.&lt;/h3&gt;&lt;p&gt;Lorem ipsum dolor sit amet, mea ad idque detraxit, cu soleat graecis invenire eam. Vidisse suscipit liberavisse has ex, vocibus patrioque vim et, sed ex tation reprehendunt. Mollis volumus no vix, ut qui clita habemus, ipsum senserit est et. Ut has soluta epicurei mediocrem, nibh nostrum his cu, sea clita electram reformidans an.&lt;/p&gt;&lt;p&gt;Est in saepe accusam luptatum. Purto deleniti philosophia eum ea, impetus copiosae id mel. Vis at ignota delenit democritum, te summo tamquam delicata pro. Utinam concludaturque et vim, mei ullum intellegam ei. Eam te illum nostrud, suas sonet corrumpit ea per. Ut sea regione posidonium. Pertinax gubergren ne qui, eos an harum mundi quaestio.&lt;/p&gt;&lt;figure class=&quot;pull-right&quot;&gt;&lt;img src=&quot;/img/media-1.jpg&quot;&gt;&lt;figcaption&gt;Lorem ipsum dolor sit amet, mea ad idque detraxit,&lt;/figcaption&gt;&lt;/figure&gt;&lt;p&gt;Nihil persius id est, iisque tincidunt abhorreant no duo. Eripuit placerat mnesarchum ius at, ei pro laoreet invenire persecuti, per magna tibique scriptorem an. Aeque oportere incorrupte ius ea, utroque erroribus mel in, posse dolore nam in. Per veniam vulputate intellegam et, id usu case reprimique, ne aperiam scaevola sed. Veritus omnesque qui ad. In mei admodum maiorum iracundia, no omnis melius eum, ei erat vivendo his. In pri nonumes suscipit.&lt;/p&gt;&lt;p&gt;Sit nulla quidam et, eam ea legimus deserunt neglegentur. Et veri nostrud vix, meis minimum atomorum ex sea, stet case habemus mea no. Ut dignissim dissentiet his, mei ea delectus delicatissimi, debet dissentiunt te duo. Sonet partiendo et qui, pro et veri solet singulis. Vidit viderer eleifend ad nam. Minimum eligendi suscipit ius et, vis ex laoreet detracto scripserit, at sumo sale solum pro.&lt;/p&gt;&lt;blockquote class=&quot;blockquote&quot;&gt;&lt;p&gt;Ei prima graecis consulatu vix, per cu corpora qualisque voluptaria. Bonorum moderatius in per, ius cu albucius voluptatum. Ne ius torquatos dissentiunt. Brute illum utroque eu quo. Cu tota mediocritatem vis, aliquip cotidieque eu ius, cu lorem suscipit eleifend sit.&lt;/p&gt;&lt;footer class=&quot;blockquote-footer&quot;&gt;John Doe&lt;/footer&gt;&lt;/blockquote&gt;&lt;p&gt;Mei cu diam sonet audiam, his ad impetus fuisset indoctum. Te sit altera qualisque, stet suavitate ne vel. Euismod suavitate duo eu, habemus rationibus neglegentur ei qui. Debet omittam ad usu, ex vero feugait oporteat eos, id usu sint numquam sententiae.&lt;/p&gt;&lt;figure&gt;&lt;img src=&quot;/img/media-2.jpg&quot;&gt;&lt;/figure&gt;&lt;h3&gt;Sit nulla quidam et, eam ea legimus deserunt neglegentur.&lt;/h3&gt;&lt;p&gt;No possim singulis sea, dolores salutatus interpretaris eam ad. An singulis postulant his, an inermis urbanitas mel. Wisi veri noster eu est, diam ridens eum in. Omnium imperdiet patrioque quo in, est sumo persecuti abhorreant ei. Sed feugiat iracundia id, inermis percipit eu has.&lt;/p&gt;&lt;p&gt;In vidit homero ullamcorper his, ea mea senserit constituto, et alia idque congue sit. Postea percipit his ne. Probo movet noluisse in nam, sed ex utroque inermis corrumpit, oratio tation vix at. Usu aperiri assentior at, eam et melius iudicabit pertinacia.&lt;/p&gt;', '2019-09-22 21:08:06', 1),
	(13, 2, 1, 'Post13', 'Lorem ipsum dolor sit amet, consectetur adipiscing elit. Suspendisse ex dui, sagittis sed sodales vitae, laoreet et sem. Cras consectetur nulla id mi finibus suscipit vel mollis risus. Nulla tellus dolor, elementum non fermentum a, pulvinar vitae enim. Ut finibus ipsum lorem, id lobortis arcu pretium sit amet. Maecenas lacinia massa non mauris lacinia ultricies. In elementum mauris risus, et consequat lacus aliquet sed. Nunc eget laoreet est. Maecenas cursus orci at sem cursus consectetur. Donec egestas elementum neque non auctor. Aliquam vitae mauris vestibulum, suscipit nisi vitae, scelerisque libero. Duis ultricies neque elit, et pulvinar nisl facilisis eu.', '&lt;h3&gt;Ea vix periculis sententiae, ea blandit pericula abhorreant pri.&lt;/h3&gt;&lt;p&gt;Lorem ipsum dolor sit amet, mea ad idque detraxit, cu soleat graecis invenire eam. Vidisse suscipit liberavisse has ex, vocibus patrioque vim et, sed ex tation reprehendunt. Mollis volumus no vix, ut qui clita habemus, ipsum senserit est et. Ut has soluta epicurei mediocrem, nibh nostrum his cu, sea clita electram reformidans an.&lt;/p&gt;&lt;p&gt;Est in saepe accusam luptatum. Purto deleniti philosophia eum ea, impetus copiosae id mel. Vis at ignota delenit democritum, te summo tamquam delicata pro. Utinam concludaturque et vim, mei ullum intellegam ei. Eam te illum nostrud, suas sonet corrumpit ea per. Ut sea regione posidonium. Pertinax gubergren ne qui, eos an harum mundi quaestio.&lt;/p&gt;&lt;figure class=&quot;pull-right&quot;&gt;&lt;img src=&quot;/img/media-1.jpg&quot;&gt;&lt;figcaption&gt;Lorem ipsum dolor sit amet, mea ad idque detraxit,&lt;/figcaption&gt;&lt;/figure&gt;&lt;p&gt;Nihil persius id est, iisque tincidunt abhorreant no duo. Eripuit placerat mnesarchum ius at, ei pro laoreet invenire persecuti, per magna tibique scriptorem an. Aeque oportere incorrupte ius ea, utroque erroribus mel in, posse dolore nam in. Per veniam vulputate intellegam et, id usu case reprimique, ne aperiam scaevola sed. Veritus omnesque qui ad. In mei admodum maiorum iracundia, no omnis melius eum, ei erat vivendo his. In pri nonumes suscipit.&lt;/p&gt;&lt;p&gt;Sit nulla quidam et, eam ea legimus deserunt neglegentur. Et veri nostrud vix, meis minimum atomorum ex sea, stet case habemus mea no. Ut dignissim dissentiet his, mei ea delectus delicatissimi, debet dissentiunt te duo. Sonet partiendo et qui, pro et veri solet singulis. Vidit viderer eleifend ad nam. Minimum eligendi suscipit ius et, vis ex laoreet detracto scripserit, at sumo sale solum pro.&lt;/p&gt;&lt;blockquote class=&quot;blockquote&quot;&gt;&lt;p&gt;Ei prima graecis consulatu vix, per cu corpora qualisque voluptaria. Bonorum moderatius in per, ius cu albucius voluptatum. Ne ius torquatos dissentiunt. Brute illum utroque eu quo. Cu tota mediocritatem vis, aliquip cotidieque eu ius, cu lorem suscipit eleifend sit.&lt;/p&gt;&lt;footer class=&quot;blockquote-footer&quot;&gt;John Doe&lt;/footer&gt;&lt;/blockquote&gt;&lt;p&gt;Mei cu diam sonet audiam, his ad impetus fuisset indoctum. Te sit altera qualisque, stet suavitate ne vel. Euismod suavitate duo eu, habemus rationibus neglegentur ei qui. Debet omittam ad usu, ex vero feugait oporteat eos, id usu sint numquam sententiae.&lt;/p&gt;&lt;figure&gt;&lt;img src=&quot;/img/media-2.jpg&quot;&gt;&lt;/figure&gt;&lt;h3&gt;Sit nulla quidam et, eam ea legimus deserunt neglegentur.&lt;/h3&gt;&lt;p&gt;No possim singulis sea, dolores salutatus interpretaris eam ad. An singulis postulant his, an inermis urbanitas mel. Wisi veri noster eu est, diam ridens eum in. Omnium imperdiet patrioque quo in, est sumo persecuti abhorreant ei. Sed feugiat iracundia id, inermis percipit eu has.&lt;/p&gt;&lt;p&gt;In vidit homero ullamcorper his, ea mea senserit constituto, et alia idque congue sit. Postea percipit his ne. Probo movet noluisse in nam, sed ex utroque inermis corrumpit, oratio tation vix at. Usu aperiri assentior at, eam et melius iudicabit pertinacia.&lt;/p&gt;', '2019-10-24 17:03:57', 1),
	(14, 2, 1, 'Post14', 'Lorem ipsum dolor sit amet, consectetur adipiscing elit. Suspendisse ex dui, sagittis sed sodales vitae, laoreet et sem. Cras consectetur nulla id mi finibus suscipit vel mollis risus. Nulla tellus dolor, elementum non fermentum a, pulvinar vitae enim. Ut finibus ipsum lorem, id lobortis arcu pretium sit amet. Maecenas lacinia massa non mauris lacinia ultricies. In elementum mauris risus, et consequat lacus aliquet sed. Nunc eget laoreet est. Maecenas cursus orci at sem cursus consectetur. Donec egestas elementum neque non auctor. Aliquam vitae mauris vestibulum, suscipit nisi vitae, scelerisque libero. Duis ultricies neque elit, et pulvinar nisl facilisis eu.', '&lt;h3&gt;Ea vix periculis sententiae, ea blandit pericula abhorreant pri.&lt;/h3&gt;&lt;p&gt;Lorem ipsum dolor sit amet, mea ad idque detraxit, cu soleat graecis invenire eam. Vidisse suscipit liberavisse has ex, vocibus patrioque vim et, sed ex tation reprehendunt. Mollis volumus no vix, ut qui clita habemus, ipsum senserit est et. Ut has soluta epicurei mediocrem, nibh nostrum his cu, sea clita electram reformidans an.&lt;/p&gt;&lt;p&gt;Est in saepe accusam luptatum. Purto deleniti philosophia eum ea, impetus copiosae id mel. Vis at ignota delenit democritum, te summo tamquam delicata pro. Utinam concludaturque et vim, mei ullum intellegam ei. Eam te illum nostrud, suas sonet corrumpit ea per. Ut sea regione posidonium. Pertinax gubergren ne qui, eos an harum mundi quaestio.&lt;/p&gt;&lt;figure class=&quot;pull-right&quot;&gt;&lt;img src=&quot;/img/media-1.jpg&quot;&gt;&lt;figcaption&gt;Lorem ipsum dolor sit amet, mea ad idque detraxit,&lt;/figcaption&gt;&lt;/figure&gt;&lt;p&gt;Nihil persius id est, iisque tincidunt abhorreant no duo. Eripuit placerat mnesarchum ius at, ei pro laoreet invenire persecuti, per magna tibique scriptorem an. Aeque oportere incorrupte ius ea, utroque erroribus mel in, posse dolore nam in. Per veniam vulputate intellegam et, id usu case reprimique, ne aperiam scaevola sed. Veritus omnesque qui ad. In mei admodum maiorum iracundia, no omnis melius eum, ei erat vivendo his. In pri nonumes suscipit.&lt;/p&gt;&lt;p&gt;Sit nulla quidam et, eam ea legimus deserunt neglegentur. Et veri nostrud vix, meis minimum atomorum ex sea, stet case habemus mea no. Ut dignissim dissentiet his, mei ea delectus delicatissimi, debet dissentiunt te duo. Sonet partiendo et qui, pro et veri solet singulis. Vidit viderer eleifend ad nam. Minimum eligendi suscipit ius et, vis ex laoreet detracto scripserit, at sumo sale solum pro.&lt;/p&gt;&lt;blockquote class=&quot;blockquote&quot;&gt;&lt;p&gt;Ei prima graecis consulatu vix, per cu corpora qualisque voluptaria. Bonorum moderatius in per, ius cu albucius voluptatum. Ne ius torquatos dissentiunt. Brute illum utroque eu quo. Cu tota mediocritatem vis, aliquip cotidieque eu ius, cu lorem suscipit eleifend sit.&lt;/p&gt;&lt;footer class=&quot;blockquote-footer&quot;&gt;John Doe&lt;/footer&gt;&lt;/blockquote&gt;&lt;p&gt;Mei cu diam sonet audiam, his ad impetus fuisset indoctum. Te sit altera qualisque, stet suavitate ne vel. Euismod suavitate duo eu, habemus rationibus neglegentur ei qui. Debet omittam ad usu, ex vero feugait oporteat eos, id usu sint numquam sententiae.&lt;/p&gt;&lt;figure&gt;&lt;img src=&quot;/img/media-2.jpg&quot;&gt;&lt;/figure&gt;&lt;h3&gt;Sit nulla quidam et, eam ea legimus deserunt neglegentur.&lt;/h3&gt;&lt;p&gt;No possim singulis sea, dolores salutatus interpretaris eam ad. An singulis postulant his, an inermis urbanitas mel. Wisi veri noster eu est, diam ridens eum in. Omnium imperdiet patrioque quo in, est sumo persecuti abhorreant ei. Sed feugiat iracundia id, inermis percipit eu has.&lt;/p&gt;&lt;p&gt;In vidit homero ullamcorper his, ea mea senserit constituto, et alia idque congue sit. Postea percipit his ne. Probo movet noluisse in nam, sed ex utroque inermis corrumpit, oratio tation vix at. Usu aperiri assentior at, eam et melius iudicabit pertinacia.&lt;/p&gt;', '2019-10-24 17:04:10', 1),
	(15, 3, 5, 'Post15', 'Lorem ipsum dolor sit amet, consectetur adipiscing elit. Suspendisse ex dui, sagittis sed sodales vitae, laoreet et sem. Cras consectetur nulla id mi finibus suscipit vel mollis risus. Nulla tellus dolor, elementum non fermentum a, pulvinar vitae enim. Ut finibus ipsum lorem, id lobortis arcu pretium sit amet. Maecenas lacinia massa non mauris lacinia ultricies. In elementum mauris risus, et consequat lacus aliquet sed. Nunc eget laoreet est. Maecenas cursus orci at sem cursus consectetur. Donec egestas elementum neque non auctor. Aliquam vitae mauris vestibulum, suscipit nisi vitae, scelerisque libero. Duis ultricies neque elit, et pulvinar nisl facilisis eu.', '&lt;h3&gt;Ea vix periculis sententiae, ea blandit pericula abhorreant pri.&lt;/h3&gt;&lt;p&gt;Lorem ipsum dolor sit amet, mea ad idque detraxit, cu soleat graecis invenire eam. Vidisse suscipit liberavisse has ex, vocibus patrioque vim et, sed ex tation reprehendunt. Mollis volumus no vix, ut qui clita habemus, ipsum senserit est et. Ut has soluta epicurei mediocrem, nibh nostrum his cu, sea clita electram reformidans an.&lt;/p&gt;&lt;p&gt;Est in saepe accusam luptatum. Purto deleniti philosophia eum ea, impetus copiosae id mel. Vis at ignota delenit democritum, te summo tamquam delicata pro. Utinam concludaturque et vim, mei ullum intellegam ei. Eam te illum nostrud, suas sonet corrumpit ea per. Ut sea regione posidonium. Pertinax gubergren ne qui, eos an harum mundi quaestio.&lt;/p&gt;&lt;figure class=&quot;pull-right&quot;&gt;&lt;img src=&quot;/img/media-1.jpg&quot;&gt;&lt;figcaption&gt;Lorem ipsum dolor sit amet, mea ad idque detraxit,&lt;/figcaption&gt;&lt;/figure&gt;&lt;p&gt;Nihil persius id est, iisque tincidunt abhorreant no duo. Eripuit placerat mnesarchum ius at, ei pro laoreet invenire persecuti, per magna tibique scriptorem an. Aeque oportere incorrupte ius ea, utroque erroribus mel in, posse dolore nam in. Per veniam vulputate intellegam et, id usu case reprimique, ne aperiam scaevola sed. Veritus omnesque qui ad. In mei admodum maiorum iracundia, no omnis melius eum, ei erat vivendo his. In pri nonumes suscipit.&lt;/p&gt;&lt;p&gt;Sit nulla quidam et, eam ea legimus deserunt neglegentur. Et veri nostrud vix, meis minimum atomorum ex sea, stet case habemus mea no. Ut dignissim dissentiet his, mei ea delectus delicatissimi, debet dissentiunt te duo. Sonet partiendo et qui, pro et veri solet singulis. Vidit viderer eleifend ad nam. Minimum eligendi suscipit ius et, vis ex laoreet detracto scripserit, at sumo sale solum pro.&lt;/p&gt;&lt;blockquote class=&quot;blockquote&quot;&gt;&lt;p&gt;Ei prima graecis consulatu vix, per cu corpora qualisque voluptaria. Bonorum moderatius in per, ius cu albucius voluptatum. Ne ius torquatos dissentiunt. Brute illum utroque eu quo. Cu tota mediocritatem vis, aliquip cotidieque eu ius, cu lorem suscipit eleifend sit.&lt;/p&gt;&lt;footer class=&quot;blockquote-footer&quot;&gt;John Doe&lt;/footer&gt;&lt;/blockquote&gt;&lt;p&gt;Mei cu diam sonet audiam, his ad impetus fuisset indoctum. Te sit altera qualisque, stet suavitate ne vel. Euismod suavitate duo eu, habemus rationibus neglegentur ei qui. Debet omittam ad usu, ex vero feugait oporteat eos, id usu sint numquam sententiae.&lt;/p&gt;&lt;figure&gt;&lt;img src=&quot;/img/media-2.jpg&quot;&gt;&lt;/figure&gt;&lt;h3&gt;Sit nulla quidam et, eam ea legimus deserunt neglegentur.&lt;/h3&gt;&lt;p&gt;No possim singulis sea, dolores salutatus interpretaris eam ad. An singulis postulant his, an inermis urbanitas mel. Wisi veri noster eu est, diam ridens eum in. Omnium imperdiet patrioque quo in, est sumo persecuti abhorreant ei. Sed feugiat iracundia id, inermis percipit eu has.&lt;/p&gt;&lt;p&gt;In vidit homero ullamcorper his, ea mea senserit constituto, et alia idque congue sit. Postea percipit his ne. Probo movet noluisse in nam, sed ex utroque inermis corrumpit, oratio tation vix at. Usu aperiri assentior at, eam et melius iudicabit pertinacia.&lt;/p&gt;', '2019-10-24 17:04:33', 2),
	(16, 3, 6, 'Post16', 'Lorem ipsum dolor sit amet, consectetur adipiscing elit. Suspendisse ex dui, sagittis sed sodales vitae, laoreet et sem. Cras consectetur nulla id mi finibus suscipit vel mollis risus. Nulla tellus dolor, elementum non fermentum a, pulvinar vitae enim. Ut finibus ipsum lorem, id lobortis arcu pretium sit amet. Maecenas lacinia massa non mauris lacinia ultricies. In elementum mauris risus, et consequat lacus aliquet sed. Nunc eget laoreet est. Maecenas cursus orci at sem cursus consectetur. Donec egestas elementum neque non auctor. Aliquam vitae mauris vestibulum, suscipit nisi vitae, scelerisque libero. Duis ultricies neque elit, et pulvinar nisl facilisis eu.', '&lt;h3&gt;Ea vix periculis sententiae, ea blandit pericula abhorreant pri.&lt;/h3&gt;&lt;p&gt;Lorem ipsum dolor sit amet, mea ad idque detraxit, cu soleat graecis invenire eam. Vidisse suscipit liberavisse has ex, vocibus patrioque vim et, sed ex tation reprehendunt. Mollis volumus no vix, ut qui clita habemus, ipsum senserit est et. Ut has soluta epicurei mediocrem, nibh nostrum his cu, sea clita electram reformidans an.&lt;/p&gt;&lt;p&gt;Est in saepe accusam luptatum. Purto deleniti philosophia eum ea, impetus copiosae id mel. Vis at ignota delenit democritum, te summo tamquam delicata pro. Utinam concludaturque et vim, mei ullum intellegam ei. Eam te illum nostrud, suas sonet corrumpit ea per. Ut sea regione posidonium. Pertinax gubergren ne qui, eos an harum mundi quaestio.&lt;/p&gt;&lt;figure class=&quot;pull-right&quot;&gt;&lt;img src=&quot;/img/media-1.jpg&quot;&gt;&lt;figcaption&gt;Lorem ipsum dolor sit amet, mea ad idque detraxit,&lt;/figcaption&gt;&lt;/figure&gt;&lt;p&gt;Nihil persius id est, iisque tincidunt abhorreant no duo. Eripuit placerat mnesarchum ius at, ei pro laoreet invenire persecuti, per magna tibique scriptorem an. Aeque oportere incorrupte ius ea, utroque erroribus mel in, posse dolore nam in. Per veniam vulputate intellegam et, id usu case reprimique, ne aperiam scaevola sed. Veritus omnesque qui ad. In mei admodum maiorum iracundia, no omnis melius eum, ei erat vivendo his. In pri nonumes suscipit.&lt;/p&gt;&lt;p&gt;Sit nulla quidam et, eam ea legimus deserunt neglegentur. Et veri nostrud vix, meis minimum atomorum ex sea, stet case habemus mea no. Ut dignissim dissentiet his, mei ea delectus delicatissimi, debet dissentiunt te duo. Sonet partiendo et qui, pro et veri solet singulis. Vidit viderer eleifend ad nam. Minimum eligendi suscipit ius et, vis ex laoreet detracto scripserit, at sumo sale solum pro.&lt;/p&gt;&lt;blockquote class=&quot;blockquote&quot;&gt;&lt;p&gt;Ei prima graecis consulatu vix, per cu corpora qualisque voluptaria. Bonorum moderatius in per, ius cu albucius voluptatum. Ne ius torquatos dissentiunt. Brute illum utroque eu quo. Cu tota mediocritatem vis, aliquip cotidieque eu ius, cu lorem suscipit eleifend sit.&lt;/p&gt;&lt;footer class=&quot;blockquote-footer&quot;&gt;John Doe&lt;/footer&gt;&lt;/blockquote&gt;&lt;p&gt;Mei cu diam sonet audiam, his ad impetus fuisset indoctum. Te sit altera qualisque, stet suavitate ne vel. Euismod suavitate duo eu, habemus rationibus neglegentur ei qui. Debet omittam ad usu, ex vero feugait oporteat eos, id usu sint numquam sententiae.&lt;/p&gt;&lt;figure&gt;&lt;img src=&quot;/img/media-2.jpg&quot;&gt;&lt;/figure&gt;&lt;h3&gt;Sit nulla quidam et, eam ea legimus deserunt neglegentur.&lt;/h3&gt;&lt;p&gt;No possim singulis sea, dolores salutatus interpretaris eam ad. An singulis postulant his, an inermis urbanitas mel. Wisi veri noster eu est, diam ridens eum in. Omnium imperdiet patrioque quo in, est sumo persecuti abhorreant ei. Sed feugiat iracundia id, inermis percipit eu has.&lt;/p&gt;&lt;p&gt;In vidit homero ullamcorper his, ea mea senserit constituto, et alia idque congue sit. Postea percipit his ne. Probo movet noluisse in nam, sed ex utroque inermis corrumpit, oratio tation vix at. Usu aperiri assentior at, eam et melius iudicabit pertinacia.&lt;/p&gt;', '2019-10-24 17:04:52', 1),
	(17, 3, 6, 'Post17', 'Lorem ipsum dolor sit amet, consectetur adipiscing elit. Suspendisse ex dui, sagittis sed sodales vitae, laoreet et sem. Cras consectetur nulla id mi finibus suscipit vel mollis risus. Nulla tellus dolor, elementum non fermentum a, pulvinar vitae enim. Ut finibus ipsum lorem, id lobortis arcu pretium sit amet. Maecenas lacinia massa non mauris lacinia ultricies. In elementum mauris risus, et consequat lacus aliquet sed. Nunc eget laoreet est. Maecenas cursus orci at sem cursus consectetur. Donec egestas elementum neque non auctor. Aliquam vitae mauris vestibulum, suscipit nisi vitae, scelerisque libero. Duis ultricies neque elit, et pulvinar nisl facilisis eu.', '&lt;h3&gt;Ea vix periculis sententiae, ea blandit pericula abhorreant pri.&lt;/h3&gt;&lt;p&gt;Lorem ipsum dolor sit amet, mea ad idque detraxit, cu soleat graecis invenire eam. Vidisse suscipit liberavisse has ex, vocibus patrioque vim et, sed ex tation reprehendunt. Mollis volumus no vix, ut qui clita habemus, ipsum senserit est et. Ut has soluta epicurei mediocrem, nibh nostrum his cu, sea clita electram reformidans an.&lt;/p&gt;&lt;p&gt;Est in saepe accusam luptatum. Purto deleniti philosophia eum ea, impetus copiosae id mel. Vis at ignota delenit democritum, te summo tamquam delicata pro. Utinam concludaturque et vim, mei ullum intellegam ei. Eam te illum nostrud, suas sonet corrumpit ea per. Ut sea regione posidonium. Pertinax gubergren ne qui, eos an harum mundi quaestio.&lt;/p&gt;&lt;figure class=&quot;pull-right&quot;&gt;&lt;img src=&quot;/img/media-1.jpg&quot;&gt;&lt;figcaption&gt;Lorem ipsum dolor sit amet, mea ad idque detraxit,&lt;/figcaption&gt;&lt;/figure&gt;&lt;p&gt;Nihil persius id est, iisque tincidunt abhorreant no duo. Eripuit placerat mnesarchum ius at, ei pro laoreet invenire persecuti, per magna tibique scriptorem an. Aeque oportere incorrupte ius ea, utroque erroribus mel in, posse dolore nam in. Per veniam vulputate intellegam et, id usu case reprimique, ne aperiam scaevola sed. Veritus omnesque qui ad. In mei admodum maiorum iracundia, no omnis melius eum, ei erat vivendo his. In pri nonumes suscipit.&lt;/p&gt;&lt;p&gt;Sit nulla quidam et, eam ea legimus deserunt neglegentur. Et veri nostrud vix, meis minimum atomorum ex sea, stet case habemus mea no. Ut dignissim dissentiet his, mei ea delectus delicatissimi, debet dissentiunt te duo. Sonet partiendo et qui, pro et veri solet singulis. Vidit viderer eleifend ad nam. Minimum eligendi suscipit ius et, vis ex laoreet detracto scripserit, at sumo sale solum pro.&lt;/p&gt;&lt;blockquote class=&quot;blockquote&quot;&gt;&lt;p&gt;Ei prima graecis consulatu vix, per cu corpora qualisque voluptaria. Bonorum moderatius in per, ius cu albucius voluptatum. Ne ius torquatos dissentiunt. Brute illum utroque eu quo. Cu tota mediocritatem vis, aliquip cotidieque eu ius, cu lorem suscipit eleifend sit.&lt;/p&gt;&lt;footer class=&quot;blockquote-footer&quot;&gt;John Doe&lt;/footer&gt;&lt;/blockquote&gt;&lt;p&gt;Mei cu diam sonet audiam, his ad impetus fuisset indoctum. Te sit altera qualisque, stet suavitate ne vel. Euismod suavitate duo eu, habemus rationibus neglegentur ei qui. Debet omittam ad usu, ex vero feugait oporteat eos, id usu sint numquam sententiae.&lt;/p&gt;&lt;figure&gt;&lt;img src=&quot;/img/media-2.jpg&quot;&gt;&lt;/figure&gt;&lt;h3&gt;Sit nulla quidam et, eam ea legimus deserunt neglegentur.&lt;/h3&gt;&lt;p&gt;No possim singulis sea, dolores salutatus interpretaris eam ad. An singulis postulant his, an inermis urbanitas mel. Wisi veri noster eu est, diam ridens eum in. Omnium imperdiet patrioque quo in, est sumo persecuti abhorreant ei. Sed feugiat iracundia id, inermis percipit eu has.&lt;/p&gt;&lt;p&gt;In vidit homero ullamcorper his, ea mea senserit constituto, et alia idque congue sit. Postea percipit his ne. Probo movet noluisse in nam, sed ex utroque inermis corrumpit, oratio tation vix at. Usu aperiri assentior at, eam et melius iudicabit pertinacia.&lt;/p&gt;', '2019-10-24 17:04:52', 1),
	(18, 3, 6, 'Post18', 'Lorem ipsum dolor sit amet, consectetur adipiscing elit. Suspendisse ex dui, sagittis sed sodales vitae, laoreet et sem. Cras consectetur nulla id mi finibus suscipit vel mollis risus. Nulla tellus dolor, elementum non fermentum a, pulvinar vitae enim. Ut finibus ipsum lorem, id lobortis arcu pretium sit amet. Maecenas lacinia massa non mauris lacinia ultricies. In elementum mauris risus, et consequat lacus aliquet sed. Nunc eget laoreet est. Maecenas cursus orci at sem cursus consectetur. Donec egestas elementum neque non auctor. Aliquam vitae mauris vestibulum, suscipit nisi vitae, scelerisque libero. Duis ultricies neque elit, et pulvinar nisl facilisis eu.', '&lt;h3&gt;Ea vix periculis sententiae, ea blandit pericula abhorreant pri.&lt;/h3&gt;&lt;p&gt;Lorem ipsum dolor sit amet, mea ad idque detraxit, cu soleat graecis invenire eam. Vidisse suscipit liberavisse has ex, vocibus patrioque vim et, sed ex tation reprehendunt. Mollis volumus no vix, ut qui clita habemus, ipsum senserit est et. Ut has soluta epicurei mediocrem, nibh nostrum his cu, sea clita electram reformidans an.&lt;/p&gt;&lt;p&gt;Est in saepe accusam luptatum. Purto deleniti philosophia eum ea, impetus copiosae id mel. Vis at ignota delenit democritum, te summo tamquam delicata pro. Utinam concludaturque et vim, mei ullum intellegam ei. Eam te illum nostrud, suas sonet corrumpit ea per. Ut sea regione posidonium. Pertinax gubergren ne qui, eos an harum mundi quaestio.&lt;/p&gt;&lt;figure class=&quot;pull-right&quot;&gt;&lt;img src=&quot;/img/media-1.jpg&quot;&gt;&lt;figcaption&gt;Lorem ipsum dolor sit amet, mea ad idque detraxit,&lt;/figcaption&gt;&lt;/figure&gt;&lt;p&gt;Nihil persius id est, iisque tincidunt abhorreant no duo. Eripuit placerat mnesarchum ius at, ei pro laoreet invenire persecuti, per magna tibique scriptorem an. Aeque oportere incorrupte ius ea, utroque erroribus mel in, posse dolore nam in. Per veniam vulputate intellegam et, id usu case reprimique, ne aperiam scaevola sed. Veritus omnesque qui ad. In mei admodum maiorum iracundia, no omnis melius eum, ei erat vivendo his. In pri nonumes suscipit.&lt;/p&gt;&lt;p&gt;Sit nulla quidam et, eam ea legimus deserunt neglegentur. Et veri nostrud vix, meis minimum atomorum ex sea, stet case habemus mea no. Ut dignissim dissentiet his, mei ea delectus delicatissimi, debet dissentiunt te duo. Sonet partiendo et qui, pro et veri solet singulis. Vidit viderer eleifend ad nam. Minimum eligendi suscipit ius et, vis ex laoreet detracto scripserit, at sumo sale solum pro.&lt;/p&gt;&lt;blockquote class=&quot;blockquote&quot;&gt;&lt;p&gt;Ei prima graecis consulatu vix, per cu corpora qualisque voluptaria. Bonorum moderatius in per, ius cu albucius voluptatum. Ne ius torquatos dissentiunt. Brute illum utroque eu quo. Cu tota mediocritatem vis, aliquip cotidieque eu ius, cu lorem suscipit eleifend sit.&lt;/p&gt;&lt;footer class=&quot;blockquote-footer&quot;&gt;John Doe&lt;/footer&gt;&lt;/blockquote&gt;&lt;p&gt;Mei cu diam sonet audiam, his ad impetus fuisset indoctum. Te sit altera qualisque, stet suavitate ne vel. Euismod suavitate duo eu, habemus rationibus neglegentur ei qui. Debet omittam ad usu, ex vero feugait oporteat eos, id usu sint numquam sententiae.&lt;/p&gt;&lt;figure&gt;&lt;img src=&quot;/img/media-2.jpg&quot;&gt;&lt;/figure&gt;&lt;h3&gt;Sit nulla quidam et, eam ea legimus deserunt neglegentur.&lt;/h3&gt;&lt;p&gt;No possim singulis sea, dolores salutatus interpretaris eam ad. An singulis postulant his, an inermis urbanitas mel. Wisi veri noster eu est, diam ridens eum in. Omnium imperdiet patrioque quo in, est sumo persecuti abhorreant ei. Sed feugiat iracundia id, inermis percipit eu has.&lt;/p&gt;&lt;p&gt;In vidit homero ullamcorper his, ea mea senserit constituto, et alia idque congue sit. Postea percipit his ne. Probo movet noluisse in nam, sed ex utroque inermis corrumpit, oratio tation vix at. Usu aperiri assentior at, eam et melius iudicabit pertinacia.&lt;/p&gt;', '2019-10-24 17:04:52', 1),
	(19, 3, 6, 'Post19', 'Lorem ipsum dolor sit amet, consectetur adipiscing elit. Suspendisse ex dui, sagittis sed sodales vitae, laoreet et sem. Cras consectetur nulla id mi finibus suscipit vel mollis risus. Nulla tellus dolor, elementum non fermentum a, pulvinar vitae enim. Ut finibus ipsum lorem, id lobortis arcu pretium sit amet. Maecenas lacinia massa non mauris lacinia ultricies. In elementum mauris risus, et consequat lacus aliquet sed. Nunc eget laoreet est. Maecenas cursus orci at sem cursus consectetur. Donec egestas elementum neque non auctor. Aliquam vitae mauris vestibulum, suscipit nisi vitae, scelerisque libero. Duis ultricies neque elit, et pulvinar nisl facilisis eu.', '&lt;h3&gt;Ea vix periculis sententiae, ea blandit pericula abhorreant pri.&lt;/h3&gt;&lt;p&gt;Lorem ipsum dolor sit amet, mea ad idque detraxit, cu soleat graecis invenire eam. Vidisse suscipit liberavisse has ex, vocibus patrioque vim et, sed ex tation reprehendunt. Mollis volumus no vix, ut qui clita habemus, ipsum senserit est et. Ut has soluta epicurei mediocrem, nibh nostrum his cu, sea clita electram reformidans an.&lt;/p&gt;&lt;p&gt;Est in saepe accusam luptatum. Purto deleniti philosophia eum ea, impetus copiosae id mel. Vis at ignota delenit democritum, te summo tamquam delicata pro. Utinam concludaturque et vim, mei ullum intellegam ei. Eam te illum nostrud, suas sonet corrumpit ea per. Ut sea regione posidonium. Pertinax gubergren ne qui, eos an harum mundi quaestio.&lt;/p&gt;&lt;figure class=&quot;pull-right&quot;&gt;&lt;img src=&quot;/img/media-1.jpg&quot;&gt;&lt;figcaption&gt;Lorem ipsum dolor sit amet, mea ad idque detraxit,&lt;/figcaption&gt;&lt;/figure&gt;&lt;p&gt;Nihil persius id est, iisque tincidunt abhorreant no duo. Eripuit placerat mnesarchum ius at, ei pro laoreet invenire persecuti, per magna tibique scriptorem an. Aeque oportere incorrupte ius ea, utroque erroribus mel in, posse dolore nam in. Per veniam vulputate intellegam et, id usu case reprimique, ne aperiam scaevola sed. Veritus omnesque qui ad. In mei admodum maiorum iracundia, no omnis melius eum, ei erat vivendo his. In pri nonumes suscipit.&lt;/p&gt;&lt;p&gt;Sit nulla quidam et, eam ea legimus deserunt neglegentur. Et veri nostrud vix, meis minimum atomorum ex sea, stet case habemus mea no. Ut dignissim dissentiet his, mei ea delectus delicatissimi, debet dissentiunt te duo. Sonet partiendo et qui, pro et veri solet singulis. Vidit viderer eleifend ad nam. Minimum eligendi suscipit ius et, vis ex laoreet detracto scripserit, at sumo sale solum pro.&lt;/p&gt;&lt;blockquote class=&quot;blockquote&quot;&gt;&lt;p&gt;Ei prima graecis consulatu vix, per cu corpora qualisque voluptaria. Bonorum moderatius in per, ius cu albucius voluptatum. Ne ius torquatos dissentiunt. Brute illum utroque eu quo. Cu tota mediocritatem vis, aliquip cotidieque eu ius, cu lorem suscipit eleifend sit.&lt;/p&gt;&lt;footer class=&quot;blockquote-footer&quot;&gt;John Doe&lt;/footer&gt;&lt;/blockquote&gt;&lt;p&gt;Mei cu diam sonet audiam, his ad impetus fuisset indoctum. Te sit altera qualisque, stet suavitate ne vel. Euismod suavitate duo eu, habemus rationibus neglegentur ei qui. Debet omittam ad usu, ex vero feugait oporteat eos, id usu sint numquam sententiae.&lt;/p&gt;&lt;figure&gt;&lt;img src=&quot;/img/media-2.jpg&quot;&gt;&lt;/figure&gt;&lt;h3&gt;Sit nulla quidam et, eam ea legimus deserunt neglegentur.&lt;/h3&gt;&lt;p&gt;No possim singulis sea, dolores salutatus interpretaris eam ad. An singulis postulant his, an inermis urbanitas mel. Wisi veri noster eu est, diam ridens eum in. Omnium imperdiet patrioque quo in, est sumo persecuti abhorreant ei. Sed feugiat iracundia id, inermis percipit eu has.&lt;/p&gt;&lt;p&gt;In vidit homero ullamcorper his, ea mea senserit constituto, et alia idque congue sit. Postea percipit his ne. Probo movet noluisse in nam, sed ex utroque inermis corrumpit, oratio tation vix at. Usu aperiri assentior at, eam et melius iudicabit pertinacia.&lt;/p&gt;', '2019-10-24 17:04:52', 1),
	(20, 3, 6, 'Post20', 'Lorem ipsum dolor sit amet, consectetur adipiscing elit. Suspendisse ex dui, sagittis sed sodales vitae, laoreet et sem. Cras consectetur nulla id mi finibus suscipit vel mollis risus. Nulla tellus dolor, elementum non fermentum a, pulvinar vitae enim. Ut finibus ipsum lorem, id lobortis arcu pretium sit amet. Maecenas lacinia massa non mauris lacinia ultricies. In elementum mauris risus, et consequat lacus aliquet sed. Nunc eget laoreet est. Maecenas cursus orci at sem cursus consectetur. Donec egestas elementum neque non auctor. Aliquam vitae mauris vestibulum, suscipit nisi vitae, scelerisque libero. Duis ultricies neque elit, et pulvinar nisl facilisis eu.', '&lt;h3&gt;Ea vix periculis sententiae, ea blandit pericula abhorreant pri.&lt;/h3&gt;&lt;p&gt;Lorem ipsum dolor sit amet, mea ad idque detraxit, cu soleat graecis invenire eam. Vidisse suscipit liberavisse has ex, vocibus patrioque vim et, sed ex tation reprehendunt. Mollis volumus no vix, ut qui clita habemus, ipsum senserit est et. Ut has soluta epicurei mediocrem, nibh nostrum his cu, sea clita electram reformidans an.&lt;/p&gt;&lt;p&gt;Est in saepe accusam luptatum. Purto deleniti philosophia eum ea, impetus copiosae id mel. Vis at ignota delenit democritum, te summo tamquam delicata pro. Utinam concludaturque et vim, mei ullum intellegam ei. Eam te illum nostrud, suas sonet corrumpit ea per. Ut sea regione posidonium. Pertinax gubergren ne qui, eos an harum mundi quaestio.&lt;/p&gt;&lt;figure class=&quot;pull-right&quot;&gt;&lt;img src=&quot;/img/media-1.jpg&quot;&gt;&lt;figcaption&gt;Lorem ipsum dolor sit amet, mea ad idque detraxit,&lt;/figcaption&gt;&lt;/figure&gt;&lt;p&gt;Nihil persius id est, iisque tincidunt abhorreant no duo. Eripuit placerat mnesarchum ius at, ei pro laoreet invenire persecuti, per magna tibique scriptorem an. Aeque oportere incorrupte ius ea, utroque erroribus mel in, posse dolore nam in. Per veniam vulputate intellegam et, id usu case reprimique, ne aperiam scaevola sed. Veritus omnesque qui ad. In mei admodum maiorum iracundia, no omnis melius eum, ei erat vivendo his. In pri nonumes suscipit.&lt;/p&gt;&lt;p&gt;Sit nulla quidam et, eam ea legimus deserunt neglegentur. Et veri nostrud vix, meis minimum atomorum ex sea, stet case habemus mea no. Ut dignissim dissentiet his, mei ea delectus delicatissimi, debet dissentiunt te duo. Sonet partiendo et qui, pro et veri solet singulis. Vidit viderer eleifend ad nam. Minimum eligendi suscipit ius et, vis ex laoreet detracto scripserit, at sumo sale solum pro.&lt;/p&gt;&lt;blockquote class=&quot;blockquote&quot;&gt;&lt;p&gt;Ei prima graecis consulatu vix, per cu corpora qualisque voluptaria. Bonorum moderatius in per, ius cu albucius voluptatum. Ne ius torquatos dissentiunt. Brute illum utroque eu quo. Cu tota mediocritatem vis, aliquip cotidieque eu ius, cu lorem suscipit eleifend sit.&lt;/p&gt;&lt;footer class=&quot;blockquote-footer&quot;&gt;John Doe&lt;/footer&gt;&lt;/blockquote&gt;&lt;p&gt;Mei cu diam sonet audiam, his ad impetus fuisset indoctum. Te sit altera qualisque, stet suavitate ne vel. Euismod suavitate duo eu, habemus rationibus neglegentur ei qui. Debet omittam ad usu, ex vero feugait oporteat eos, id usu sint numquam sententiae.&lt;/p&gt;&lt;figure&gt;&lt;img src=&quot;/img/media-2.jpg&quot;&gt;&lt;/figure&gt;&lt;h3&gt;Sit nulla quidam et, eam ea legimus deserunt neglegentur.&lt;/h3&gt;&lt;p&gt;No possim singulis sea, dolores salutatus interpretaris eam ad. An singulis postulant his, an inermis urbanitas mel. Wisi veri noster eu est, diam ridens eum in. Omnium imperdiet patrioque quo in, est sumo persecuti abhorreant ei. Sed feugiat iracundia id, inermis percipit eu has.&lt;/p&gt;&lt;p&gt;In vidit homero ullamcorper his, ea mea senserit constituto, et alia idque congue sit. Postea percipit his ne. Probo movet noluisse in nam, sed ex utroque inermis corrumpit, oratio tation vix at. Usu aperiri assentior at, eam et melius iudicabit pertinacia.&lt;/p&gt;', '2019-10-24 17:04:52', 1),
	(21, 3, 6, 'Post21', 'Lorem ipsum dolor sit amet, consectetur adipiscing elit. Suspendisse ex dui, sagittis sed sodales vitae, laoreet et sem. Cras consectetur nulla id mi finibus suscipit vel mollis risus. Nulla tellus dolor, elementum non fermentum a, pulvinar vitae enim. Ut finibus ipsum lorem, id lobortis arcu pretium sit amet. Maecenas lacinia massa non mauris lacinia ultricies. In elementum mauris risus, et consequat lacus aliquet sed. Nunc eget laoreet est. Maecenas cursus orci at sem cursus consectetur. Donec egestas elementum neque non auctor. Aliquam vitae mauris vestibulum, suscipit nisi vitae, scelerisque libero. Duis ultricies neque elit, et pulvinar nisl facilisis eu.', '&lt;h3&gt;Ea vix periculis sententiae, ea blandit pericula abhorreant pri.&lt;/h3&gt;&lt;p&gt;Lorem ipsum dolor sit amet, mea ad idque detraxit, cu soleat graecis invenire eam. Vidisse suscipit liberavisse has ex, vocibus patrioque vim et, sed ex tation reprehendunt. Mollis volumus no vix, ut qui clita habemus, ipsum senserit est et. Ut has soluta epicurei mediocrem, nibh nostrum his cu, sea clita electram reformidans an.&lt;/p&gt;&lt;p&gt;Est in saepe accusam luptatum. Purto deleniti philosophia eum ea, impetus copiosae id mel. Vis at ignota delenit democritum, te summo tamquam delicata pro. Utinam concludaturque et vim, mei ullum intellegam ei. Eam te illum nostrud, suas sonet corrumpit ea per. Ut sea regione posidonium. Pertinax gubergren ne qui, eos an harum mundi quaestio.&lt;/p&gt;&lt;figure class=&quot;pull-right&quot;&gt;&lt;img src=&quot;/img/media-1.jpg&quot;&gt;&lt;figcaption&gt;Lorem ipsum dolor sit amet, mea ad idque detraxit,&lt;/figcaption&gt;&lt;/figure&gt;&lt;p&gt;Nihil persius id est, iisque tincidunt abhorreant no duo. Eripuit placerat mnesarchum ius at, ei pro laoreet invenire persecuti, per magna tibique scriptorem an. Aeque oportere incorrupte ius ea, utroque erroribus mel in, posse dolore nam in. Per veniam vulputate intellegam et, id usu case reprimique, ne aperiam scaevola sed. Veritus omnesque qui ad. In mei admodum maiorum iracundia, no omnis melius eum, ei erat vivendo his. In pri nonumes suscipit.&lt;/p&gt;&lt;p&gt;Sit nulla quidam et, eam ea legimus deserunt neglegentur. Et veri nostrud vix, meis minimum atomorum ex sea, stet case habemus mea no. Ut dignissim dissentiet his, mei ea delectus delicatissimi, debet dissentiunt te duo. Sonet partiendo et qui, pro et veri solet singulis. Vidit viderer eleifend ad nam. Minimum eligendi suscipit ius et, vis ex laoreet detracto scripserit, at sumo sale solum pro.&lt;/p&gt;&lt;blockquote class=&quot;blockquote&quot;&gt;&lt;p&gt;Ei prima graecis consulatu vix, per cu corpora qualisque voluptaria. Bonorum moderatius in per, ius cu albucius voluptatum. Ne ius torquatos dissentiunt. Brute illum utroque eu quo. Cu tota mediocritatem vis, aliquip cotidieque eu ius, cu lorem suscipit eleifend sit.&lt;/p&gt;&lt;footer class=&quot;blockquote-footer&quot;&gt;John Doe&lt;/footer&gt;&lt;/blockquote&gt;&lt;p&gt;Mei cu diam sonet audiam, his ad impetus fuisset indoctum. Te sit altera qualisque, stet suavitate ne vel. Euismod suavitate duo eu, habemus rationibus neglegentur ei qui. Debet omittam ad usu, ex vero feugait oporteat eos, id usu sint numquam sententiae.&lt;/p&gt;&lt;figure&gt;&lt;img src=&quot;/img/media-2.jpg&quot;&gt;&lt;/figure&gt;&lt;h3&gt;Sit nulla quidam et, eam ea legimus deserunt neglegentur.&lt;/h3&gt;&lt;p&gt;No possim singulis sea, dolores salutatus interpretaris eam ad. An singulis postulant his, an inermis urbanitas mel. Wisi veri noster eu est, diam ridens eum in. Omnium imperdiet patrioque quo in, est sumo persecuti abhorreant ei. Sed feugiat iracundia id, inermis percipit eu has.&lt;/p&gt;&lt;p&gt;In vidit homero ullamcorper his, ea mea senserit constituto, et alia idque congue sit. Postea percipit his ne. Probo movet noluisse in nam, sed ex utroque inermis corrumpit, oratio tation vix at. Usu aperiri assentior at, eam et melius iudicabit pertinacia.&lt;/p&gt;', '2019-10-24 17:04:52', 1),
	(23, 3, 6, 'Post23', 'Lorem ipsum dolor sit amet, consectetur adipiscing elit. Suspendisse ex dui, sagittis sed sodales vitae, laoreet et sem. Cras consectetur nulla id mi finibus suscipit vel mollis risus. Nulla tellus dolor, elementum non fermentum a, pulvinar vitae enim. Ut finibus ipsum lorem, id lobortis arcu pretium sit amet. Maecenas lacinia massa non mauris lacinia ultricies. In elementum mauris risus, et consequat lacus aliquet sed. Nunc eget laoreet est. Maecenas cursus orci at sem cursus consectetur. Donec egestas elementum neque non auctor. Aliquam vitae mauris vestibulum, suscipit nisi vitae, scelerisque libero. Duis ultricies neque elit, et pulvinar nisl facilisis eu.', '&lt;h3&gt;Ea vix periculis sententiae, ea blandit pericula abhorreant pri.&lt;/h3&gt;&lt;p&gt;Lorem ipsum dolor sit amet, mea ad idque detraxit, cu soleat graecis invenire eam. Vidisse suscipit liberavisse has ex, vocibus patrioque vim et, sed ex tation reprehendunt. Mollis volumus no vix, ut qui clita habemus, ipsum senserit est et. Ut has soluta epicurei mediocrem, nibh nostrum his cu, sea clita electram reformidans an.&lt;/p&gt;&lt;p&gt;Est in saepe accusam luptatum. Purto deleniti philosophia eum ea, impetus copiosae id mel. Vis at ignota delenit democritum, te summo tamquam delicata pro. Utinam concludaturque et vim, mei ullum intellegam ei. Eam te illum nostrud, suas sonet corrumpit ea per. Ut sea regione posidonium. Pertinax gubergren ne qui, eos an harum mundi quaestio.&lt;/p&gt;&lt;figure class=&quot;pull-right&quot;&gt;&lt;img src=&quot;/img/media-1.jpg&quot;&gt;&lt;figcaption&gt;Lorem ipsum dolor sit amet, mea ad idque detraxit,&lt;/figcaption&gt;&lt;/figure&gt;&lt;p&gt;Nihil persius id est, iisque tincidunt abhorreant no duo. Eripuit placerat mnesarchum ius at, ei pro laoreet invenire persecuti, per magna tibique scriptorem an. Aeque oportere incorrupte ius ea, utroque erroribus mel in, posse dolore nam in. Per veniam vulputate intellegam et, id usu case reprimique, ne aperiam scaevola sed. Veritus omnesque qui ad. In mei admodum maiorum iracundia, no omnis melius eum, ei erat vivendo his. In pri nonumes suscipit.&lt;/p&gt;&lt;p&gt;Sit nulla quidam et, eam ea legimus deserunt neglegentur. Et veri nostrud vix, meis minimum atomorum ex sea, stet case habemus mea no. Ut dignissim dissentiet his, mei ea delectus delicatissimi, debet dissentiunt te duo. Sonet partiendo et qui, pro et veri solet singulis. Vidit viderer eleifend ad nam. Minimum eligendi suscipit ius et, vis ex laoreet detracto scripserit, at sumo sale solum pro.&lt;/p&gt;&lt;blockquote class=&quot;blockquote&quot;&gt;&lt;p&gt;Ei prima graecis consulatu vix, per cu corpora qualisque voluptaria. Bonorum moderatius in per, ius cu albucius voluptatum. Ne ius torquatos dissentiunt. Brute illum utroque eu quo. Cu tota mediocritatem vis, aliquip cotidieque eu ius, cu lorem suscipit eleifend sit.&lt;/p&gt;&lt;footer class=&quot;blockquote-footer&quot;&gt;John Doe&lt;/footer&gt;&lt;/blockquote&gt;&lt;p&gt;Mei cu diam sonet audiam, his ad impetus fuisset indoctum. Te sit altera qualisque, stet suavitate ne vel. Euismod suavitate duo eu, habemus rationibus neglegentur ei qui. Debet omittam ad usu, ex vero feugait oporteat eos, id usu sint numquam sententiae.&lt;/p&gt;&lt;figure&gt;&lt;img src=&quot;/img/media-2.jpg&quot;&gt;&lt;/figure&gt;&lt;h3&gt;Sit nulla quidam et, eam ea legimus deserunt neglegentur.&lt;/h3&gt;&lt;p&gt;No possim singulis sea, dolores salutatus interpretaris eam ad. An singulis postulant his, an inermis urbanitas mel. Wisi veri noster eu est, diam ridens eum in. Omnium imperdiet patrioque quo in, est sumo persecuti abhorreant ei. Sed feugiat iracundia id, inermis percipit eu has.&lt;/p&gt;&lt;p&gt;In vidit homero ullamcorper his, ea mea senserit constituto, et alia idque congue sit. Postea percipit his ne. Probo movet noluisse in nam, sed ex utroque inermis corrumpit, oratio tation vix at. Usu aperiri assentior at, eam et melius iudicabit pertinacia.&lt;/p&gt;', '2019-10-24 17:04:52', 1),
	(22, 3, 6, 'Post22', 'Lorem ipsum dolor sit amet, consectetur adipiscing elit. Suspendisse ex dui, sagittis sed sodales vitae, laoreet et sem. Cras consectetur nulla id mi finibus suscipit vel mollis risus. Nulla tellus dolor, elementum non fermentum a, pulvinar vitae enim. Ut finibus ipsum lorem, id lobortis arcu pretium sit amet. Maecenas lacinia massa non mauris lacinia ultricies. In elementum mauris risus, et consequat lacus aliquet sed. Nunc eget laoreet est. Maecenas cursus orci at sem cursus consectetur. Donec egestas elementum neque non auctor. Aliquam vitae mauris vestibulum, suscipit nisi vitae, scelerisque libero. Duis ultricies neque elit, et pulvinar nisl facilisis eu.', '&lt;h3&gt;Ea vix periculis sententiae, ea blandit pericula abhorreant pri.&lt;/h3&gt;&lt;p&gt;Lorem ipsum dolor sit amet, mea ad idque detraxit, cu soleat graecis invenire eam. Vidisse suscipit liberavisse has ex, vocibus patrioque vim et, sed ex tation reprehendunt. Mollis volumus no vix, ut qui clita habemus, ipsum senserit est et. Ut has soluta epicurei mediocrem, nibh nostrum his cu, sea clita electram reformidans an.&lt;/p&gt;&lt;p&gt;Est in saepe accusam luptatum. Purto deleniti philosophia eum ea, impetus copiosae id mel. Vis at ignota delenit democritum, te summo tamquam delicata pro. Utinam concludaturque et vim, mei ullum intellegam ei. Eam te illum nostrud, suas sonet corrumpit ea per. Ut sea regione posidonium. Pertinax gubergren ne qui, eos an harum mundi quaestio.&lt;/p&gt;&lt;figure class=&quot;pull-right&quot;&gt;&lt;img src=&quot;/img/media-1.jpg&quot;&gt;&lt;figcaption&gt;Lorem ipsum dolor sit amet, mea ad idque detraxit,&lt;/figcaption&gt;&lt;/figure&gt;&lt;p&gt;Nihil persius id est, iisque tincidunt abhorreant no duo. Eripuit placerat mnesarchum ius at, ei pro laoreet invenire persecuti, per magna tibique scriptorem an. Aeque oportere incorrupte ius ea, utroque erroribus mel in, posse dolore nam in. Per veniam vulputate intellegam et, id usu case reprimique, ne aperiam scaevola sed. Veritus omnesque qui ad. In mei admodum maiorum iracundia, no omnis melius eum, ei erat vivendo his. In pri nonumes suscipit.&lt;/p&gt;&lt;p&gt;Sit nulla quidam et, eam ea legimus deserunt neglegentur. Et veri nostrud vix, meis minimum atomorum ex sea, stet case habemus mea no. Ut dignissim dissentiet his, mei ea delectus delicatissimi, debet dissentiunt te duo. Sonet partiendo et qui, pro et veri solet singulis. Vidit viderer eleifend ad nam. Minimum eligendi suscipit ius et, vis ex laoreet detracto scripserit, at sumo sale solum pro.&lt;/p&gt;&lt;blockquote class=&quot;blockquote&quot;&gt;&lt;p&gt;Ei prima graecis consulatu vix, per cu corpora qualisque voluptaria. Bonorum moderatius in per, ius cu albucius voluptatum. Ne ius torquatos dissentiunt. Brute illum utroque eu quo. Cu tota mediocritatem vis, aliquip cotidieque eu ius, cu lorem suscipit eleifend sit.&lt;/p&gt;&lt;footer class=&quot;blockquote-footer&quot;&gt;John Doe&lt;/footer&gt;&lt;/blockquote&gt;&lt;p&gt;Mei cu diam sonet audiam, his ad impetus fuisset indoctum. Te sit altera qualisque, stet suavitate ne vel. Euismod suavitate duo eu, habemus rationibus neglegentur ei qui. Debet omittam ad usu, ex vero feugait oporteat eos, id usu sint numquam sententiae.&lt;/p&gt;&lt;figure&gt;&lt;img src=&quot;/img/media-2.jpg&quot;&gt;&lt;/figure&gt;&lt;h3&gt;Sit nulla quidam et, eam ea legimus deserunt neglegentur.&lt;/h3&gt;&lt;p&gt;No possim singulis sea, dolores salutatus interpretaris eam ad. An singulis postulant his, an inermis urbanitas mel. Wisi veri noster eu est, diam ridens eum in. Omnium imperdiet patrioque quo in, est sumo persecuti abhorreant ei. Sed feugiat iracundia id, inermis percipit eu has.&lt;/p&gt;&lt;p&gt;In vidit homero ullamcorper his, ea mea senserit constituto, et alia idque congue sit. Postea percipit his ne. Probo movet noluisse in nam, sed ex utroque inermis corrumpit, oratio tation vix at. Usu aperiri assentior at, eam et melius iudicabit pertinacia.&lt;/p&gt;', '2019-10-24 17:04:52', 1),
	(24, 4, 6, 'Post24', 'Lorem ipsum dolor sit amet, consectetur adipiscing elit. Suspendisse ex dui, sagittis sed sodales vitae, laoreet et sem. Cras consectetur nulla id mi finibus suscipit vel mollis risus. Nulla tellus dolor, elementum non fermentum a, pulvinar vitae enim. Ut finibus ipsum lorem, id lobortis arcu pretium sit amet. Maecenas lacinia massa non mauris lacinia ultricies. In elementum mauris risus, et consequat lacus aliquet sed. Nunc eget laoreet est. Maecenas cursus orci at sem cursus consectetur. Donec egestas elementum neque non auctor. Aliquam vitae mauris vestibulum, suscipit nisi vitae, scelerisque libero. Duis ultricies neque elit, et pulvinar nisl facilisis eu.', '&lt;h3&gt;Ea vix periculis sententiae, ea blandit pericula abhorreant pri.&lt;/h3&gt;&lt;p&gt;Lorem ipsum dolor sit amet, mea ad idque detraxit, cu soleat graecis invenire eam. Vidisse suscipit liberavisse has ex, vocibus patrioque vim et, sed ex tation reprehendunt. Mollis volumus no vix, ut qui clita habemus, ipsum senserit est et. Ut has soluta epicurei mediocrem, nibh nostrum his cu, sea clita electram reformidans an.&lt;/p&gt;&lt;p&gt;Est in saepe accusam luptatum. Purto deleniti philosophia eum ea, impetus copiosae id mel. Vis at ignota delenit democritum, te summo tamquam delicata pro. Utinam concludaturque et vim, mei ullum intellegam ei. Eam te illum nostrud, suas sonet corrumpit ea per. Ut sea regione posidonium. Pertinax gubergren ne qui, eos an harum mundi quaestio.&lt;/p&gt;&lt;figure class=&quot;pull-right&quot;&gt;&lt;img src=&quot;/img/media-1.jpg&quot;&gt;&lt;figcaption&gt;Lorem ipsum dolor sit amet, mea ad idque detraxit,&lt;/figcaption&gt;&lt;/figure&gt;&lt;p&gt;Nihil persius id est, iisque tincidunt abhorreant no duo. Eripuit placerat mnesarchum ius at, ei pro laoreet invenire persecuti, per magna tibique scriptorem an. Aeque oportere incorrupte ius ea, utroque erroribus mel in, posse dolore nam in. Per veniam vulputate intellegam et, id usu case reprimique, ne aperiam scaevola sed. Veritus omnesque qui ad. In mei admodum maiorum iracundia, no omnis melius eum, ei erat vivendo his. In pri nonumes suscipit.&lt;/p&gt;&lt;p&gt;Sit nulla quidam et, eam ea legimus deserunt neglegentur. Et veri nostrud vix, meis minimum atomorum ex sea, stet case habemus mea no. Ut dignissim dissentiet his, mei ea delectus delicatissimi, debet dissentiunt te duo. Sonet partiendo et qui, pro et veri solet singulis. Vidit viderer eleifend ad nam. Minimum eligendi suscipit ius et, vis ex laoreet detracto scripserit, at sumo sale solum pro.&lt;/p&gt;&lt;blockquote class=&quot;blockquote&quot;&gt;&lt;p&gt;Ei prima graecis consulatu vix, per cu corpora qualisque voluptaria. Bonorum moderatius in per, ius cu albucius voluptatum. Ne ius torquatos dissentiunt. Brute illum utroque eu quo. Cu tota mediocritatem vis, aliquip cotidieque eu ius, cu lorem suscipit eleifend sit.&lt;/p&gt;&lt;footer class=&quot;blockquote-footer&quot;&gt;John Doe&lt;/footer&gt;&lt;/blockquote&gt;&lt;p&gt;Mei cu diam sonet audiam, his ad impetus fuisset indoctum. Te sit altera qualisque, stet suavitate ne vel. Euismod suavitate duo eu, habemus rationibus neglegentur ei qui. Debet omittam ad usu, ex vero feugait oporteat eos, id usu sint numquam sententiae.&lt;/p&gt;&lt;figure&gt;&lt;img src=&quot;/img/media-2.jpg&quot;&gt;&lt;/figure&gt;&lt;h3&gt;Sit nulla quidam et, eam ea legimus deserunt neglegentur.&lt;/h3&gt;&lt;p&gt;No possim singulis sea, dolores salutatus interpretaris eam ad. An singulis postulant his, an inermis urbanitas mel. Wisi veri noster eu est, diam ridens eum in. Omnium imperdiet patrioque quo in, est sumo persecuti abhorreant ei. Sed feugiat iracundia id, inermis percipit eu has.&lt;/p&gt;&lt;p&gt;In vidit homero ullamcorper his, ea mea senserit constituto, et alia idque congue sit. Postea percipit his ne. Probo movet noluisse in nam, sed ex utroque inermis corrumpit, oratio tation vix at. Usu aperiri assentior at, eam et melius iudicabit pertinacia.&lt;/p&gt;', '2019-10-24 17:04:52', 1),
	(25, 4, 6, 'Post25', 'Lorem ipsum dolor sit amet, consectetur adipiscing elit. Suspendisse ex dui, sagittis sed sodales vitae, laoreet et sem. Cras consectetur nulla id mi finibus suscipit vel mollis risus. Nulla tellus dolor, elementum non fermentum a, pulvinar vitae enim. Ut finibus ipsum lorem, id lobortis arcu pretium sit amet. Maecenas lacinia massa non mauris lacinia ultricies. In elementum mauris risus, et consequat lacus aliquet sed. Nunc eget laoreet est. Maecenas cursus orci at sem cursus consectetur. Donec egestas elementum neque non auctor. Aliquam vitae mauris vestibulum, suscipit nisi vitae, scelerisque libero. Duis ultricies neque elit, et pulvinar nisl facilisis eu.', '&lt;h3&gt;Ea vix periculis sententiae, ea blandit pericula abhorreant pri.&lt;/h3&gt;&lt;p&gt;Lorem ipsum dolor sit amet, mea ad idque detraxit, cu soleat graecis invenire eam. Vidisse suscipit liberavisse has ex, vocibus patrioque vim et, sed ex tation reprehendunt. Mollis volumus no vix, ut qui clita habemus, ipsum senserit est et. Ut has soluta epicurei mediocrem, nibh nostrum his cu, sea clita electram reformidans an.&lt;/p&gt;&lt;p&gt;Est in saepe accusam luptatum. Purto deleniti philosophia eum ea, impetus copiosae id mel. Vis at ignota delenit democritum, te summo tamquam delicata pro. Utinam concludaturque et vim, mei ullum intellegam ei. Eam te illum nostrud, suas sonet corrumpit ea per. Ut sea regione posidonium. Pertinax gubergren ne qui, eos an harum mundi quaestio.&lt;/p&gt;&lt;figure class=&quot;pull-right&quot;&gt;&lt;img src=&quot;/img/media-1.jpg&quot;&gt;&lt;figcaption&gt;Lorem ipsum dolor sit amet, mea ad idque detraxit,&lt;/figcaption&gt;&lt;/figure&gt;&lt;p&gt;Nihil persius id est, iisque tincidunt abhorreant no duo. Eripuit placerat mnesarchum ius at, ei pro laoreet invenire persecuti, per magna tibique scriptorem an. Aeque oportere incorrupte ius ea, utroque erroribus mel in, posse dolore nam in. Per veniam vulputate intellegam et, id usu case reprimique, ne aperiam scaevola sed. Veritus omnesque qui ad. In mei admodum maiorum iracundia, no omnis melius eum, ei erat vivendo his. In pri nonumes suscipit.&lt;/p&gt;&lt;p&gt;Sit nulla quidam et, eam ea legimus deserunt neglegentur. Et veri nostrud vix, meis minimum atomorum ex sea, stet case habemus mea no. Ut dignissim dissentiet his, mei ea delectus delicatissimi, debet dissentiunt te duo. Sonet partiendo et qui, pro et veri solet singulis. Vidit viderer eleifend ad nam. Minimum eligendi suscipit ius et, vis ex laoreet detracto scripserit, at sumo sale solum pro.&lt;/p&gt;&lt;blockquote class=&quot;blockquote&quot;&gt;&lt;p&gt;Ei prima graecis consulatu vix, per cu corpora qualisque voluptaria. Bonorum moderatius in per, ius cu albucius voluptatum. Ne ius torquatos dissentiunt. Brute illum utroque eu quo. Cu tota mediocritatem vis, aliquip cotidieque eu ius, cu lorem suscipit eleifend sit.&lt;/p&gt;&lt;footer class=&quot;blockquote-footer&quot;&gt;John Doe&lt;/footer&gt;&lt;/blockquote&gt;&lt;p&gt;Mei cu diam sonet audiam, his ad impetus fuisset indoctum. Te sit altera qualisque, stet suavitate ne vel. Euismod suavitate duo eu, habemus rationibus neglegentur ei qui. Debet omittam ad usu, ex vero feugait oporteat eos, id usu sint numquam sententiae.&lt;/p&gt;&lt;figure&gt;&lt;img src=&quot;/img/media-2.jpg&quot;&gt;&lt;/figure&gt;&lt;h3&gt;Sit nulla quidam et, eam ea legimus deserunt neglegentur.&lt;/h3&gt;&lt;p&gt;No possim singulis sea, dolores salutatus interpretaris eam ad. An singulis postulant his, an inermis urbanitas mel. Wisi veri noster eu est, diam ridens eum in. Omnium imperdiet patrioque quo in, est sumo persecuti abhorreant ei. Sed feugiat iracundia id, inermis percipit eu has.&lt;/p&gt;&lt;p&gt;In vidit homero ullamcorper his, ea mea senserit constituto, et alia idque congue sit. Postea percipit his ne. Probo movet noluisse in nam, sed ex utroque inermis corrumpit, oratio tation vix at. Usu aperiri assentior at, eam et melius iudicabit pertinacia.&lt;/p&gt;', '2019-10-24 17:04:52', 1),
	(26, 4, 6, 'Post26', 'Lorem ipsum dolor sit amet, consectetur adipiscing elit. Suspendisse ex dui, sagittis sed sodales vitae, laoreet et sem. Cras consectetur nulla id mi finibus suscipit vel mollis risus. Nulla tellus dolor, elementum non fermentum a, pulvinar vitae enim. Ut finibus ipsum lorem, id lobortis arcu pretium sit amet. Maecenas lacinia massa non mauris lacinia ultricies. In elementum mauris risus, et consequat lacus aliquet sed. Nunc eget laoreet est. Maecenas cursus orci at sem cursus consectetur. Donec egestas elementum neque non auctor. Aliquam vitae mauris vestibulum, suscipit nisi vitae, scelerisque libero. Duis ultricies neque elit, et pulvinar nisl facilisis eu.', '&lt;h3&gt;Ea vix periculis sententiae, ea blandit pericula abhorreant pri.&lt;/h3&gt;&lt;p&gt;Lorem ipsum dolor sit amet, mea ad idque detraxit, cu soleat graecis invenire eam. Vidisse suscipit liberavisse has ex, vocibus patrioque vim et, sed ex tation reprehendunt. Mollis volumus no vix, ut qui clita habemus, ipsum senserit est et. Ut has soluta epicurei mediocrem, nibh nostrum his cu, sea clita electram reformidans an.&lt;/p&gt;&lt;p&gt;Est in saepe accusam luptatum. Purto deleniti philosophia eum ea, impetus copiosae id mel. Vis at ignota delenit democritum, te summo tamquam delicata pro. Utinam concludaturque et vim, mei ullum intellegam ei. Eam te illum nostrud, suas sonet corrumpit ea per. Ut sea regione posidonium. Pertinax gubergren ne qui, eos an harum mundi quaestio.&lt;/p&gt;&lt;figure class=&quot;pull-right&quot;&gt;&lt;img src=&quot;/img/media-1.jpg&quot;&gt;&lt;figcaption&gt;Lorem ipsum dolor sit amet, mea ad idque detraxit,&lt;/figcaption&gt;&lt;/figure&gt;&lt;p&gt;Nihil persius id est, iisque tincidunt abhorreant no duo. Eripuit placerat mnesarchum ius at, ei pro laoreet invenire persecuti, per magna tibique scriptorem an. Aeque oportere incorrupte ius ea, utroque erroribus mel in, posse dolore nam in. Per veniam vulputate intellegam et, id usu case reprimique, ne aperiam scaevola sed. Veritus omnesque qui ad. In mei admodum maiorum iracundia, no omnis melius eum, ei erat vivendo his. In pri nonumes suscipit.&lt;/p&gt;&lt;p&gt;Sit nulla quidam et, eam ea legimus deserunt neglegentur. Et veri nostrud vix, meis minimum atomorum ex sea, stet case habemus mea no. Ut dignissim dissentiet his, mei ea delectus delicatissimi, debet dissentiunt te duo. Sonet partiendo et qui, pro et veri solet singulis. Vidit viderer eleifend ad nam. Minimum eligendi suscipit ius et, vis ex laoreet detracto scripserit, at sumo sale solum pro.&lt;/p&gt;&lt;blockquote class=&quot;blockquote&quot;&gt;&lt;p&gt;Ei prima graecis consulatu vix, per cu corpora qualisque voluptaria. Bonorum moderatius in per, ius cu albucius voluptatum. Ne ius torquatos dissentiunt. Brute illum utroque eu quo. Cu tota mediocritatem vis, aliquip cotidieque eu ius, cu lorem suscipit eleifend sit.&lt;/p&gt;&lt;footer class=&quot;blockquote-footer&quot;&gt;John Doe&lt;/footer&gt;&lt;/blockquote&gt;&lt;p&gt;Mei cu diam sonet audiam, his ad impetus fuisset indoctum. Te sit altera qualisque, stet suavitate ne vel. Euismod suavitate duo eu, habemus rationibus neglegentur ei qui. Debet omittam ad usu, ex vero feugait oporteat eos, id usu sint numquam sententiae.&lt;/p&gt;&lt;figure&gt;&lt;img src=&quot;/img/media-2.jpg&quot;&gt;&lt;/figure&gt;&lt;h3&gt;Sit nulla quidam et, eam ea legimus deserunt neglegentur.&lt;/h3&gt;&lt;p&gt;No possim singulis sea, dolores salutatus interpretaris eam ad. An singulis postulant his, an inermis urbanitas mel. Wisi veri noster eu est, diam ridens eum in. Omnium imperdiet patrioque quo in, est sumo persecuti abhorreant ei. Sed feugiat iracundia id, inermis percipit eu has.&lt;/p&gt;&lt;p&gt;In vidit homero ullamcorper his, ea mea senserit constituto, et alia idque congue sit. Postea percipit his ne. Probo movet noluisse in nam, sed ex utroque inermis corrumpit, oratio tation vix at. Usu aperiri assentior at, eam et melius iudicabit pertinacia.&lt;/p&gt;', '2019-10-24 17:04:52', 1),
	(27, 4, 6, 'Post27', 'Lorem ipsum dolor sit amet, consectetur adipiscing elit. Suspendisse ex dui, sagittis sed sodales vitae, laoreet et sem. Cras consectetur nulla id mi finibus suscipit vel mollis risus. Nulla tellus dolor, elementum non fermentum a, pulvinar vitae enim. Ut finibus ipsum lorem, id lobortis arcu pretium sit amet. Maecenas lacinia massa non mauris lacinia ultricies. In elementum mauris risus, et consequat lacus aliquet sed. Nunc eget laoreet est. Maecenas cursus orci at sem cursus consectetur. Donec egestas elementum neque non auctor. Aliquam vitae mauris vestibulum, suscipit nisi vitae, scelerisque libero. Duis ultricies neque elit, et pulvinar nisl facilisis eu.', '&lt;h3&gt;Ea vix periculis sententiae, ea blandit pericula abhorreant pri.&lt;/h3&gt;&lt;p&gt;Lorem ipsum dolor sit amet, mea ad idque detraxit, cu soleat graecis invenire eam. Vidisse suscipit liberavisse has ex, vocibus patrioque vim et, sed ex tation reprehendunt. Mollis volumus no vix, ut qui clita habemus, ipsum senserit est et. Ut has soluta epicurei mediocrem, nibh nostrum his cu, sea clita electram reformidans an.&lt;/p&gt;&lt;p&gt;Est in saepe accusam luptatum. Purto deleniti philosophia eum ea, impetus copiosae id mel. Vis at ignota delenit democritum, te summo tamquam delicata pro. Utinam concludaturque et vim, mei ullum intellegam ei. Eam te illum nostrud, suas sonet corrumpit ea per. Ut sea regione posidonium. Pertinax gubergren ne qui, eos an harum mundi quaestio.&lt;/p&gt;&lt;figure class=&quot;pull-right&quot;&gt;&lt;img src=&quot;/img/media-1.jpg&quot;&gt;&lt;figcaption&gt;Lorem ipsum dolor sit amet, mea ad idque detraxit,&lt;/figcaption&gt;&lt;/figure&gt;&lt;p&gt;Nihil persius id est, iisque tincidunt abhorreant no duo. Eripuit placerat mnesarchum ius at, ei pro laoreet invenire persecuti, per magna tibique scriptorem an. Aeque oportere incorrupte ius ea, utroque erroribus mel in, posse dolore nam in. Per veniam vulputate intellegam et, id usu case reprimique, ne aperiam scaevola sed. Veritus omnesque qui ad. In mei admodum maiorum iracundia, no omnis melius eum, ei erat vivendo his. In pri nonumes suscipit.&lt;/p&gt;&lt;p&gt;Sit nulla quidam et, eam ea legimus deserunt neglegentur. Et veri nostrud vix, meis minimum atomorum ex sea, stet case habemus mea no. Ut dignissim dissentiet his, mei ea delectus delicatissimi, debet dissentiunt te duo. Sonet partiendo et qui, pro et veri solet singulis. Vidit viderer eleifend ad nam. Minimum eligendi suscipit ius et, vis ex laoreet detracto scripserit, at sumo sale solum pro.&lt;/p&gt;&lt;blockquote class=&quot;blockquote&quot;&gt;&lt;p&gt;Ei prima graecis consulatu vix, per cu corpora qualisque voluptaria. Bonorum moderatius in per, ius cu albucius voluptatum. Ne ius torquatos dissentiunt. Brute illum utroque eu quo. Cu tota mediocritatem vis, aliquip cotidieque eu ius, cu lorem suscipit eleifend sit.&lt;/p&gt;&lt;footer class=&quot;blockquote-footer&quot;&gt;John Doe&lt;/footer&gt;&lt;/blockquote&gt;&lt;p&gt;Mei cu diam sonet audiam, his ad impetus fuisset indoctum. Te sit altera qualisque, stet suavitate ne vel. Euismod suavitate duo eu, habemus rationibus neglegentur ei qui. Debet omittam ad usu, ex vero feugait oporteat eos, id usu sint numquam sententiae.&lt;/p&gt;&lt;figure&gt;&lt;img src=&quot;/img/media-2.jpg&quot;&gt;&lt;/figure&gt;&lt;h3&gt;Sit nulla quidam et, eam ea legimus deserunt neglegentur.&lt;/h3&gt;&lt;p&gt;No possim singulis sea, dolores salutatus interpretaris eam ad. An singulis postulant his, an inermis urbanitas mel. Wisi veri noster eu est, diam ridens eum in. Omnium imperdiet patrioque quo in, est sumo persecuti abhorreant ei. Sed feugiat iracundia id, inermis percipit eu has.&lt;/p&gt;&lt;p&gt;In vidit homero ullamcorper his, ea mea senserit constituto, et alia idque congue sit. Postea percipit his ne. Probo movet noluisse in nam, sed ex utroque inermis corrumpit, oratio tation vix at. Usu aperiri assentior at, eam et melius iudicabit pertinacia.&lt;/p&gt;', '2019-10-24 17:04:52', 1),
	(28, 4, 1, 'Post28', 'Lorem ipsum dolor sit amet, consectetur adipiscing elit. Suspendisse ex dui, sagittis sed sodales vitae, laoreet et sem. Cras consectetur nulla id mi finibus suscipit vel mollis risus. Nulla tellus dolor, elementum non fermentum a, pulvinar vitae enim. Ut finibus ipsum lorem, id lobortis arcu pretium sit amet. Maecenas lacinia massa non mauris lacinia ultricies. In elementum mauris risus, et consequat lacus aliquet sed. Nunc eget laoreet est. Maecenas cursus orci at sem cursus consectetur. Donec egestas elementum neque non auctor. Aliquam vitae mauris vestibulum, suscipit nisi vitae, scelerisque libero. Duis ultricies neque elit, et pulvinar nisl facilisis eu.', '&lt;h3&gt;Ea vix periculis sententiae, ea blandit pericula abhorreant pri.&lt;/h3&gt;&lt;p&gt;Lorem ipsum dolor sit amet, mea ad idque detraxit, cu soleat graecis invenire eam. Vidisse suscipit liberavisse has ex, vocibus patrioque vim et, sed ex tation reprehendunt. Mollis volumus no vix, ut qui clita habemus, ipsum senserit est et. Ut has soluta epicurei mediocrem, nibh nostrum his cu, sea clita electram reformidans an.&lt;/p&gt;&lt;p&gt;Est in saepe accusam luptatum. Purto deleniti philosophia eum ea, impetus copiosae id mel. Vis at ignota delenit democritum, te summo tamquam delicata pro. Utinam concludaturque et vim, mei ullum intellegam ei. Eam te illum nostrud, suas sonet corrumpit ea per. Ut sea regione posidonium. Pertinax gubergren ne qui, eos an harum mundi quaestio.&lt;/p&gt;&lt;figure class=&quot;pull-right&quot;&gt;&lt;img src=&quot;/img/media-1.jpg&quot;&gt;&lt;figcaption&gt;Lorem ipsum dolor sit amet, mea ad idque detraxit,&lt;/figcaption&gt;&lt;/figure&gt;&lt;p&gt;Nihil persius id est, iisque tincidunt abhorreant no duo. Eripuit placerat mnesarchum ius at, ei pro laoreet invenire persecuti, per magna tibique scriptorem an. Aeque oportere incorrupte ius ea, utroque erroribus mel in, posse dolore nam in. Per veniam vulputate intellegam et, id usu case reprimique, ne aperiam scaevola sed. Veritus omnesque qui ad. In mei admodum maiorum iracundia, no omnis melius eum, ei erat vivendo his. In pri nonumes suscipit.&lt;/p&gt;&lt;p&gt;Sit nulla quidam et, eam ea legimus deserunt neglegentur. Et veri nostrud vix, meis minimum atomorum ex sea, stet case habemus mea no. Ut dignissim dissentiet his, mei ea delectus delicatissimi, debet dissentiunt te duo. Sonet partiendo et qui, pro et veri solet singulis. Vidit viderer eleifend ad nam. Minimum eligendi suscipit ius et, vis ex laoreet detracto scripserit, at sumo sale solum pro.&lt;/p&gt;&lt;blockquote class=&quot;blockquote&quot;&gt;&lt;p&gt;Ei prima graecis consulatu vix, per cu corpora qualisque voluptaria. Bonorum moderatius in per, ius cu albucius voluptatum. Ne ius torquatos dissentiunt. Brute illum utroque eu quo. Cu tota mediocritatem vis, aliquip cotidieque eu ius, cu lorem suscipit eleifend sit.&lt;/p&gt;&lt;footer class=&quot;blockquote-footer&quot;&gt;John Doe&lt;/footer&gt;&lt;/blockquote&gt;&lt;p&gt;Mei cu diam sonet audiam, his ad impetus fuisset indoctum. Te sit altera qualisque, stet suavitate ne vel. Euismod suavitate duo eu, habemus rationibus neglegentur ei qui. Debet omittam ad usu, ex vero feugait oporteat eos, id usu sint numquam sententiae.&lt;/p&gt;&lt;figure&gt;&lt;img src=&quot;/img/media-2.jpg&quot;&gt;&lt;/figure&gt;&lt;h3&gt;Sit nulla quidam et, eam ea legimus deserunt neglegentur.&lt;/h3&gt;&lt;p&gt;No possim singulis sea, dolores salutatus interpretaris eam ad. An singulis postulant his, an inermis urbanitas mel. Wisi veri noster eu est, diam ridens eum in. Omnium imperdiet patrioque quo in, est sumo persecuti abhorreant ei. Sed feugiat iracundia id, inermis percipit eu has.&lt;/p&gt;&lt;p&gt;In vidit homero ullamcorper his, ea mea senserit constituto, et alia idque congue sit. Postea percipit his ne. Probo movet noluisse in nam, sed ex utroque inermis corrumpit, oratio tation vix at. Usu aperiri assentior at, eam et melius iudicabit pertinacia.&lt;/p&gt;', '2019-10-24 17:04:52', 1),
	(29, 4, 2, 'Post29', 'Lorem ipsum dolor sit amet, consectetur adipiscing elit. Suspendisse ex dui, sagittis sed sodales vitae, laoreet et sem. Cras consectetur nulla id mi finibus suscipit vel mollis risus. Nulla tellus dolor, elementum non fermentum a, pulvinar vitae enim. Ut finibus ipsum lorem, id lobortis arcu pretium sit amet. Maecenas lacinia massa non mauris lacinia ultricies. In elementum mauris risus, et consequat lacus aliquet sed. Nunc eget laoreet est. Maecenas cursus orci at sem cursus consectetur. Donec egestas elementum neque non auctor. Aliquam vitae mauris vestibulum, suscipit nisi vitae, scelerisque libero. Duis ultricies neque elit, et pulvinar nisl facilisis eu.', '&lt;h3&gt;Ea vix periculis sententiae, ea blandit pericula abhorreant pri.&lt;/h3&gt;&lt;p&gt;Lorem ipsum dolor sit amet, mea ad idque detraxit, cu soleat graecis invenire eam. Vidisse suscipit liberavisse has ex, vocibus patrioque vim et, sed ex tation reprehendunt. Mollis volumus no vix, ut qui clita habemus, ipsum senserit est et. Ut has soluta epicurei mediocrem, nibh nostrum his cu, sea clita electram reformidans an.&lt;/p&gt;&lt;p&gt;Est in saepe accusam luptatum. Purto deleniti philosophia eum ea, impetus copiosae id mel. Vis at ignota delenit democritum, te summo tamquam delicata pro. Utinam concludaturque et vim, mei ullum intellegam ei. Eam te illum nostrud, suas sonet corrumpit ea per. Ut sea regione posidonium. Pertinax gubergren ne qui, eos an harum mundi quaestio.&lt;/p&gt;&lt;figure class=&quot;pull-right&quot;&gt;&lt;img src=&quot;/img/media-1.jpg&quot;&gt;&lt;figcaption&gt;Lorem ipsum dolor sit amet, mea ad idque detraxit,&lt;/figcaption&gt;&lt;/figure&gt;&lt;p&gt;Nihil persius id est, iisque tincidunt abhorreant no duo. Eripuit placerat mnesarchum ius at, ei pro laoreet invenire persecuti, per magna tibique scriptorem an. Aeque oportere incorrupte ius ea, utroque erroribus mel in, posse dolore nam in. Per veniam vulputate intellegam et, id usu case reprimique, ne aperiam scaevola sed. Veritus omnesque qui ad. In mei admodum maiorum iracundia, no omnis melius eum, ei erat vivendo his. In pri nonumes suscipit.&lt;/p&gt;&lt;p&gt;Sit nulla quidam et, eam ea legimus deserunt neglegentur. Et veri nostrud vix, meis minimum atomorum ex sea, stet case habemus mea no. Ut dignissim dissentiet his, mei ea delectus delicatissimi, debet dissentiunt te duo. Sonet partiendo et qui, pro et veri solet singulis. Vidit viderer eleifend ad nam. Minimum eligendi suscipit ius et, vis ex laoreet detracto scripserit, at sumo sale solum pro.&lt;/p&gt;&lt;blockquote class=&quot;blockquote&quot;&gt;&lt;p&gt;Ei prima graecis consulatu vix, per cu corpora qualisque voluptaria. Bonorum moderatius in per, ius cu albucius voluptatum. Ne ius torquatos dissentiunt. Brute illum utroque eu quo. Cu tota mediocritatem vis, aliquip cotidieque eu ius, cu lorem suscipit eleifend sit.&lt;/p&gt;&lt;footer class=&quot;blockquote-footer&quot;&gt;John Doe&lt;/footer&gt;&lt;/blockquote&gt;&lt;p&gt;Mei cu diam sonet audiam, his ad impetus fuisset indoctum. Te sit altera qualisque, stet suavitate ne vel. Euismod suavitate duo eu, habemus rationibus neglegentur ei qui. Debet omittam ad usu, ex vero feugait oporteat eos, id usu sint numquam sententiae.&lt;/p&gt;&lt;figure&gt;&lt;img src=&quot;/img/media-2.jpg&quot;&gt;&lt;/figure&gt;&lt;h3&gt;Sit nulla quidam et, eam ea legimus deserunt neglegentur.&lt;/h3&gt;&lt;p&gt;No possim singulis sea, dolores salutatus interpretaris eam ad. An singulis postulant his, an inermis urbanitas mel. Wisi veri noster eu est, diam ridens eum in. Omnium imperdiet patrioque quo in, est sumo persecuti abhorreant ei. Sed feugiat iracundia id, inermis percipit eu has.&lt;/p&gt;&lt;p&gt;In vidit homero ullamcorper his, ea mea senserit constituto, et alia idque congue sit. Postea percipit his ne. Probo movet noluisse in nam, sed ex utroque inermis corrumpit, oratio tation vix at. Usu aperiri assentior at, eam et melius iudicabit pertinacia.&lt;/p&gt;', '2019-10-24 17:04:52', 1),
	(30, 4, 3, 'Post30', 'Lorem ipsum dolor sit amet, consectetur adipiscing elit. Suspendisse ex dui, sagittis sed sodales vitae, laoreet et sem. Cras consectetur nulla id mi finibus suscipit vel mollis risus. Nulla tellus dolor, elementum non fermentum a, pulvinar vitae enim. Ut finibus ipsum lorem, id lobortis arcu pretium sit amet. Maecenas lacinia massa non mauris lacinia ultricies. In elementum mauris risus, et consequat lacus aliquet sed. Nunc eget laoreet est. Maecenas cursus orci at sem cursus consectetur. Donec egestas elementum neque non auctor. Aliquam vitae mauris vestibulum, suscipit nisi vitae, scelerisque libero. Duis ultricies neque elit, et pulvinar nisl facilisis eu.', '&lt;h3&gt;Ea vix periculis sententiae, ea blandit pericula abhorreant pri.&lt;/h3&gt;&lt;p&gt;Lorem ipsum dolor sit amet, mea ad idque detraxit, cu soleat graecis invenire eam. Vidisse suscipit liberavisse has ex, vocibus patrioque vim et, sed ex tation reprehendunt. Mollis volumus no vix, ut qui clita habemus, ipsum senserit est et. Ut has soluta epicurei mediocrem, nibh nostrum his cu, sea clita electram reformidans an.&lt;/p&gt;&lt;p&gt;Est in saepe accusam luptatum. Purto deleniti philosophia eum ea, impetus copiosae id mel. Vis at ignota delenit democritum, te summo tamquam delicata pro. Utinam concludaturque et vim, mei ullum intellegam ei. Eam te illum nostrud, suas sonet corrumpit ea per. Ut sea regione posidonium. Pertinax gubergren ne qui, eos an harum mundi quaestio.&lt;/p&gt;&lt;figure class=&quot;pull-right&quot;&gt;&lt;img src=&quot;/img/media-1.jpg&quot;&gt;&lt;figcaption&gt;Lorem ipsum dolor sit amet, mea ad idque detraxit,&lt;/figcaption&gt;&lt;/figure&gt;&lt;p&gt;Nihil persius id est, iisque tincidunt abhorreant no duo. Eripuit placerat mnesarchum ius at, ei pro laoreet invenire persecuti, per magna tibique scriptorem an. Aeque oportere incorrupte ius ea, utroque erroribus mel in, posse dolore nam in. Per veniam vulputate intellegam et, id usu case reprimique, ne aperiam scaevola sed. Veritus omnesque qui ad. In mei admodum maiorum iracundia, no omnis melius eum, ei erat vivendo his. In pri nonumes suscipit.&lt;/p&gt;&lt;p&gt;Sit nulla quidam et, eam ea legimus deserunt neglegentur. Et veri nostrud vix, meis minimum atomorum ex sea, stet case habemus mea no. Ut dignissim dissentiet his, mei ea delectus delicatissimi, debet dissentiunt te duo. Sonet partiendo et qui, pro et veri solet singulis. Vidit viderer eleifend ad nam. Minimum eligendi suscipit ius et, vis ex laoreet detracto scripserit, at sumo sale solum pro.&lt;/p&gt;&lt;blockquote class=&quot;blockquote&quot;&gt;&lt;p&gt;Ei prima graecis consulatu vix, per cu corpora qualisque voluptaria. Bonorum moderatius in per, ius cu albucius voluptatum. Ne ius torquatos dissentiunt. Brute illum utroque eu quo. Cu tota mediocritatem vis, aliquip cotidieque eu ius, cu lorem suscipit eleifend sit.&lt;/p&gt;&lt;footer class=&quot;blockquote-footer&quot;&gt;John Doe&lt;/footer&gt;&lt;/blockquote&gt;&lt;p&gt;Mei cu diam sonet audiam, his ad impetus fuisset indoctum. Te sit altera qualisque, stet suavitate ne vel. Euismod suavitate duo eu, habemus rationibus neglegentur ei qui. Debet omittam ad usu, ex vero feugait oporteat eos, id usu sint numquam sententiae.&lt;/p&gt;&lt;figure&gt;&lt;img src=&quot;/img/media-2.jpg&quot;&gt;&lt;/figure&gt;&lt;h3&gt;Sit nulla quidam et, eam ea legimus deserunt neglegentur.&lt;/h3&gt;&lt;p&gt;No possim singulis sea, dolores salutatus interpretaris eam ad. An singulis postulant his, an inermis urbanitas mel. Wisi veri noster eu est, diam ridens eum in. Omnium imperdiet patrioque quo in, est sumo persecuti abhorreant ei. Sed feugiat iracundia id, inermis percipit eu has.&lt;/p&gt;&lt;p&gt;In vidit homero ullamcorper his, ea mea senserit constituto, et alia idque congue sit. Postea percipit his ne. Probo movet noluisse in nam, sed ex utroque inermis corrumpit, oratio tation vix at. Usu aperiri assentior at, eam et melius iudicabit pertinacia.&lt;/p&gt;', '2019-10-24 17:04:52', 1),
	(31, 1, 4, 'Post31', 'Lorem ipsum dolor sit amet, consectetur adipiscing elit. Suspendisse ex dui, sagittis sed sodales vitae, laoreet et sem. Cras consectetur nulla id mi finibus suscipit vel mollis risus. Nulla tellus dolor, elementum non fermentum a, pulvinar vitae enim. Ut finibus ipsum lorem, id lobortis arcu pretium sit amet. Maecenas lacinia massa non mauris lacinia ultricies. In elementum mauris risus, et consequat lacus aliquet sed. Nunc eget laoreet est. Maecenas cursus orci at sem cursus consectetur. Donec egestas elementum neque non auctor. Aliquam vitae mauris vestibulum, suscipit nisi vitae, scelerisque libero. Duis ultricies neque elit, et pulvinar nisl facilisis eu.', '&lt;h3&gt;Ea vix periculis sententiae, ea blandit pericula abhorreant pri.&lt;/h3&gt;&lt;p&gt;Lorem ipsum dolor sit amet, mea ad idque detraxit, cu soleat graecis invenire eam. Vidisse suscipit liberavisse has ex, vocibus patrioque vim et, sed ex tation reprehendunt. Mollis volumus no vix, ut qui clita habemus, ipsum senserit est et. Ut has soluta epicurei mediocrem, nibh nostrum his cu, sea clita electram reformidans an.&lt;/p&gt;&lt;p&gt;Est in saepe accusam luptatum. Purto deleniti philosophia eum ea, impetus copiosae id mel. Vis at ignota delenit democritum, te summo tamquam delicata pro. Utinam concludaturque et vim, mei ullum intellegam ei. Eam te illum nostrud, suas sonet corrumpit ea per. Ut sea regione posidonium. Pertinax gubergren ne qui, eos an harum mundi quaestio.&lt;/p&gt;&lt;figure class=&quot;pull-right&quot;&gt;&lt;img src=&quot;/img/media-1.jpg&quot;&gt;&lt;figcaption&gt;Lorem ipsum dolor sit amet, mea ad idque detraxit,&lt;/figcaption&gt;&lt;/figure&gt;&lt;p&gt;Nihil persius id est, iisque tincidunt abhorreant no duo. Eripuit placerat mnesarchum ius at, ei pro laoreet invenire persecuti, per magna tibique scriptorem an. Aeque oportere incorrupte ius ea, utroque erroribus mel in, posse dolore nam in. Per veniam vulputate intellegam et, id usu case reprimique, ne aperiam scaevola sed. Veritus omnesque qui ad. In mei admodum maiorum iracundia, no omnis melius eum, ei erat vivendo his. In pri nonumes suscipit.&lt;/p&gt;&lt;p&gt;Sit nulla quidam et, eam ea legimus deserunt neglegentur. Et veri nostrud vix, meis minimum atomorum ex sea, stet case habemus mea no. Ut dignissim dissentiet his, mei ea delectus delicatissimi, debet dissentiunt te duo. Sonet partiendo et qui, pro et veri solet singulis. Vidit viderer eleifend ad nam. Minimum eligendi suscipit ius et, vis ex laoreet detracto scripserit, at sumo sale solum pro.&lt;/p&gt;&lt;blockquote class=&quot;blockquote&quot;&gt;&lt;p&gt;Ei prima graecis consulatu vix, per cu corpora qualisque voluptaria. Bonorum moderatius in per, ius cu albucius voluptatum. Ne ius torquatos dissentiunt. Brute illum utroque eu quo. Cu tota mediocritatem vis, aliquip cotidieque eu ius, cu lorem suscipit eleifend sit.&lt;/p&gt;&lt;footer class=&quot;blockquote-footer&quot;&gt;John Doe&lt;/footer&gt;&lt;/blockquote&gt;&lt;p&gt;Mei cu diam sonet audiam, his ad impetus fuisset indoctum. Te sit altera qualisque, stet suavitate ne vel. Euismod suavitate duo eu, habemus rationibus neglegentur ei qui. Debet omittam ad usu, ex vero feugait oporteat eos, id usu sint numquam sententiae.&lt;/p&gt;&lt;figure&gt;&lt;img src=&quot;/img/media-2.jpg&quot;&gt;&lt;/figure&gt;&lt;h3&gt;Sit nulla quidam et, eam ea legimus deserunt neglegentur.&lt;/h3&gt;&lt;p&gt;No possim singulis sea, dolores salutatus interpretaris eam ad. An singulis postulant his, an inermis urbanitas mel. Wisi veri noster eu est, diam ridens eum in. Omnium imperdiet patrioque quo in, est sumo persecuti abhorreant ei. Sed feugiat iracundia id, inermis percipit eu has.&lt;/p&gt;&lt;p&gt;In vidit homero ullamcorper his, ea mea senserit constituto, et alia idque congue sit. Postea percipit his ne. Probo movet noluisse in nam, sed ex utroque inermis corrumpit, oratio tation vix at. Usu aperiri assentior at, eam et melius iudicabit pertinacia.&lt;/p&gt;', '2019-10-24 17:04:52', 1),
	(32, 1, 6, 'Post32', 'Lorem ipsum dolor sit amet, consectetur adipiscing elit. Suspendisse ex dui, sagittis sed sodales vitae, laoreet et sem. Cras consectetur nulla id mi finibus suscipit vel mollis risus. Nulla tellus dolor, elementum non fermentum a, pulvinar vitae enim. Ut finibus ipsum lorem, id lobortis arcu pretium sit amet. Maecenas lacinia massa non mauris lacinia ultricies. In elementum mauris risus, et consequat lacus aliquet sed. Nunc eget laoreet est. Maecenas cursus orci at sem cursus consectetur. Donec egestas elementum neque non auctor. Aliquam vitae mauris vestibulum, suscipit nisi vitae, scelerisque libero. Duis ultricies neque elit, et pulvinar nisl facilisis eu.', '&lt;h3&gt;Ea vix periculis sententiae, ea blandit pericula abhorreant pri.&lt;/h3&gt;&lt;p&gt;Lorem ipsum dolor sit amet, mea ad idque detraxit, cu soleat graecis invenire eam. Vidisse suscipit liberavisse has ex, vocibus patrioque vim et, sed ex tation reprehendunt. Mollis volumus no vix, ut qui clita habemus, ipsum senserit est et. Ut has soluta epicurei mediocrem, nibh nostrum his cu, sea clita electram reformidans an.&lt;/p&gt;&lt;p&gt;Est in saepe accusam luptatum. Purto deleniti philosophia eum ea, impetus copiosae id mel. Vis at ignota delenit democritum, te summo tamquam delicata pro. Utinam concludaturque et vim, mei ullum intellegam ei. Eam te illum nostrud, suas sonet corrumpit ea per. Ut sea regione posidonium. Pertinax gubergren ne qui, eos an harum mundi quaestio.&lt;/p&gt;&lt;figure class=&quot;pull-right&quot;&gt;&lt;img src=&quot;/img/media-1.jpg&quot;&gt;&lt;figcaption&gt;Lorem ipsum dolor sit amet, mea ad idque detraxit,&lt;/figcaption&gt;&lt;/figure&gt;&lt;p&gt;Nihil persius id est, iisque tincidunt abhorreant no duo. Eripuit placerat mnesarchum ius at, ei pro laoreet invenire persecuti, per magna tibique scriptorem an. Aeque oportere incorrupte ius ea, utroque erroribus mel in, posse dolore nam in. Per veniam vulputate intellegam et, id usu case reprimique, ne aperiam scaevola sed. Veritus omnesque qui ad. In mei admodum maiorum iracundia, no omnis melius eum, ei erat vivendo his. In pri nonumes suscipit.&lt;/p&gt;&lt;p&gt;Sit nulla quidam et, eam ea legimus deserunt neglegentur. Et veri nostrud vix, meis minimum atomorum ex sea, stet case habemus mea no. Ut dignissim dissentiet his, mei ea delectus delicatissimi, debet dissentiunt te duo. Sonet partiendo et qui, pro et veri solet singulis. Vidit viderer eleifend ad nam. Minimum eligendi suscipit ius et, vis ex laoreet detracto scripserit, at sumo sale solum pro.&lt;/p&gt;&lt;blockquote class=&quot;blockquote&quot;&gt;&lt;p&gt;Ei prima graecis consulatu vix, per cu corpora qualisque voluptaria. Bonorum moderatius in per, ius cu albucius voluptatum. Ne ius torquatos dissentiunt. Brute illum utroque eu quo. Cu tota mediocritatem vis, aliquip cotidieque eu ius, cu lorem suscipit eleifend sit.&lt;/p&gt;&lt;footer class=&quot;blockquote-footer&quot;&gt;John Doe&lt;/footer&gt;&lt;/blockquote&gt;&lt;p&gt;Mei cu diam sonet audiam, his ad impetus fuisset indoctum. Te sit altera qualisque, stet suavitate ne vel. Euismod suavitate duo eu, habemus rationibus neglegentur ei qui. Debet omittam ad usu, ex vero feugait oporteat eos, id usu sint numquam sententiae.&lt;/p&gt;&lt;figure&gt;&lt;img src=&quot;/img/media-2.jpg&quot;&gt;&lt;/figure&gt;&lt;h3&gt;Sit nulla quidam et, eam ea legimus deserunt neglegentur.&lt;/h3&gt;&lt;p&gt;No possim singulis sea, dolores salutatus interpretaris eam ad. An singulis postulant his, an inermis urbanitas mel. Wisi veri noster eu est, diam ridens eum in. Omnium imperdiet patrioque quo in, est sumo persecuti abhorreant ei. Sed feugiat iracundia id, inermis percipit eu has.&lt;/p&gt;&lt;p&gt;In vidit homero ullamcorper his, ea mea senserit constituto, et alia idque congue sit. Postea percipit his ne. Probo movet noluisse in nam, sed ex utroque inermis corrumpit, oratio tation vix at. Usu aperiri assentior at, eam et melius iudicabit pertinacia.&lt;/p&gt;', '2019-10-24 17:04:52', 1),
	(33, 2, 6, 'Post33', 'Lorem ipsum dolor sit amet, consectetur adipiscing elit. Suspendisse ex dui, sagittis sed sodales vitae, laoreet et sem. Cras consectetur nulla id mi finibus suscipit vel mollis risus. Nulla tellus dolor, elementum non fermentum a, pulvinar vitae enim. Ut finibus ipsum lorem, id lobortis arcu pretium sit amet. Maecenas lacinia massa non mauris lacinia ultricies. In elementum mauris risus, et consequat lacus aliquet sed. Nunc eget laoreet est. Maecenas cursus orci at sem cursus consectetur. Donec egestas elementum neque non auctor. Aliquam vitae mauris vestibulum, suscipit nisi vitae, scelerisque libero. Duis ultricies neque elit, et pulvinar nisl facilisis eu.', '&lt;h3&gt;Ea vix periculis sententiae, ea blandit pericula abhorreant pri.&lt;/h3&gt;&lt;p&gt;Lorem ipsum dolor sit amet, mea ad idque detraxit, cu soleat graecis invenire eam. Vidisse suscipit liberavisse has ex, vocibus patrioque vim et, sed ex tation reprehendunt. Mollis volumus no vix, ut qui clita habemus, ipsum senserit est et. Ut has soluta epicurei mediocrem, nibh nostrum his cu, sea clita electram reformidans an.&lt;/p&gt;&lt;p&gt;Est in saepe accusam luptatum. Purto deleniti philosophia eum ea, impetus copiosae id mel. Vis at ignota delenit democritum, te summo tamquam delicata pro. Utinam concludaturque et vim, mei ullum intellegam ei. Eam te illum nostrud, suas sonet corrumpit ea per. Ut sea regione posidonium. Pertinax gubergren ne qui, eos an harum mundi quaestio.&lt;/p&gt;&lt;figure class=&quot;pull-right&quot;&gt;&lt;img src=&quot;/img/media-1.jpg&quot;&gt;&lt;figcaption&gt;Lorem ipsum dolor sit amet, mea ad idque detraxit,&lt;/figcaption&gt;&lt;/figure&gt;&lt;p&gt;Nihil persius id est, iisque tincidunt abhorreant no duo. Eripuit placerat mnesarchum ius at, ei pro laoreet invenire persecuti, per magna tibique scriptorem an. Aeque oportere incorrupte ius ea, utroque erroribus mel in, posse dolore nam in. Per veniam vulputate intellegam et, id usu case reprimique, ne aperiam scaevola sed. Veritus omnesque qui ad. In mei admodum maiorum iracundia, no omnis melius eum, ei erat vivendo his. In pri nonumes suscipit.&lt;/p&gt;&lt;p&gt;Sit nulla quidam et, eam ea legimus deserunt neglegentur. Et veri nostrud vix, meis minimum atomorum ex sea, stet case habemus mea no. Ut dignissim dissentiet his, mei ea delectus delicatissimi, debet dissentiunt te duo. Sonet partiendo et qui, pro et veri solet singulis. Vidit viderer eleifend ad nam. Minimum eligendi suscipit ius et, vis ex laoreet detracto scripserit, at sumo sale solum pro.&lt;/p&gt;&lt;blockquote class=&quot;blockquote&quot;&gt;&lt;p&gt;Ei prima graecis consulatu vix, per cu corpora qualisque voluptaria. Bonorum moderatius in per, ius cu albucius voluptatum. Ne ius torquatos dissentiunt. Brute illum utroque eu quo. Cu tota mediocritatem vis, aliquip cotidieque eu ius, cu lorem suscipit eleifend sit.&lt;/p&gt;&lt;footer class=&quot;blockquote-footer&quot;&gt;John Doe&lt;/footer&gt;&lt;/blockquote&gt;&lt;p&gt;Mei cu diam sonet audiam, his ad impetus fuisset indoctum. Te sit altera qualisque, stet suavitate ne vel. Euismod suavitate duo eu, habemus rationibus neglegentur ei qui. Debet omittam ad usu, ex vero feugait oporteat eos, id usu sint numquam sententiae.&lt;/p&gt;&lt;figure&gt;&lt;img src=&quot;/img/media-2.jpg&quot;&gt;&lt;/figure&gt;&lt;h3&gt;Sit nulla quidam et, eam ea legimus deserunt neglegentur.&lt;/h3&gt;&lt;p&gt;No possim singulis sea, dolores salutatus interpretaris eam ad. An singulis postulant his, an inermis urbanitas mel. Wisi veri noster eu est, diam ridens eum in. Omnium imperdiet patrioque quo in, est sumo persecuti abhorreant ei. Sed feugiat iracundia id, inermis percipit eu has.&lt;/p&gt;&lt;p&gt;In vidit homero ullamcorper his, ea mea senserit constituto, et alia idque congue sit. Postea percipit his ne. Probo movet noluisse in nam, sed ex utroque inermis corrumpit, oratio tation vix at. Usu aperiri assentior at, eam et melius iudicabit pertinacia.&lt;/p&gt;', '2019-10-24 17:04:52', 1),
	(34, 2, 6, 'Post34', 'Lorem ipsum dolor sit amet, consectetur adipiscing elit. Suspendisse ex dui, sagittis sed sodales vitae, laoreet et sem. Cras consectetur nulla id mi finibus suscipit vel mollis risus. Nulla tellus dolor, elementum non fermentum a, pulvinar vitae enim. Ut finibus ipsum lorem, id lobortis arcu pretium sit amet. Maecenas lacinia massa non mauris lacinia ultricies. In elementum mauris risus, et consequat lacus aliquet sed. Nunc eget laoreet est. Maecenas cursus orci at sem cursus consectetur. Donec egestas elementum neque non auctor. Aliquam vitae mauris vestibulum, suscipit nisi vitae, scelerisque libero. Duis ultricies neque elit, et pulvinar nisl facilisis eu.', '&lt;h3&gt;Ea vix periculis sententiae, ea blandit pericula abhorreant pri.&lt;/h3&gt;&lt;p&gt;Lorem ipsum dolor sit amet, mea ad idque detraxit, cu soleat graecis invenire eam. Vidisse suscipit liberavisse has ex, vocibus patrioque vim et, sed ex tation reprehendunt. Mollis volumus no vix, ut qui clita habemus, ipsum senserit est et. Ut has soluta epicurei mediocrem, nibh nostrum his cu, sea clita electram reformidans an.&lt;/p&gt;&lt;p&gt;Est in saepe accusam luptatum. Purto deleniti philosophia eum ea, impetus copiosae id mel. Vis at ignota delenit democritum, te summo tamquam delicata pro. Utinam concludaturque et vim, mei ullum intellegam ei. Eam te illum nostrud, suas sonet corrumpit ea per. Ut sea regione posidonium. Pertinax gubergren ne qui, eos an harum mundi quaestio.&lt;/p&gt;&lt;figure class=&quot;pull-right&quot;&gt;&lt;img src=&quot;/img/media-1.jpg&quot;&gt;&lt;figcaption&gt;Lorem ipsum dolor sit amet, mea ad idque detraxit,&lt;/figcaption&gt;&lt;/figure&gt;&lt;p&gt;Nihil persius id est, iisque tincidunt abhorreant no duo. Eripuit placerat mnesarchum ius at, ei pro laoreet invenire persecuti, per magna tibique scriptorem an. Aeque oportere incorrupte ius ea, utroque erroribus mel in, posse dolore nam in. Per veniam vulputate intellegam et, id usu case reprimique, ne aperiam scaevola sed. Veritus omnesque qui ad. In mei admodum maiorum iracundia, no omnis melius eum, ei erat vivendo his. In pri nonumes suscipit.&lt;/p&gt;&lt;p&gt;Sit nulla quidam et, eam ea legimus deserunt neglegentur. Et veri nostrud vix, meis minimum atomorum ex sea, stet case habemus mea no. Ut dignissim dissentiet his, mei ea delectus delicatissimi, debet dissentiunt te duo. Sonet partiendo et qui, pro et veri solet singulis. Vidit viderer eleifend ad nam. Minimum eligendi suscipit ius et, vis ex laoreet detracto scripserit, at sumo sale solum pro.&lt;/p&gt;&lt;blockquote class=&quot;blockquote&quot;&gt;&lt;p&gt;Ei prima graecis consulatu vix, per cu corpora qualisque voluptaria. Bonorum moderatius in per, ius cu albucius voluptatum. Ne ius torquatos dissentiunt. Brute illum utroque eu quo. Cu tota mediocritatem vis, aliquip cotidieque eu ius, cu lorem suscipit eleifend sit.&lt;/p&gt;&lt;footer class=&quot;blockquote-footer&quot;&gt;John Doe&lt;/footer&gt;&lt;/blockquote&gt;&lt;p&gt;Mei cu diam sonet audiam, his ad impetus fuisset indoctum. Te sit altera qualisque, stet suavitate ne vel. Euismod suavitate duo eu, habemus rationibus neglegentur ei qui. Debet omittam ad usu, ex vero feugait oporteat eos, id usu sint numquam sententiae.&lt;/p&gt;&lt;figure&gt;&lt;img src=&quot;/img/media-2.jpg&quot;&gt;&lt;/figure&gt;&lt;h3&gt;Sit nulla quidam et, eam ea legimus deserunt neglegentur.&lt;/h3&gt;&lt;p&gt;No possim singulis sea, dolores salutatus interpretaris eam ad. An singulis postulant his, an inermis urbanitas mel. Wisi veri noster eu est, diam ridens eum in. Omnium imperdiet patrioque quo in, est sumo persecuti abhorreant ei. Sed feugiat iracundia id, inermis percipit eu has.&lt;/p&gt;&lt;p&gt;In vidit homero ullamcorper his, ea mea senserit constituto, et alia idque congue sit. Postea percipit his ne. Probo movet noluisse in nam, sed ex utroque inermis corrumpit, oratio tation vix at. Usu aperiri assentior at, eam et melius iudicabit pertinacia.&lt;/p&gt;', '2019-10-24 17:04:52', 1),
	(35, 2, 6, 'Post35', 'Lorem ipsum dolor sit amet, consectetur adipiscing elit. Suspendisse ex dui, sagittis sed sodales vitae, laoreet et sem. Cras consectetur nulla id mi finibus suscipit vel mollis risus. Nulla tellus dolor, elementum non fermentum a, pulvinar vitae enim. Ut finibus ipsum lorem, id lobortis arcu pretium sit amet. Maecenas lacinia massa non mauris lacinia ultricies. In elementum mauris risus, et consequat lacus aliquet sed. Nunc eget laoreet est. Maecenas cursus orci at sem cursus consectetur. Donec egestas elementum neque non auctor. Aliquam vitae mauris vestibulum, suscipit nisi vitae, scelerisque libero. Duis ultricies neque elit, et pulvinar nisl facilisis eu.', '&lt;h3&gt;Ea vix periculis sententiae, ea blandit pericula abhorreant pri.&lt;/h3&gt;&lt;p&gt;Lorem ipsum dolor sit amet, mea ad idque detraxit, cu soleat graecis invenire eam. Vidisse suscipit liberavisse has ex, vocibus patrioque vim et, sed ex tation reprehendunt. Mollis volumus no vix, ut qui clita habemus, ipsum senserit est et. Ut has soluta epicurei mediocrem, nibh nostrum his cu, sea clita electram reformidans an.&lt;/p&gt;&lt;p&gt;Est in saepe accusam luptatum. Purto deleniti philosophia eum ea, impetus copiosae id mel. Vis at ignota delenit democritum, te summo tamquam delicata pro. Utinam concludaturque et vim, mei ullum intellegam ei. Eam te illum nostrud, suas sonet corrumpit ea per. Ut sea regione posidonium. Pertinax gubergren ne qui, eos an harum mundi quaestio.&lt;/p&gt;&lt;figure class=&quot;pull-right&quot;&gt;&lt;img src=&quot;/img/media-1.jpg&quot;&gt;&lt;figcaption&gt;Lorem ipsum dolor sit amet, mea ad idque detraxit,&lt;/figcaption&gt;&lt;/figure&gt;&lt;p&gt;Nihil persius id est, iisque tincidunt abhorreant no duo. Eripuit placerat mnesarchum ius at, ei pro laoreet invenire persecuti, per magna tibique scriptorem an. Aeque oportere incorrupte ius ea, utroque erroribus mel in, posse dolore nam in. Per veniam vulputate intellegam et, id usu case reprimique, ne aperiam scaevola sed. Veritus omnesque qui ad. In mei admodum maiorum iracundia, no omnis melius eum, ei erat vivendo his. In pri nonumes suscipit.&lt;/p&gt;&lt;p&gt;Sit nulla quidam et, eam ea legimus deserunt neglegentur. Et veri nostrud vix, meis minimum atomorum ex sea, stet case habemus mea no. Ut dignissim dissentiet his, mei ea delectus delicatissimi, debet dissentiunt te duo. Sonet partiendo et qui, pro et veri solet singulis. Vidit viderer eleifend ad nam. Minimum eligendi suscipit ius et, vis ex laoreet detracto scripserit, at sumo sale solum pro.&lt;/p&gt;&lt;blockquote class=&quot;blockquote&quot;&gt;&lt;p&gt;Ei prima graecis consulatu vix, per cu corpora qualisque voluptaria. Bonorum moderatius in per, ius cu albucius voluptatum. Ne ius torquatos dissentiunt. Brute illum utroque eu quo. Cu tota mediocritatem vis, aliquip cotidieque eu ius, cu lorem suscipit eleifend sit.&lt;/p&gt;&lt;footer class=&quot;blockquote-footer&quot;&gt;John Doe&lt;/footer&gt;&lt;/blockquote&gt;&lt;p&gt;Mei cu diam sonet audiam, his ad impetus fuisset indoctum. Te sit altera qualisque, stet suavitate ne vel. Euismod suavitate duo eu, habemus rationibus neglegentur ei qui. Debet omittam ad usu, ex vero feugait oporteat eos, id usu sint numquam sententiae.&lt;/p&gt;&lt;figure&gt;&lt;img src=&quot;/img/media-2.jpg&quot;&gt;&lt;/figure&gt;&lt;h3&gt;Sit nulla quidam et, eam ea legimus deserunt neglegentur.&lt;/h3&gt;&lt;p&gt;No possim singulis sea, dolores salutatus interpretaris eam ad. An singulis postulant his, an inermis urbanitas mel. Wisi veri noster eu est, diam ridens eum in. Omnium imperdiet patrioque quo in, est sumo persecuti abhorreant ei. Sed feugiat iracundia id, inermis percipit eu has.&lt;/p&gt;&lt;p&gt;In vidit homero ullamcorper his, ea mea senserit constituto, et alia idque congue sit. Postea percipit his ne. Probo movet noluisse in nam, sed ex utroque inermis corrumpit, oratio tation vix at. Usu aperiri assentior at, eam et melius iudicabit pertinacia.&lt;/p&gt;', '2019-10-24 17:04:52', 1),
	(36, 2, 6, 'Post36', 'Lorem ipsum dolor sit amet, consectetur adipiscing elit. Suspendisse ex dui, sagittis sed sodales vitae, laoreet et sem. Cras consectetur nulla id mi finibus suscipit vel mollis risus. Nulla tellus dolor, elementum non fermentum a, pulvinar vitae enim. Ut finibus ipsum lorem, id lobortis arcu pretium sit amet. Maecenas lacinia massa non mauris lacinia ultricies. In elementum mauris risus, et consequat lacus aliquet sed. Nunc eget laoreet est. Maecenas cursus orci at sem cursus consectetur. Donec egestas elementum neque non auctor. Aliquam vitae mauris vestibulum, suscipit nisi vitae, scelerisque libero. Duis ultricies neque elit, et pulvinar nisl facilisis eu.', '&lt;h3&gt;Ea vix periculis sententiae, ea blandit pericula abhorreant pri.&lt;/h3&gt;&lt;p&gt;Lorem ipsum dolor sit amet, mea ad idque detraxit, cu soleat graecis invenire eam. Vidisse suscipit liberavisse has ex, vocibus patrioque vim et, sed ex tation reprehendunt. Mollis volumus no vix, ut qui clita habemus, ipsum senserit est et. Ut has soluta epicurei mediocrem, nibh nostrum his cu, sea clita electram reformidans an.&lt;/p&gt;&lt;p&gt;Est in saepe accusam luptatum. Purto deleniti philosophia eum ea, impetus copiosae id mel. Vis at ignota delenit democritum, te summo tamquam delicata pro. Utinam concludaturque et vim, mei ullum intellegam ei. Eam te illum nostrud, suas sonet corrumpit ea per. Ut sea regione posidonium. Pertinax gubergren ne qui, eos an harum mundi quaestio.&lt;/p&gt;&lt;figure class=&quot;pull-right&quot;&gt;&lt;img src=&quot;/img/media-1.jpg&quot;&gt;&lt;figcaption&gt;Lorem ipsum dolor sit amet, mea ad idque detraxit,&lt;/figcaption&gt;&lt;/figure&gt;&lt;p&gt;Nihil persius id est, iisque tincidunt abhorreant no duo. Eripuit placerat mnesarchum ius at, ei pro laoreet invenire persecuti, per magna tibique scriptorem an. Aeque oportere incorrupte ius ea, utroque erroribus mel in, posse dolore nam in. Per veniam vulputate intellegam et, id usu case reprimique, ne aperiam scaevola sed. Veritus omnesque qui ad. In mei admodum maiorum iracundia, no omnis melius eum, ei erat vivendo his. In pri nonumes suscipit.&lt;/p&gt;&lt;p&gt;Sit nulla quidam et, eam ea legimus deserunt neglegentur. Et veri nostrud vix, meis minimum atomorum ex sea, stet case habemus mea no. Ut dignissim dissentiet his, mei ea delectus delicatissimi, debet dissentiunt te duo. Sonet partiendo et qui, pro et veri solet singulis. Vidit viderer eleifend ad nam. Minimum eligendi suscipit ius et, vis ex laoreet detracto scripserit, at sumo sale solum pro.&lt;/p&gt;&lt;blockquote class=&quot;blockquote&quot;&gt;&lt;p&gt;Ei prima graecis consulatu vix, per cu corpora qualisque voluptaria. Bonorum moderatius in per, ius cu albucius voluptatum. Ne ius torquatos dissentiunt. Brute illum utroque eu quo. Cu tota mediocritatem vis, aliquip cotidieque eu ius, cu lorem suscipit eleifend sit.&lt;/p&gt;&lt;footer class=&quot;blockquote-footer&quot;&gt;John Doe&lt;/footer&gt;&lt;/blockquote&gt;&lt;p&gt;Mei cu diam sonet audiam, his ad impetus fuisset indoctum. Te sit altera qualisque, stet suavitate ne vel. Euismod suavitate duo eu, habemus rationibus neglegentur ei qui. Debet omittam ad usu, ex vero feugait oporteat eos, id usu sint numquam sententiae.&lt;/p&gt;&lt;figure&gt;&lt;img src=&quot;/img/media-2.jpg&quot;&gt;&lt;/figure&gt;&lt;h3&gt;Sit nulla quidam et, eam ea legimus deserunt neglegentur.&lt;/h3&gt;&lt;p&gt;No possim singulis sea, dolores salutatus interpretaris eam ad. An singulis postulant his, an inermis urbanitas mel. Wisi veri noster eu est, diam ridens eum in. Omnium imperdiet patrioque quo in, est sumo persecuti abhorreant ei. Sed feugiat iracundia id, inermis percipit eu has.&lt;/p&gt;&lt;p&gt;In vidit homero ullamcorper his, ea mea senserit constituto, et alia idque congue sit. Postea percipit his ne. Probo movet noluisse in nam, sed ex utroque inermis corrumpit, oratio tation vix at. Usu aperiri assentior at, eam et melius iudicabit pertinacia.&lt;/p&gt;', '2019-10-24 17:04:52', 1),
	(37, 2, 6, 'Post37', 'Lorem ipsum dolor sit amet, consectetur adipiscing elit. Suspendisse ex dui, sagittis sed sodales vitae, laoreet et sem. Cras consectetur nulla id mi finibus suscipit vel mollis risus. Nulla tellus dolor, elementum non fermentum a, pulvinar vitae enim. Ut finibus ipsum lorem, id lobortis arcu pretium sit amet. Maecenas lacinia massa non mauris lacinia ultricies. In elementum mauris risus, et consequat lacus aliquet sed. Nunc eget laoreet est. Maecenas cursus orci at sem cursus consectetur. Donec egestas elementum neque non auctor. Aliquam vitae mauris vestibulum, suscipit nisi vitae, scelerisque libero. Duis ultricies neque elit, et pulvinar nisl facilisis eu.', '&lt;h3&gt;Ea vix periculis sententiae, ea blandit pericula abhorreant pri.&lt;/h3&gt;&lt;p&gt;Lorem ipsum dolor sit amet, mea ad idque detraxit, cu soleat graecis invenire eam. Vidisse suscipit liberavisse has ex, vocibus patrioque vim et, sed ex tation reprehendunt. Mollis volumus no vix, ut qui clita habemus, ipsum senserit est et. Ut has soluta epicurei mediocrem, nibh nostrum his cu, sea clita electram reformidans an.&lt;/p&gt;&lt;p&gt;Est in saepe accusam luptatum. Purto deleniti philosophia eum ea, impetus copiosae id mel. Vis at ignota delenit democritum, te summo tamquam delicata pro. Utinam concludaturque et vim, mei ullum intellegam ei. Eam te illum nostrud, suas sonet corrumpit ea per. Ut sea regione posidonium. Pertinax gubergren ne qui, eos an harum mundi quaestio.&lt;/p&gt;&lt;figure class=&quot;pull-right&quot;&gt;&lt;img src=&quot;/img/media-1.jpg&quot;&gt;&lt;figcaption&gt;Lorem ipsum dolor sit amet, mea ad idque detraxit,&lt;/figcaption&gt;&lt;/figure&gt;&lt;p&gt;Nihil persius id est, iisque tincidunt abhorreant no duo. Eripuit placerat mnesarchum ius at, ei pro laoreet invenire persecuti, per magna tibique scriptorem an. Aeque oportere incorrupte ius ea, utroque erroribus mel in, posse dolore nam in. Per veniam vulputate intellegam et, id usu case reprimique, ne aperiam scaevola sed. Veritus omnesque qui ad. In mei admodum maiorum iracundia, no omnis melius eum, ei erat vivendo his. In pri nonumes suscipit.&lt;/p&gt;&lt;p&gt;Sit nulla quidam et, eam ea legimus deserunt neglegentur. Et veri nostrud vix, meis minimum atomorum ex sea, stet case habemus mea no. Ut dignissim dissentiet his, mei ea delectus delicatissimi, debet dissentiunt te duo. Sonet partiendo et qui, pro et veri solet singulis. Vidit viderer eleifend ad nam. Minimum eligendi suscipit ius et, vis ex laoreet detracto scripserit, at sumo sale solum pro.&lt;/p&gt;&lt;blockquote class=&quot;blockquote&quot;&gt;&lt;p&gt;Ei prima graecis consulatu vix, per cu corpora qualisque voluptaria. Bonorum moderatius in per, ius cu albucius voluptatum. Ne ius torquatos dissentiunt. Brute illum utroque eu quo. Cu tota mediocritatem vis, aliquip cotidieque eu ius, cu lorem suscipit eleifend sit.&lt;/p&gt;&lt;footer class=&quot;blockquote-footer&quot;&gt;John Doe&lt;/footer&gt;&lt;/blockquote&gt;&lt;p&gt;Mei cu diam sonet audiam, his ad impetus fuisset indoctum. Te sit altera qualisque, stet suavitate ne vel. Euismod suavitate duo eu, habemus rationibus neglegentur ei qui. Debet omittam ad usu, ex vero feugait oporteat eos, id usu sint numquam sententiae.&lt;/p&gt;&lt;figure&gt;&lt;img src=&quot;/img/media-2.jpg&quot;&gt;&lt;/figure&gt;&lt;h3&gt;Sit nulla quidam et, eam ea legimus deserunt neglegentur.&lt;/h3&gt;&lt;p&gt;No possim singulis sea, dolores salutatus interpretaris eam ad. An singulis postulant his, an inermis urbanitas mel. Wisi veri noster eu est, diam ridens eum in. Omnium imperdiet patrioque quo in, est sumo persecuti abhorreant ei. Sed feugiat iracundia id, inermis percipit eu has.&lt;/p&gt;&lt;p&gt;In vidit homero ullamcorper his, ea mea senserit constituto, et alia idque congue sit. Postea percipit his ne. Probo movet noluisse in nam, sed ex utroque inermis corrumpit, oratio tation vix at. Usu aperiri assentior at, eam et melius iudicabit pertinacia.&lt;/p&gt;', '2019-10-24 17:04:52', 1),
	(38, 2, 6, 'Post38', 'Lorem ipsum dolor sit amet, consectetur adipiscing elit. Suspendisse ex dui, sagittis sed sodales vitae, laoreet et sem. Cras consectetur nulla id mi finibus suscipit vel mollis risus. Nulla tellus dolor, elementum non fermentum a, pulvinar vitae enim. Ut finibus ipsum lorem, id lobortis arcu pretium sit amet. Maecenas lacinia massa non mauris lacinia ultricies. In elementum mauris risus, et consequat lacus aliquet sed. Nunc eget laoreet est. Maecenas cursus orci at sem cursus consectetur. Donec egestas elementum neque non auctor. Aliquam vitae mauris vestibulum, suscipit nisi vitae, scelerisque libero. Duis ultricies neque elit, et pulvinar nisl facilisis eu.', '&lt;h3&gt;Ea vix periculis sententiae, ea blandit pericula abhorreant pri.&lt;/h3&gt;&lt;p&gt;Lorem ipsum dolor sit amet, mea ad idque detraxit, cu soleat graecis invenire eam. Vidisse suscipit liberavisse has ex, vocibus patrioque vim et, sed ex tation reprehendunt. Mollis volumus no vix, ut qui clita habemus, ipsum senserit est et. Ut has soluta epicurei mediocrem, nibh nostrum his cu, sea clita electram reformidans an.&lt;/p&gt;&lt;p&gt;Est in saepe accusam luptatum. Purto deleniti philosophia eum ea, impetus copiosae id mel. Vis at ignota delenit democritum, te summo tamquam delicata pro. Utinam concludaturque et vim, mei ullum intellegam ei. Eam te illum nostrud, suas sonet corrumpit ea per. Ut sea regione posidonium. Pertinax gubergren ne qui, eos an harum mundi quaestio.&lt;/p&gt;&lt;figure class=&quot;pull-right&quot;&gt;&lt;img src=&quot;/img/media-1.jpg&quot;&gt;&lt;figcaption&gt;Lorem ipsum dolor sit amet, mea ad idque detraxit,&lt;/figcaption&gt;&lt;/figure&gt;&lt;p&gt;Nihil persius id est, iisque tincidunt abhorreant no duo. Eripuit placerat mnesarchum ius at, ei pro laoreet invenire persecuti, per magna tibique scriptorem an. Aeque oportere incorrupte ius ea, utroque erroribus mel in, posse dolore nam in. Per veniam vulputate intellegam et, id usu case reprimique, ne aperiam scaevola sed. Veritus omnesque qui ad. In mei admodum maiorum iracundia, no omnis melius eum, ei erat vivendo his. In pri nonumes suscipit.&lt;/p&gt;&lt;p&gt;Sit nulla quidam et, eam ea legimus deserunt neglegentur. Et veri nostrud vix, meis minimum atomorum ex sea, stet case habemus mea no. Ut dignissim dissentiet his, mei ea delectus delicatissimi, debet dissentiunt te duo. Sonet partiendo et qui, pro et veri solet singulis. Vidit viderer eleifend ad nam. Minimum eligendi suscipit ius et, vis ex laoreet detracto scripserit, at sumo sale solum pro.&lt;/p&gt;&lt;blockquote class=&quot;blockquote&quot;&gt;&lt;p&gt;Ei prima graecis consulatu vix, per cu corpora qualisque voluptaria. Bonorum moderatius in per, ius cu albucius voluptatum. Ne ius torquatos dissentiunt. Brute illum utroque eu quo. Cu tota mediocritatem vis, aliquip cotidieque eu ius, cu lorem suscipit eleifend sit.&lt;/p&gt;&lt;footer class=&quot;blockquote-footer&quot;&gt;John Doe&lt;/footer&gt;&lt;/blockquote&gt;&lt;p&gt;Mei cu diam sonet audiam, his ad impetus fuisset indoctum. Te sit altera qualisque, stet suavitate ne vel. Euismod suavitate duo eu, habemus rationibus neglegentur ei qui. Debet omittam ad usu, ex vero feugait oporteat eos, id usu sint numquam sententiae.&lt;/p&gt;&lt;figure&gt;&lt;img src=&quot;/img/media-2.jpg&quot;&gt;&lt;/figure&gt;&lt;h3&gt;Sit nulla quidam et, eam ea legimus deserunt neglegentur.&lt;/h3&gt;&lt;p&gt;No possim singulis sea, dolores salutatus interpretaris eam ad. An singulis postulant his, an inermis urbanitas mel. Wisi veri noster eu est, diam ridens eum in. Omnium imperdiet patrioque quo in, est sumo persecuti abhorreant ei. Sed feugiat iracundia id, inermis percipit eu has.&lt;/p&gt;&lt;p&gt;In vidit homero ullamcorper his, ea mea senserit constituto, et alia idque congue sit. Postea percipit his ne. Probo movet noluisse in nam, sed ex utroque inermis corrumpit, oratio tation vix at. Usu aperiri assentior at, eam et melius iudicabit pertinacia.&lt;/p&gt;', '2019-10-24 17:04:52', 1),
	(39, 2, 6, 'Post39', 'Lorem ipsum dolor sit amet, consectetur adipiscing elit. Suspendisse ex dui, sagittis sed sodales vitae, laoreet et sem. Cras consectetur nulla id mi finibus suscipit vel mollis risus. Nulla tellus dolor, elementum non fermentum a, pulvinar vitae enim. Ut finibus ipsum lorem, id lobortis arcu pretium sit amet. Maecenas lacinia massa non mauris lacinia ultricies. In elementum mauris risus, et consequat lacus aliquet sed. Nunc eget laoreet est. Maecenas cursus orci at sem cursus consectetur. Donec egestas elementum neque non auctor. Aliquam vitae mauris vestibulum, suscipit nisi vitae, scelerisque libero. Duis ultricies neque elit, et pulvinar nisl facilisis eu.', '&lt;h3&gt;Ea vix periculis sententiae, ea blandit pericula abhorreant pri.&lt;/h3&gt;&lt;p&gt;Lorem ipsum dolor sit amet, mea ad idque detraxit, cu soleat graecis invenire eam. Vidisse suscipit liberavisse has ex, vocibus patrioque vim et, sed ex tation reprehendunt. Mollis volumus no vix, ut qui clita habemus, ipsum senserit est et. Ut has soluta epicurei mediocrem, nibh nostrum his cu, sea clita electram reformidans an.&lt;/p&gt;&lt;p&gt;Est in saepe accusam luptatum. Purto deleniti philosophia eum ea, impetus copiosae id mel. Vis at ignota delenit democritum, te summo tamquam delicata pro. Utinam concludaturque et vim, mei ullum intellegam ei. Eam te illum nostrud, suas sonet corrumpit ea per. Ut sea regione posidonium. Pertinax gubergren ne qui, eos an harum mundi quaestio.&lt;/p&gt;&lt;figure class=&quot;pull-right&quot;&gt;&lt;img src=&quot;/img/media-1.jpg&quot;&gt;&lt;figcaption&gt;Lorem ipsum dolor sit amet, mea ad idque detraxit,&lt;/figcaption&gt;&lt;/figure&gt;&lt;p&gt;Nihil persius id est, iisque tincidunt abhorreant no duo. Eripuit placerat mnesarchum ius at, ei pro laoreet invenire persecuti, per magna tibique scriptorem an. Aeque oportere incorrupte ius ea, utroque erroribus mel in, posse dolore nam in. Per veniam vulputate intellegam et, id usu case reprimique, ne aperiam scaevola sed. Veritus omnesque qui ad. In mei admodum maiorum iracundia, no omnis melius eum, ei erat vivendo his. In pri nonumes suscipit.&lt;/p&gt;&lt;p&gt;Sit nulla quidam et, eam ea legimus deserunt neglegentur. Et veri nostrud vix, meis minimum atomorum ex sea, stet case habemus mea no. Ut dignissim dissentiet his, mei ea delectus delicatissimi, debet dissentiunt te duo. Sonet partiendo et qui, pro et veri solet singulis. Vidit viderer eleifend ad nam. Minimum eligendi suscipit ius et, vis ex laoreet detracto scripserit, at sumo sale solum pro.&lt;/p&gt;&lt;blockquote class=&quot;blockquote&quot;&gt;&lt;p&gt;Ei prima graecis consulatu vix, per cu corpora qualisque voluptaria. Bonorum moderatius in per, ius cu albucius voluptatum. Ne ius torquatos dissentiunt. Brute illum utroque eu quo. Cu tota mediocritatem vis, aliquip cotidieque eu ius, cu lorem suscipit eleifend sit.&lt;/p&gt;&lt;footer class=&quot;blockquote-footer&quot;&gt;John Doe&lt;/footer&gt;&lt;/blockquote&gt;&lt;p&gt;Mei cu diam sonet audiam, his ad impetus fuisset indoctum. Te sit altera qualisque, stet suavitate ne vel. Euismod suavitate duo eu, habemus rationibus neglegentur ei qui. Debet omittam ad usu, ex vero feugait oporteat eos, id usu sint numquam sententiae.&lt;/p&gt;&lt;figure&gt;&lt;img src=&quot;/img/media-2.jpg&quot;&gt;&lt;/figure&gt;&lt;h3&gt;Sit nulla quidam et, eam ea legimus deserunt neglegentur.&lt;/h3&gt;&lt;p&gt;No possim singulis sea, dolores salutatus interpretaris eam ad. An singulis postulant his, an inermis urbanitas mel. Wisi veri noster eu est, diam ridens eum in. Omnium imperdiet patrioque quo in, est sumo persecuti abhorreant ei. Sed feugiat iracundia id, inermis percipit eu has.&lt;/p&gt;&lt;p&gt;In vidit homero ullamcorper his, ea mea senserit constituto, et alia idque congue sit. Postea percipit his ne. Probo movet noluisse in nam, sed ex utroque inermis corrumpit, oratio tation vix at. Usu aperiri assentior at, eam et melius iudicabit pertinacia.&lt;/p&gt;', '2019-10-24 17:04:52', 1),
	(40, 2, 6, 'Post40', 'Lorem ipsum dolor sit amet, consectetur adipiscing elit. Suspendisse ex dui, sagittis sed sodales vitae, laoreet et sem. Cras consectetur nulla id mi finibus suscipit vel mollis risus. Nulla tellus dolor, elementum non fermentum a, pulvinar vitae enim. Ut finibus ipsum lorem, id lobortis arcu pretium sit amet. Maecenas lacinia massa non mauris lacinia ultricies. In elementum mauris risus, et consequat lacus aliquet sed. Nunc eget laoreet est. Maecenas cursus orci at sem cursus consectetur. Donec egestas elementum neque non auctor. Aliquam vitae mauris vestibulum, suscipit nisi vitae, scelerisque libero. Duis ultricies neque elit, et pulvinar nisl facilisis eu.', '&lt;h3&gt;Ea vix periculis sententiae, ea blandit pericula abhorreant pri.&lt;/h3&gt;&lt;p&gt;Lorem ipsum dolor sit amet, mea ad idque detraxit, cu soleat graecis invenire eam. Vidisse suscipit liberavisse has ex, vocibus patrioque vim et, sed ex tation reprehendunt. Mollis volumus no vix, ut qui clita habemus, ipsum senserit est et. Ut has soluta epicurei mediocrem, nibh nostrum his cu, sea clita electram reformidans an.&lt;/p&gt;&lt;p&gt;Est in saepe accusam luptatum. Purto deleniti philosophia eum ea, impetus copiosae id mel. Vis at ignota delenit democritum, te summo tamquam delicata pro. Utinam concludaturque et vim, mei ullum intellegam ei. Eam te illum nostrud, suas sonet corrumpit ea per. Ut sea regione posidonium. Pertinax gubergren ne qui, eos an harum mundi quaestio.&lt;/p&gt;&lt;figure class=&quot;pull-right&quot;&gt;&lt;img src=&quot;/img/media-1.jpg&quot;&gt;&lt;figcaption&gt;Lorem ipsum dolor sit amet, mea ad idque detraxit,&lt;/figcaption&gt;&lt;/figure&gt;&lt;p&gt;Nihil persius id est, iisque tincidunt abhorreant no duo. Eripuit placerat mnesarchum ius at, ei pro laoreet invenire persecuti, per magna tibique scriptorem an. Aeque oportere incorrupte ius ea, utroque erroribus mel in, posse dolore nam in. Per veniam vulputate intellegam et, id usu case reprimique, ne aperiam scaevola sed. Veritus omnesque qui ad. In mei admodum maiorum iracundia, no omnis melius eum, ei erat vivendo his. In pri nonumes suscipit.&lt;/p&gt;&lt;p&gt;Sit nulla quidam et, eam ea legimus deserunt neglegentur. Et veri nostrud vix, meis minimum atomorum ex sea, stet case habemus mea no. Ut dignissim dissentiet his, mei ea delectus delicatissimi, debet dissentiunt te duo. Sonet partiendo et qui, pro et veri solet singulis. Vidit viderer eleifend ad nam. Minimum eligendi suscipit ius et, vis ex laoreet detracto scripserit, at sumo sale solum pro.&lt;/p&gt;&lt;blockquote class=&quot;blockquote&quot;&gt;&lt;p&gt;Ei prima graecis consulatu vix, per cu corpora qualisque voluptaria. Bonorum moderatius in per, ius cu albucius voluptatum. Ne ius torquatos dissentiunt. Brute illum utroque eu quo. Cu tota mediocritatem vis, aliquip cotidieque eu ius, cu lorem suscipit eleifend sit.&lt;/p&gt;&lt;footer class=&quot;blockquote-footer&quot;&gt;John Doe&lt;/footer&gt;&lt;/blockquote&gt;&lt;p&gt;Mei cu diam sonet audiam, his ad impetus fuisset indoctum. Te sit altera qualisque, stet suavitate ne vel. Euismod suavitate duo eu, habemus rationibus neglegentur ei qui. Debet omittam ad usu, ex vero feugait oporteat eos, id usu sint numquam sententiae.&lt;/p&gt;&lt;figure&gt;&lt;img src=&quot;/img/media-2.jpg&quot;&gt;&lt;/figure&gt;&lt;h3&gt;Sit nulla quidam et, eam ea legimus deserunt neglegentur.&lt;/h3&gt;&lt;p&gt;No possim singulis sea, dolores salutatus interpretaris eam ad. An singulis postulant his, an inermis urbanitas mel. Wisi veri noster eu est, diam ridens eum in. Omnium imperdiet patrioque quo in, est sumo persecuti abhorreant ei. Sed feugiat iracundia id, inermis percipit eu has.&lt;/p&gt;&lt;p&gt;In vidit homero ullamcorper his, ea mea senserit constituto, et alia idque congue sit. Postea percipit his ne. Probo movet noluisse in nam, sed ex utroque inermis corrumpit, oratio tation vix at. Usu aperiri assentior at, eam et melius iudicabit pertinacia.&lt;/p&gt;', '2019-10-24 17:04:52', 1);
/*!40000 ALTER TABLE `posts` ENABLE KEYS */;

-- Dumping structure for table tpv-lifecode.posts_authors
CREATE TABLE IF NOT EXISTS `posts_authors` (
  `post_id` int(11) DEFAULT NULL,
  `user_id` int(11) DEFAULT NULL,
  `note` tinytext CHARACTER SET utf8mb4 COLLATE utf8mb4_unicode_ci
) ENGINE=InnoDB DEFAULT CHARSET=utf8mb4 COLLATE=utf8mb4_unicode_ci;

-- Dumping data for table tpv-lifecode.posts_authors: ~42 rows (approximately)
/*!40000 ALTER TABLE `posts_authors` DISABLE KEYS */;
INSERT IGNORE INTO `posts_authors` (`post_id`, `user_id`, `note`) VALUES
	(2, 2, ''),
	(3, 1, NULL),
	(1, 2, NULL),
	(4, 1, NULL),
	(5, 2, NULL),
	(6, 1, NULL),
	(7, 2, NULL),
	(8, 1, NULL),
	(9, 1, NULL),
	(10, 1, NULL),
	(11, 2, NULL),
	(12, 1, NULL),
	(13, 1, NULL),
	(14, 1, NULL),
	(14, 2, NULL),
	(16, 1, NULL),
	(17, 1, NULL),
	(18, 2, NULL),
	(19, 2, NULL),
	(21, 2, NULL),
	(21, 1, NULL),
	(22, 1, NULL),
	(23, 1, NULL),
	(15, 1, NULL),
	(24, 1, NULL),
	(25, 1, NULL),
	(26, 1, NULL),
	(27, 1, NULL),
	(28, 1, NULL),
	(29, 1, NULL),
	(30, 1, NULL),
	(31, 2, NULL),
	(32, 1, NULL),
	(1, 1, NULL),
	(33, 2, NULL),
	(34, 2, NULL),
	(35, 1, NULL),
	(36, 1, NULL),
	(37, 2, NULL),
	(38, 2, NULL),
	(39, 1, NULL),
	(40, 1, NULL);
/*!40000 ALTER TABLE `posts_authors` ENABLE KEYS */;

-- Dumping structure for table tpv-lifecode.posts_images
CREATE TABLE IF NOT EXISTS `posts_images` (
  `image_id` int(11) DEFAULT NULL,
  `post_id` int(11) DEFAULT NULL
) ENGINE=InnoDB DEFAULT CHARSET=utf8 COLLATE=utf8_unicode_ci;

-- Dumping data for table tpv-lifecode.posts_images: ~43 rows (approximately)
/*!40000 ALTER TABLE `posts_images` DISABLE KEYS */;
INSERT IGNORE INTO `posts_images` (`image_id`, `post_id`) VALUES
	(1, 1),
	(2, 1),
	(3, 1),
	(4, 2),
	(5, 2),
	(6, 15),
	(7, 5),
	(8, 6),
	(9, 7),
	(10, 3),
	(11, 4),
	(12, 8),
	(13, 9),
	(14, 10),
	(15, 11),
	(16, 12),
	(17, 13),
	(18, 14),
	(19, 16),
	(1, 17),
	(3, 19),
	(4, 20),
	(5, 21),
	(6, 22),
	(7, 23),
	(8, 24),
	(2, 18),
	(9, 25),
	(11, 27),
	(10, 26),
	(10, 28),
	(11, 29),
	(2, 30),
	(3, 31),
	(10, 32),
	(4, 33),
	(6, 34),
	(9, 36),
	(7, 35),
	(2, 37),
	(5, 38),
	(1, 39),
	(1, 40);
/*!40000 ALTER TABLE `posts_images` ENABLE KEYS */;

-- Dumping structure for table tpv-lifecode.posts_tags
CREATE TABLE IF NOT EXISTS `posts_tags` (
  `tag_id` int(11) DEFAULT NULL,
  `post_id` int(11) DEFAULT NULL,
  `note` text CHARACTER SET utf8 COLLATE utf8_unicode_ci
) ENGINE=InnoDB DEFAULT CHARSET=utf8 COLLATE=utf8_unicode_ci;

-- Dumping data for table tpv-lifecode.posts_tags: ~49 rows (approximately)
/*!40000 ALTER TABLE `posts_tags` DISABLE KEYS */;
INSERT IGNORE INTO `posts_tags` (`tag_id`, `post_id`, `note`) VALUES
	(1, 1, 'xxx'),
	(3, 2, 'xxx'),
	(7, 3, 'yyy'),
	(3, 4, 'xxxx'),
	(4, 6, 'xxxx'),
	(6, 5, 'xxx'),
	(4, 4, 'xxx'),
	(2, 8, 'xxxx'),
	(1, 9, 'xxx'),
	(3, 10, 'xxx'),
	(1, 11, 'xxxx'),
	(2, 12, 'xxxx'),
	(3, 13, 'xxxx'),
	(4, 14, 'xxxx'),
	(2, 1, 'xxx'),
	(3, 1, 'yyy'),
	(10, 13, 'xxxxx'),
	(11, 14, 'xxx'),
	(12, 15, 'xxxxx'),
	(1, 16, 'xxxxx'),
	(2, 17, 'xxxxx'),
	(3, 18, 'xxxxx'),
	(5, 19, 'xxxxx'),
	(6, 20, 'xxxxx'),
	(7, 21, 'xxxxx'),
	(8, 22, 'xxxxx'),
	(9, 23, 'xxxxx'),
	(10, 24, 'xxxxx'),
	(11, 25, 'xxxxx'),
	(12, 27, 'xxxxx'),
	(10, 26, 'xxxxx'),
	(2, 7, 'xxxx'),
	(3, 7, 'xxx'),
	(13, 28, 'xxx'),
	(14, 29, 'xxx'),
	(15, 30, 'xxx'),
	(16, 31, 'xxx'),
	(17, 32, 'xxx'),
	(1, 33, 'xxx'),
	(2, 34, 'xxx'),
	(3, 35, 'xxx'),
	(4, 36, 'xxx'),
	(5, 37, 'xxx'),
	(6, 38, 'xxx'),
	(7, 39, 'xxx'),
	(8, 40, 'xxx'),
	(2, 37, 'xxx'),
	(8, 34, 'xxx'),
	(7, 34, 'xxx');
/*!40000 ALTER TABLE `posts_tags` ENABLE KEYS */;

-- Dumping structure for table tpv-lifecode.roles
CREATE TABLE IF NOT EXISTS `roles` (
  `role_id` bigint(20) NOT NULL AUTO_INCREMENT,
  `name` varchar(60) COLLATE utf8mb4_unicode_ci DEFAULT NULL,
  PRIMARY KEY (`role_id`),
  UNIQUE KEY `UK_nb4h0p6txrmfc0xbrd1kglp9t` (`name`)
) ENGINE=InnoDB AUTO_INCREMENT=3 DEFAULT CHARSET=utf8mb4 COLLATE=utf8mb4_unicode_ci;

-- Dumping data for table tpv-lifecode.roles: ~2 rows (approximately)
/*!40000 ALTER TABLE `roles` DISABLE KEYS */;
INSERT IGNORE INTO `roles` (`role_id`, `name`) VALUES
	(2, 'ROLE_ADMIN'),
	(1, 'ROLE_USER');
/*!40000 ALTER TABLE `roles` ENABLE KEYS */;

-- Dumping structure for table tpv-lifecode.tags
CREATE TABLE IF NOT EXISTS `tags` (
  `tag_id` int(11) DEFAULT NULL,
  `tag` varchar(50) CHARACTER SET utf8 COLLATE utf8_unicode_ci DEFAULT NULL,
  `category_id` int(11) DEFAULT NULL
) ENGINE=InnoDB DEFAULT CHARSET=utf8 COLLATE=utf8_unicode_ci;

-- Dumping data for table tpv-lifecode.tags: ~16 rows (approximately)
/*!40000 ALTER TABLE `tags` DISABLE KEYS */;
INSERT IGNORE INTO `tags` (`tag_id`, `tag`, `category_id`) VALUES
	(1, 'Java', 1),
	(2, 'Java Script', 1),
	(3, 'Python', 1),
	(4, 'SQL', 1),
	(5, 'Lifestyle', 2),
	(6, 'Food', 2),
	(7, 'Adventure', 2),
	(8, 'Travel', 2),
	(9, 'Bussiness', 2),
	(10, 'Contry', 3),
	(11, 'Cultural', 3),
	(12, 'City', 3),
	(13, 'Life', 4),
	(14, 'Family', 4),
	(15, 'Friends', 4),
	(16, 'Company', 4);
/*!40000 ALTER TABLE `tags` ENABLE KEYS */;

-- Dumping structure for table tpv-lifecode.users
CREATE TABLE IF NOT EXISTS `users` (
  `user_id` bigint(20) NOT NULL AUTO_INCREMENT,
  `created_at` datetime NOT NULL,
  `updated_at` datetime NOT NULL,
  `email` varchar(40) COLLATE utf8mb4_unicode_ci DEFAULT NULL,
  `name` varchar(40) COLLATE utf8mb4_unicode_ci DEFAULT NULL,
  `password` varchar(100) COLLATE utf8mb4_unicode_ci DEFAULT NULL,
  `username` varchar(15) COLLATE utf8mb4_unicode_ci DEFAULT NULL,
  `address` varchar(500) COLLATE utf8mb4_unicode_ci DEFAULT NULL,
  `avatar_path` varchar(200) COLLATE utf8mb4_unicode_ci DEFAULT NULL,
  `city` varchar(50) COLLATE utf8mb4_unicode_ci DEFAULT NULL,
  `company_name` varchar(50) COLLATE utf8mb4_unicode_ci DEFAULT NULL,
  `country` varchar(50) COLLATE utf8mb4_unicode_ci DEFAULT NULL,
  `facebook` varchar(100) COLLATE utf8mb4_unicode_ci DEFAULT NULL,
  `instagram` varchar(100) COLLATE utf8mb4_unicode_ci DEFAULT NULL,
  `join_date` datetime DEFAULT NULL,
  `linkedin` varchar(100) COLLATE utf8mb4_unicode_ci DEFAULT NULL,
  `note` varchar(500) COLLATE utf8mb4_unicode_ci DEFAULT NULL,
  `occupation` varchar(50) COLLATE utf8mb4_unicode_ci DEFAULT NULL,
  `phone` int(11) NOT NULL,
  `twitter` varchar(100) CHARACTER SET utf8mb4 COLLATE utf8mb4_unicode_ci DEFAULT NULL,
  `type` varchar(1) COLLATE utf8mb4_unicode_ci DEFAULT NULL,
  `user_type_cd` varchar(1) COLLATE utf8mb4_unicode_ci DEFAULT NULL,
  PRIMARY KEY (`user_id`),
  UNIQUE KEY `UKr43af9ap4edm43mmtq01oddj6` (`username`),
  UNIQUE KEY `UK6dotkott2kjsp8vw4d0m25fb7` (`email`)
) ENGINE=InnoDB AUTO_INCREMENT=4 DEFAULT CHARSET=utf8mb4 COLLATE=utf8mb4_unicode_ci;

-- Dumping data for table tpv-lifecode.users: ~0 rows (approximately)
/*!40000 ALTER TABLE `users` DISABLE KEYS */;
INSERT IGNORE INTO `users` (`user_id`, `created_at`, `updated_at`, `email`, `name`, `password`, `username`, `address`, `avatar_path`, `city`, `company_name`, `country`, `facebook`, `instagram`, `join_date`, `linkedin`, `note`, `occupation`, `phone`, `twitter`, `type`, `user_type_cd`) VALUES
	(1, '2020-01-05 04:18:56', '2020-01-05 04:18:56', 'vinhtran@gmail.com', 'Tran Phuc Vinh', '$2a$10$5ERgZqDh0NwGqVA2qbwE0.oRfkSRrS.v.TkfIXaNP2Z6W16YYcvSa', 'admin', NULL, NULL, NULL, NULL, NULL, NULL, NULL, NULL, NULL, NULL, NULL, 0, NULL, '0', '0'),
	(2, '2020-02-08 14:06:39', '2020-02-08 14:06:39', 'vinhtran123@gmail.com', 'Tran Phuc Vinh', '$2a$10$LFN01fnOwOj5dU4U73PNi.g8wP.9ZrJ1ptdPPmrkOVj5UpJWYk1Sm', 'vinhtran123', NULL, NULL, NULL, NULL, NULL, NULL, NULL, '2020-02-08 14:06:39', NULL, NULL, NULL, 0, NULL, NULL, NULL),
	(3, '2020-02-15 14:30:21', '2020-02-15 14:30:21', 'vinhtranphuc@gmail.com', 'Tran Phuc Vinh', '$2a$10$tzc6Pa6uOM0yzSZG8S/lYuDtVsQIN.X8OwyiPcLj5hnDKKZgnvasq', 'tranphucvinh', NULL, NULL, NULL, NULL, NULL, NULL, NULL, '2020-02-15 14:30:21', NULL, NULL, NULL, 0, NULL, NULL, NULL);
/*!40000 ALTER TABLE `users` ENABLE KEYS */;

-- Dumping structure for table tpv-lifecode.user_roles
CREATE TABLE IF NOT EXISTS `user_roles` (
  `user_id` bigint(20) NOT NULL,
  `role_id` bigint(20) NOT NULL,
  PRIMARY KEY (`user_id`,`role_id`),
  KEY `FKh8ciramu9cc9q3qcqiv4ue8a6` (`role_id`),
  CONSTRAINT `FKh8ciramu9cc9q3qcqiv4ue8a6` FOREIGN KEY (`role_id`) REFERENCES `roles` (`role_id`),
  CONSTRAINT `FKhfh9dx7w3ubf1co1vdev94g3f` FOREIGN KEY (`user_id`) REFERENCES `users` (`user_id`)
) ENGINE=InnoDB DEFAULT CHARSET=utf8mb4 COLLATE=utf8mb4_unicode_ci;

-- Dumping data for table tpv-lifecode.user_roles: ~0 rows (approximately)
/*!40000 ALTER TABLE `user_roles` DISABLE KEYS */;
INSERT IGNORE INTO `user_roles` (`user_id`, `role_id`) VALUES
	(1, 1),
	(2, 1),
	(3, 1);
/*!40000 ALTER TABLE `user_roles` ENABLE KEYS */;

-- Dumping structure for table tpv-lifecode.votes
CREATE TABLE IF NOT EXISTS `votes` (
  `id` bigint(20) NOT NULL AUTO_INCREMENT,
  `created_at` datetime NOT NULL,
  `updated_at` datetime NOT NULL,
  `choice_id` bigint(20) NOT NULL,
  `poll_id` bigint(20) NOT NULL,
  `user_id` bigint(20) NOT NULL,
  PRIMARY KEY (`id`),
  UNIQUE KEY `UK8um9h2wxsdjrgx3rjjwvny676` (`poll_id`,`user_id`),
  KEY `FKomskymhxde3qq9mcukyp1puio` (`choice_id`),
  KEY `FKli4uj3ic2vypf5pialchj925e` (`user_id`),
  CONSTRAINT `FK7trt3uyihr4g13hva9d31puxg` FOREIGN KEY (`poll_id`) REFERENCES `polls` (`poll_id`),
  CONSTRAINT `FKli4uj3ic2vypf5pialchj925e` FOREIGN KEY (`user_id`) REFERENCES `users` (`user_id`),
  CONSTRAINT `FKomskymhxde3qq9mcukyp1puio` FOREIGN KEY (`choice_id`) REFERENCES `choices` (`choice_id`)
) ENGINE=InnoDB DEFAULT CHARSET=utf8mb4 COLLATE=utf8mb4_unicode_ci;

-- Dumping data for table tpv-lifecode.votes: ~0 rows (approximately)
/*!40000 ALTER TABLE `votes` DISABLE KEYS */;
/*!40000 ALTER TABLE `votes` ENABLE KEYS */;

/*!40101 SET SQL_MODE=IFNULL(@OLD_SQL_MODE, '') */;
/*!40014 SET FOREIGN_KEY_CHECKS=IF(@OLD_FOREIGN_KEY_CHECKS IS NULL, 1, @OLD_FOREIGN_KEY_CHECKS) */;
/*!40101 SET CHARACTER_SET_CLIENT=@OLD_CHARACTER_SET_CLIENT */;
