-- --------------------------------------------------------
-- Host:                         127.0.0.1
-- Server version:               8.0.16 - MySQL Community Server - GPL
-- Server OS:                    Win64
-- HeidiSQL Version:             10.2.0.5599
-- --------------------------------------------------------

/*!40101 SET @OLD_CHARACTER_SET_CLIENT=@@CHARACTER_SET_CLIENT */;
/*!40101 SET NAMES utf8 */;
/*!50503 SET NAMES utf8mb4 */;
/*!40014 SET @OLD_FOREIGN_KEY_CHECKS=@@FOREIGN_KEY_CHECKS, FOREIGN_KEY_CHECKS=0 */;
/*!40101 SET @OLD_SQL_MODE=@@SQL_MODE, SQL_MODE='NO_AUTO_VALUE_ON_ZERO' */;

-- Dumping structure for table lifecode-test.categories
CREATE TABLE IF NOT EXISTS `categories` (
  `category_id` bigint(20) NOT NULL AUTO_INCREMENT,
  `category` varchar(50) COLLATE utf8mb4_unicode_ci DEFAULT NULL,
  `category_img` varchar(70) COLLATE utf8mb4_unicode_ci DEFAULT NULL,
  PRIMARY KEY (`category_id`)
) ENGINE=InnoDB AUTO_INCREMENT=5 DEFAULT CHARSET=utf8mb4 COLLATE=utf8mb4_unicode_ci;

-- Dumping data for table lifecode-test.categories: ~4 rows (approximately)
/*!40000 ALTER TABLE `categories` DISABLE KEYS */;
INSERT IGNORE INTO `categories` (`category_id`, `category`, `category_img`) VALUES
	(1, 'Life', '/img/header-2.jpg'),
	(2, 'Code', '/img/header-2.jpg'),
	(3, 'Photographs', '/img/header-2.jpg'),
	(4, 'Travel', '/img/header-2.jpg');
/*!40000 ALTER TABLE `categories` ENABLE KEYS */;

-- Dumping structure for table lifecode-test.comments
CREATE TABLE IF NOT EXISTS `comments` (
  `comment_id` bigint(20) NOT NULL AUTO_INCREMENT,
  `created_at` datetime NOT NULL,
  `updated_at` datetime NOT NULL,
  `comment` longtext COLLATE utf8mb4_unicode_ci,
  `comment_parent_id` bigint(20) DEFAULT NULL,
  `post_id` bigint(20) DEFAULT NULL,
  `user_id` bigint(20) DEFAULT NULL,
  PRIMARY KEY (`comment_id`),
  KEY `FKh4c7lvsc298whoyd4w9ta25cr` (`post_id`),
  KEY `FK8omq0tc18jd43bu5tjh6jvraq` (`user_id`),
  CONSTRAINT `FK8omq0tc18jd43bu5tjh6jvraq` FOREIGN KEY (`user_id`) REFERENCES `users` (`user_id`),
  CONSTRAINT `FKh4c7lvsc298whoyd4w9ta25cr` FOREIGN KEY (`post_id`) REFERENCES `posts` (`post_id`)
) ENGINE=InnoDB AUTO_INCREMENT=17 DEFAULT CHARSET=utf8mb4 COLLATE=utf8mb4_unicode_ci;

-- Dumping data for table lifecode-test.comments: ~16 rows (approximately)
/*!40000 ALTER TABLE `comments` DISABLE KEYS */;
INSERT IGNORE INTO `comments` (`comment_id`, `created_at`, `updated_at`, `comment`, `comment_parent_id`, `post_id`, `user_id`) VALUES
	(1, '2019-04-19 15:20:40', '2020-03-06 15:20:40', 'Lorem ipsum dolor sit amet, consectetur adipisicing elit. Pariatur quidem laborum necessitatibus, ipsam impedit vitae autem, eum officia, fugiat saepe enim sapiente iste iure! Quam voluptas earum impedit necessitatibus, nihil?', 0, 1, 1),
	(2, '2019-04-19 15:20:49', '2020-03-06 15:20:40', 'Lorem ipsum dolor sit amet, consectetur adipisicing elit. Pariatur quidem laborum necessitatibus, ipsam impedit vitae autem, eum officia, fugiat saepe enim sapiente iste iure! Quam voluptas earum impedit necessitatibus, nihil?', 1, 1, 1),
	(3, '2019-04-19 15:21:03', '2020-03-06 15:20:40', 'Lorem ipsum dolor sit amet, consectetur adipisicing elit. Pariatur quidem laborum necessitatibus, ipsam impedit vitae autem, eum officia, fugiat saepe enim sapiente iste iure! Quam voluptas earum impedit necessitatibus, nihil?', 2, 1, 1),
	(4, '2019-04-19 15:21:17', '2020-03-06 15:20:40', 'Lorem ipsum dolor sit amet, consectetur adipisicing elit. Pariatur quidem laborum necessitatibus, ipsam impedit vitae autem, eum officia, fugiat saepe enim sapiente iste iure! Quam voluptas earum impedit necessitatibus, nihil?', 0, 2, 1),
	(5, '2019-04-19 15:21:53', '2020-03-06 15:20:40', 'Lorem ipsum dolor sit amet, consectetur adipisicing elit. Pariatur quidem laborum necessitatibus, ipsam impedit vitae autem, eum officia, fugiat saepe enim sapiente iste iure! Quam voluptas earum impedit necessitatibus, nihil?', 4, 2, 1),
	(6, '2019-04-19 15:22:25', '2020-03-06 15:20:40', 'Lorem ipsum dolor sit amet, consectetur adipisicing elit. Pariatur quidem laborum necessitatibus, ipsam impedit vitae autem, eum officia, fugiat saepe enim sapiente iste iure! Quam voluptas earum impedit necessitatibus, nihil?', 5, 1, 1),
	(7, '2019-04-29 09:16:21', '2020-03-06 15:20:40', 'Lorem ipsum dolor sit amet, consectetur adipisicing elit. Pariatur quidem laborum necessitatibus, ipsam impedit vitae autem, eum officia, fugiat saepe enim sapiente iste iure! Quam voluptas earum impedit necessitatibus, nihil?', 0, 1, 1),
	(8, '2019-04-29 09:16:23', '2020-03-06 15:20:40', 'Lorem ipsum dolor sit amet, consectetur adipisicing elit. Pariatur quidem laborum necessitatibus, ipsam impedit vitae autem, eum officia, fugiat saepe enim sapiente iste iure! Quam voluptas earum impedit necessitatibus, nihil?', 0, 1, 1),
	(9, '2019-04-29 09:24:03', '2020-03-06 15:20:40', 'Lorem ipsum dolor sit amet, consectetur adipisicing elit. Pariatur quidem laborum necessitatibus, ipsam impedit vitae autem, eum officia, fugiat saepe enim sapiente iste iure! Quam voluptas earum impedit necessitatibus, nihil?', 1, 1, 1),
	(10, '2019-04-29 09:24:33', '2020-03-06 15:20:40', 'Lorem ipsum dolor sit amet, consectetur adipisicing elit. Pariatur quidem laborum necessitatibus, ipsam impedit vitae autem, eum officia, fugiat saepe enim sapiente iste iure! Quam voluptas earum impedit necessitatibus, nihil?', 1, 1, 1),
	(11, '2019-04-29 11:30:11', '2020-03-06 15:20:40', 'Lorem ipsum dolor sit amet, consectetur adipisicing elit. Pariatur quidem laborum necessitatibus, ipsam impedit vitae autem, eum officia, fugiat saepe enim sapiente iste iure! Quam voluptas earum impedit necessitatibus, nihil?', 10, 1, 1),
	(12, '2019-04-29 14:02:41', '2020-03-06 15:20:40', 'Lorem ipsum dolor sit amet, consectetur adipisicing elit. Pariatur quidem laborum necessitatibus, ipsam impedit vitae autem, eum officia, fugiat saepe enim sapiente iste iure! Quam voluptas earum impedit necessitatibus, nihil?', 11, 1, 1),
	(13, '2019-04-29 14:02:56', '2020-03-06 15:20:40', 'Lorem ipsum dolor sit amet, consectetur adipisicing elit. Pariatur quidem laborum necessitatibus, ipsam impedit vitae autem, eum officia, fugiat saepe enim sapiente iste iure! Quam voluptas earum impedit necessitatibus, nihil?', 12, 1, 1),
	(14, '2019-04-29 14:35:26', '2020-03-06 15:20:40', 'Lorem ipsum dolor sit amet, consectetur adipisicing elit. Pariatur quidem laborum necessitatibus, ipsam impedit vitae autem, eum officia, fugiat saepe enim sapiente iste iure! Quam voluptas earum impedit necessitatibus, nihil?', 7, 1, 1),
	(15, '2019-04-29 14:35:44', '2020-03-06 15:20:40', 'Lorem ipsum dolor sit amet, consectetur adipisicing elit. Pariatur quidem laborum necessitatibus, ipsam impedit vitae autem, eum officia, fugiat saepe enim sapiente iste iure! Quam voluptas earum impedit necessitatibus, nihil?', 14, 1, 1),
	(16, '2019-04-29 14:35:58', '2020-03-06 15:20:40', 'Lorem ipsum dolor sit amet, consectetur adipisicing elit. Pariatur quidem laborum necessitatibus, ipsam impedit vitae autem, eum officia, fugiat saepe enim sapiente iste iure! Quam voluptas earum impedit necessitatibus, nihil?', 8, 1, 1);
/*!40000 ALTER TABLE `comments` ENABLE KEYS */;

-- Dumping structure for table lifecode-test.images
CREATE TABLE IF NOT EXISTS `images` (
  `image_id` bigint(20) NOT NULL AUTO_INCREMENT,
  `path` varchar(500) COLLATE utf8mb4_unicode_ci DEFAULT NULL,
  PRIMARY KEY (`image_id`)
) ENGINE=InnoDB AUTO_INCREMENT=20 DEFAULT CHARSET=utf8mb4 COLLATE=utf8mb4_unicode_ci;

-- Dumping data for table lifecode-test.images: ~19 rows (approximately)
/*!40000 ALTER TABLE `images` DISABLE KEYS */;
INSERT IGNORE INTO `images` (`image_id`, `path`) VALUES
	(1, '/img/post-1.jpg'),
	(2, '/img/post-4.jpg'),
	(3, '/img/post-3.jpg'),
	(4, '/img/post-2.jpg'),
	(5, '/img/post-6.jpg'),
	(6, '/img/post-5.jpg'),
	(7, '/img/post-7.jpg'),
	(8, '/img/post-8.jpg'),
	(9, '/img/post-9.jpg'),
	(10, '/img/post-10.jpg'),
	(11, '/img/post-11.jpg'),
	(12, '/img/post-12.jpg'),
	(13, '/img/post-13.jpg'),
	(14, '/img/post-3.jpg'),
	(15, '/img/post-4.jpg'),
	(16, '/img/post-5.jpg'),
	(17, '/img/post-1.jpg'),
	(18, '/img/post-7.jpg'),
	(19, '/img/post-4.jpg');
/*!40000 ALTER TABLE `images` ENABLE KEYS */;

-- Dumping structure for table lifecode-test.posts
CREATE TABLE IF NOT EXISTS `posts` (
  `post_id` bigint(20) NOT NULL AUTO_INCREMENT,
  `created_at` datetime NOT NULL,
  `updated_at` datetime NOT NULL,
  `content` longtext COLLATE utf8mb4_unicode_ci,
  `level` int(11) NOT NULL,
  `sumary` longtext COLLATE utf8mb4_unicode_ci,
  `times_of_view` int(11) NOT NULL,
  `title` longtext COLLATE utf8mb4_unicode_ci,
  `category_id` bigint(20) DEFAULT NULL,
  PRIMARY KEY (`post_id`),
  KEY `FKijnwr3brs8vaosl80jg9rp7uc` (`category_id`),
  CONSTRAINT `FKijnwr3brs8vaosl80jg9rp7uc` FOREIGN KEY (`category_id`) REFERENCES `categories` (`category_id`)
) ENGINE=InnoDB AUTO_INCREMENT=41 DEFAULT CHARSET=utf8mb4 COLLATE=utf8mb4_unicode_ci;

-- Dumping data for table lifecode-test.posts: ~39 rows (approximately)
/*!40000 ALTER TABLE `posts` DISABLE KEYS */;
INSERT IGNORE INTO `posts` (`post_id`, `created_at`, `updated_at`, `content`, `level`, `sumary`, `times_of_view`, `title`, `category_id`) VALUES
	(1, '2019-09-22 21:06:09', '0000-00-00 00:00:00', '&lt;h3&gt;Ea vix periculis sententiae, ea blandit pericula abhorreant pri.&lt;/h3&gt;&lt;p&gt;Lorem ipsum dolor sit amet, mea ad idque detraxit, cu soleat graecis invenire eam. Vidisse suscipit liberavisse has ex, vocibus patrioque vim et, sed ex tation reprehendunt. Mollis volumus no vix, ut qui clita habemus, ipsum senserit est et. Ut has soluta epicurei mediocrem, nibh nostrum his cu, sea clita electram reformidans an.&lt;/p&gt;&lt;p&gt;Est in saepe accusam luptatum. Purto deleniti philosophia eum ea, impetus copiosae id mel. Vis at ignota delenit democritum, te summo tamquam delicata pro. Utinam concludaturque et vim, mei ullum intellegam ei. Eam te illum nostrud, suas sonet corrumpit ea per. Ut sea regione posidonium. Pertinax gubergren ne qui, eos an harum mundi quaestio.&lt;/p&gt;&lt;figure class=&quot;pull-right&quot;&gt;&lt;img src=&quot;/img/media-1.jpg&quot;&gt;&lt;figcaption&gt;Lorem ipsum dolor sit amet, mea ad idque detraxit,&lt;/figcaption&gt;&lt;/figure&gt;&lt;p&gt;Nihil persius id est, iisque tincidunt abhorreant no duo. Eripuit placerat mnesarchum ius at, ei pro laoreet invenire persecuti, per magna tibique scriptorem an. Aeque oportere incorrupte ius ea, utroque erroribus mel in, posse dolore nam in. Per veniam vulputate intellegam et, id usu case reprimique, ne aperiam scaevola sed. Veritus omnesque qui ad. In mei admodum maiorum iracundia, no omnis melius eum, ei erat vivendo his. In pri nonumes suscipit.&lt;/p&gt;&lt;p&gt;Sit nulla quidam et, eam ea legimus deserunt neglegentur. Et veri nostrud vix, meis minimum atomorum ex sea, stet case habemus mea no. Ut dignissim dissentiet his, mei ea delectus delicatissimi, debet dissentiunt te duo. Sonet partiendo et qui, pro et veri solet singulis. Vidit viderer eleifend ad nam. Minimum eligendi suscipit ius et, vis ex laoreet detracto scripserit, at sumo sale solum pro.&lt;/p&gt;&lt;blockquote class=&quot;blockquote&quot;&gt;&lt;p&gt;Ei prima graecis consulatu vix, per cu corpora qualisque voluptaria. Bonorum moderatius in per, ius cu albucius voluptatum. Ne ius torquatos dissentiunt. Brute illum utroque eu quo. Cu tota mediocritatem vis, aliquip cotidieque eu ius, cu lorem suscipit eleifend sit.&lt;/p&gt;&lt;footer class=&quot;blockquote-footer&quot;&gt;John Doe&lt;/footer&gt;&lt;/blockquote&gt;&lt;p&gt;Mei cu diam sonet audiam, his ad impetus fuisset indoctum. Te sit altera qualisque, stet suavitate ne vel. Euismod suavitate duo eu, habemus rationibus neglegentur ei qui. Debet omittam ad usu, ex vero feugait oporteat eos, id usu sint numquam sententiae.&lt;/p&gt;&lt;figure&gt;&lt;img src=&quot;/img/media-2.jpg&quot;&gt;&lt;/figure&gt;&lt;h3&gt;Sit nulla quidam et, eam ea legimus deserunt neglegentur.&lt;/h3&gt;&lt;p&gt;No possim singulis sea, dolores salutatus interpretaris eam ad. An singulis postulant his, an inermis urbanitas mel. Wisi veri noster eu est, diam ridens eum in. Omnium imperdiet patrioque quo in, est sumo persecuti abhorreant ei. Sed feugiat iracundia id, inermis percipit eu has.&lt;/p&gt;&lt;p&gt;In vidit homero ullamcorper his, ea mea senserit constituto, et alia idque congue sit. Postea percipit his ne. Probo movet noluisse in nam, sed ex utroque inermis corrumpit, oratio tation vix at. Usu aperiri assentior at, eam et melius iudicabit pertinacia.&lt;/p&gt;', 1, 'Lorem ipsum dolor sit amet, consectetur adipiscing elit. Suspendisse ex dui, sagittis sed sodales vitae, laoreet et sem. Cras consectetur nulla id mi finibus suscipit vel mollis risus. Nulla tellus dolor, elementum non fermentum a, pulvinar vitae enim. Ut finibus ipsum lorem, id lobortis arcu pretium sit amet. Maecenas lacinia massa non mauris lacinia ultricies. In elementum mauris risus, et consequat lacus aliquet sed. Nunc eget laoreet est. Maecenas cursus orci at sem cursus consectetur. Donec egestas elementum neque non auctor. Aliquam vitae mauris vestibulum, suscipit nisi vitae, scelerisque libero. Duis ultricies neque elit, et pulvinar nisl facilisis eu.', 1, 'Post1', 2),
	(2, '2019-09-15 17:10:30', '0000-00-00 00:00:00', '&lt;h3&gt;Ea vix periculis sententiae, ea blandit pericula abhorreant pri.&lt;/h3&gt;&lt;p&gt;Lorem ipsum dolor sit amet, mea ad idque detraxit, cu soleat graecis invenire eam. Vidisse suscipit liberavisse has ex, vocibus patrioque vim et, sed ex tation reprehendunt. Mollis volumus no vix, ut qui clita habemus, ipsum senserit est et. Ut has soluta epicurei mediocrem, nibh nostrum his cu, sea clita electram reformidans an.&lt;/p&gt;&lt;p&gt;Est in saepe accusam luptatum. Purto deleniti philosophia eum ea, impetus copiosae id mel. Vis at ignota delenit democritum, te summo tamquam delicata pro. Utinam concludaturque et vim, mei ullum intellegam ei. Eam te illum nostrud, suas sonet corrumpit ea per. Ut sea regione posidonium. Pertinax gubergren ne qui, eos an harum mundi quaestio.&lt;/p&gt;&lt;figure class=&quot;pull-right&quot;&gt;&lt;img src=&quot;/img/media-1.jpg&quot;&gt;&lt;figcaption&gt;Lorem ipsum dolor sit amet, mea ad idque detraxit,&lt;/figcaption&gt;&lt;/figure&gt;&lt;p&gt;Nihil persius id est, iisque tincidunt abhorreant no duo. Eripuit placerat mnesarchum ius at, ei pro laoreet invenire persecuti, per magna tibique scriptorem an. Aeque oportere incorrupte ius ea, utroque erroribus mel in, posse dolore nam in. Per veniam vulputate intellegam et, id usu case reprimique, ne aperiam scaevola sed. Veritus omnesque qui ad. In mei admodum maiorum iracundia, no omnis melius eum, ei erat vivendo his. In pri nonumes suscipit.&lt;/p&gt;&lt;p&gt;Sit nulla quidam et, eam ea legimus deserunt neglegentur. Et veri nostrud vix, meis minimum atomorum ex sea, stet case habemus mea no. Ut dignissim dissentiet his, mei ea delectus delicatissimi, debet dissentiunt te duo. Sonet partiendo et qui, pro et veri solet singulis. Vidit viderer eleifend ad nam. Minimum eligendi suscipit ius et, vis ex laoreet detracto scripserit, at sumo sale solum pro.&lt;/p&gt;&lt;blockquote class=&quot;blockquote&quot;&gt;&lt;p&gt;Ei prima graecis consulatu vix, per cu corpora qualisque voluptaria. Bonorum moderatius in per, ius cu albucius voluptatum. Ne ius torquatos dissentiunt. Brute illum utroque eu quo. Cu tota mediocritatem vis, aliquip cotidieque eu ius, cu lorem suscipit eleifend sit.&lt;/p&gt;&lt;footer class=&quot;blockquote-footer&quot;&gt;John Doe&lt;/footer&gt;&lt;/blockquote&gt;&lt;p&gt;Mei cu diam sonet audiam, his ad impetus fuisset indoctum. Te sit altera qualisque, stet suavitate ne vel. Euismod suavitate duo eu, habemus rationibus neglegentur ei qui. Debet omittam ad usu, ex vero feugait oporteat eos, id usu sint numquam sententiae.&lt;/p&gt;&lt;figure&gt;&lt;img src=&quot;/img/media-2.jpg&quot;&gt;&lt;/figure&gt;&lt;h3&gt;Sit nulla quidam et, eam ea legimus deserunt neglegentur.&lt;/h3&gt;&lt;p&gt;No possim singulis sea, dolores salutatus interpretaris eam ad. An singulis postulant his, an inermis urbanitas mel. Wisi veri noster eu est, diam ridens eum in. Omnium imperdiet patrioque quo in, est sumo persecuti abhorreant ei. Sed feugiat iracundia id, inermis percipit eu has.&lt;/p&gt;&lt;p&gt;In vidit homero ullamcorper his, ea mea senserit constituto, et alia idque congue sit. Postea percipit his ne. Probo movet noluisse in nam, sed ex utroque inermis corrumpit, oratio tation vix at. Usu aperiri assentior at, eam et melius iudicabit pertinacia.&lt;/p&gt;', 2, 'Lorem ipsum dolor sit amet, consectetur adipiscing elit. Suspendisse ex dui, sagittis sed sodales vitae, laoreet et sem. Cras consectetur nulla id mi finibus suscipit vel mollis risus. Nulla tellus dolor, elementum non fermentum a, pulvinar vitae enim. Ut finibus ipsum lorem, id lobortis arcu pretium sit amet. Maecenas lacinia massa non mauris lacinia ultricies. In elementum mauris risus, et consequat lacus aliquet sed. Nunc eget laoreet est. Maecenas cursus orci at sem cursus consectetur. Donec egestas elementum neque non auctor. Aliquam vitae mauris vestibulum, suscipit nisi vitae, scelerisque libero. Duis ultricies neque elit, et pulvinar nisl facilisis eu.', 2, 'PostXXX', 1),
	(3, '2019-09-22 11:36:25', '0000-00-00 00:00:00', '&lt;h3&gt;Ea vix periculis sententiae, ea blandit pericula abhorreant pri.&lt;/h3&gt;&lt;p&gt;Lorem ipsum dolor sit amet, mea ad idque detraxit, cu soleat graecis invenire eam. Vidisse suscipit liberavisse has ex, vocibus patrioque vim et, sed ex tation reprehendunt. Mollis volumus no vix, ut qui clita habemus, ipsum senserit est et. Ut has soluta epicurei mediocrem, nibh nostrum his cu, sea clita electram reformidans an.&lt;/p&gt;&lt;p&gt;Est in saepe accusam luptatum. Purto deleniti philosophia eum ea, impetus copiosae id mel. Vis at ignota delenit democritum, te summo tamquam delicata pro. Utinam concludaturque et vim, mei ullum intellegam ei. Eam te illum nostrud, suas sonet corrumpit ea per. Ut sea regione posidonium. Pertinax gubergren ne qui, eos an harum mundi quaestio.&lt;/p&gt;&lt;figure class=&quot;pull-right&quot;&gt;&lt;img src=&quot;/img/media-1.jpg&quot;&gt;&lt;figcaption&gt;Lorem ipsum dolor sit amet, mea ad idque detraxit,&lt;/figcaption&gt;&lt;/figure&gt;&lt;p&gt;Nihil persius id est, iisque tincidunt abhorreant no duo. Eripuit placerat mnesarchum ius at, ei pro laoreet invenire persecuti, per magna tibique scriptorem an. Aeque oportere incorrupte ius ea, utroque erroribus mel in, posse dolore nam in. Per veniam vulputate intellegam et, id usu case reprimique, ne aperiam scaevola sed. Veritus omnesque qui ad. In mei admodum maiorum iracundia, no omnis melius eum, ei erat vivendo his. In pri nonumes suscipit.&lt;/p&gt;&lt;p&gt;Sit nulla quidam et, eam ea legimus deserunt neglegentur. Et veri nostrud vix, meis minimum atomorum ex sea, stet case habemus mea no. Ut dignissim dissentiet his, mei ea delectus delicatissimi, debet dissentiunt te duo. Sonet partiendo et qui, pro et veri solet singulis. Vidit viderer eleifend ad nam. Minimum eligendi suscipit ius et, vis ex laoreet detracto scripserit, at sumo sale solum pro.&lt;/p&gt;&lt;blockquote class=&quot;blockquote&quot;&gt;&lt;p&gt;Ei prima graecis consulatu vix, per cu corpora qualisque voluptaria. Bonorum moderatius in per, ius cu albucius voluptatum. Ne ius torquatos dissentiunt. Brute illum utroque eu quo. Cu tota mediocritatem vis, aliquip cotidieque eu ius, cu lorem suscipit eleifend sit.&lt;/p&gt;&lt;footer class=&quot;blockquote-footer&quot;&gt;John Doe&lt;/footer&gt;&lt;/blockquote&gt;&lt;p&gt;Mei cu diam sonet audiam, his ad impetus fuisset indoctum. Te sit altera qualisque, stet suavitate ne vel. Euismod suavitate duo eu, habemus rationibus neglegentur ei qui. Debet omittam ad usu, ex vero feugait oporteat eos, id usu sint numquam sententiae.&lt;/p&gt;&lt;figure&gt;&lt;img src=&quot;/img/media-2.jpg&quot;&gt;&lt;/figure&gt;&lt;h3&gt;Sit nulla quidam et, eam ea legimus deserunt neglegentur.&lt;/h3&gt;&lt;p&gt;No possim singulis sea, dolores salutatus interpretaris eam ad. An singulis postulant his, an inermis urbanitas mel. Wisi veri noster eu est, diam ridens eum in. Omnium imperdiet patrioque quo in, est sumo persecuti abhorreant ei. Sed feugiat iracundia id, inermis percipit eu has.&lt;/p&gt;&lt;p&gt;In vidit homero ullamcorper his, ea mea senserit constituto, et alia idque congue sit. Postea percipit his ne. Probo movet noluisse in nam, sed ex utroque inermis corrumpit, oratio tation vix at. Usu aperiri assentior at, eam et melius iudicabit pertinacia.&lt;/p&gt;', 1, 'Lorem ipsum dolor sit amet, consectetur adipiscing elit. Suspendisse ex dui, sagittis sed sodales vitae, laoreet et sem. Cras consectetur nulla id mi finibus suscipit vel mollis risus. Nulla tellus dolor, elementum non fermentum a, pulvinar vitae enim. Ut finibus ipsum lorem, id lobortis arcu pretium sit amet. Maecenas lacinia massa non mauris lacinia ultricies. In elementum mauris risus, et consequat lacus aliquet sed. Nunc eget laoreet est. Maecenas cursus orci at sem cursus consectetur. Donec egestas elementum neque non auctor. Aliquam vitae mauris vestibulum, suscipit nisi vitae, scelerisque libero. Duis ultricies neque elit, et pulvinar nisl facilisis eu.', 2, 'Post3', 1),
	(4, '2019-09-22 11:36:45', '0000-00-00 00:00:00', '&lt;h3&gt;Ea vix periculis sententiae, ea blandit pericula abhorreant pri.&lt;/h3&gt;&lt;p&gt;Lorem ipsum dolor sit amet, mea ad idque detraxit, cu soleat graecis invenire eam. Vidisse suscipit liberavisse has ex, vocibus patrioque vim et, sed ex tation reprehendunt. Mollis volumus no vix, ut qui clita habemus, ipsum senserit est et. Ut has soluta epicurei mediocrem, nibh nostrum his cu, sea clita electram reformidans an.&lt;/p&gt;&lt;p&gt;Est in saepe accusam luptatum. Purto deleniti philosophia eum ea, impetus copiosae id mel. Vis at ignota delenit democritum, te summo tamquam delicata pro. Utinam concludaturque et vim, mei ullum intellegam ei. Eam te illum nostrud, suas sonet corrumpit ea per. Ut sea regione posidonium. Pertinax gubergren ne qui, eos an harum mundi quaestio.&lt;/p&gt;&lt;figure class=&quot;pull-right&quot;&gt;&lt;img src=&quot;/img/media-1.jpg&quot;&gt;&lt;figcaption&gt;Lorem ipsum dolor sit amet, mea ad idque detraxit,&lt;/figcaption&gt;&lt;/figure&gt;&lt;p&gt;Nihil persius id est, iisque tincidunt abhorreant no duo. Eripuit placerat mnesarchum ius at, ei pro laoreet invenire persecuti, per magna tibique scriptorem an. Aeque oportere incorrupte ius ea, utroque erroribus mel in, posse dolore nam in. Per veniam vulputate intellegam et, id usu case reprimique, ne aperiam scaevola sed. Veritus omnesque qui ad. In mei admodum maiorum iracundia, no omnis melius eum, ei erat vivendo his. In pri nonumes suscipit.&lt;/p&gt;&lt;p&gt;Sit nulla quidam et, eam ea legimus deserunt neglegentur. Et veri nostrud vix, meis minimum atomorum ex sea, stet case habemus mea no. Ut dignissim dissentiet his, mei ea delectus delicatissimi, debet dissentiunt te duo. Sonet partiendo et qui, pro et veri solet singulis. Vidit viderer eleifend ad nam. Minimum eligendi suscipit ius et, vis ex laoreet detracto scripserit, at sumo sale solum pro.&lt;/p&gt;&lt;blockquote class=&quot;blockquote&quot;&gt;&lt;p&gt;Ei prima graecis consulatu vix, per cu corpora qualisque voluptaria. Bonorum moderatius in per, ius cu albucius voluptatum. Ne ius torquatos dissentiunt. Brute illum utroque eu quo. Cu tota mediocritatem vis, aliquip cotidieque eu ius, cu lorem suscipit eleifend sit.&lt;/p&gt;&lt;footer class=&quot;blockquote-footer&quot;&gt;John Doe&lt;/footer&gt;&lt;/blockquote&gt;&lt;p&gt;Mei cu diam sonet audiam, his ad impetus fuisset indoctum. Te sit altera qualisque, stet suavitate ne vel. Euismod suavitate duo eu, habemus rationibus neglegentur ei qui. Debet omittam ad usu, ex vero feugait oporteat eos, id usu sint numquam sententiae.&lt;/p&gt;&lt;figure&gt;&lt;img src=&quot;/img/media-2.jpg&quot;&gt;&lt;/figure&gt;&lt;h3&gt;Sit nulla quidam et, eam ea legimus deserunt neglegentur.&lt;/h3&gt;&lt;p&gt;No possim singulis sea, dolores salutatus interpretaris eam ad. An singulis postulant his, an inermis urbanitas mel. Wisi veri noster eu est, diam ridens eum in. Omnium imperdiet patrioque quo in, est sumo persecuti abhorreant ei. Sed feugiat iracundia id, inermis percipit eu has.&lt;/p&gt;&lt;p&gt;In vidit homero ullamcorper his, ea mea senserit constituto, et alia idque congue sit. Postea percipit his ne. Probo movet noluisse in nam, sed ex utroque inermis corrumpit, oratio tation vix at. Usu aperiri assentior at, eam et melius iudicabit pertinacia.&lt;/p&gt;', 4, 'Lorem ipsum dolor sit amet, consectetur adipiscing elit. Suspendisse ex dui, sagittis sed sodales vitae, laoreet et sem. Cras consectetur nulla id mi finibus suscipit vel mollis risus. Nulla tellus dolor, elementum non fermentum a, pulvinar vitae enim. Ut finibus ipsum lorem, id lobortis arcu pretium sit amet. Maecenas lacinia massa non mauris lacinia ultricies. In elementum mauris risus, et consequat lacus aliquet sed. Nunc eget laoreet est. Maecenas cursus orci at sem cursus consectetur. Donec egestas elementum neque non auctor. Aliquam vitae mauris vestibulum, suscipit nisi vitae, scelerisque libero. Duis ultricies neque elit, et pulvinar nisl facilisis eu.', 1, 'Post4', 1),
	(5, '2019-09-22 11:37:28', '0000-00-00 00:00:00', '&lt;h3&gt;Ea vix periculis sententiae, ea blandit pericula abhorreant pri.&lt;/h3&gt;&lt;p&gt;Lorem ipsum dolor sit amet, mea ad idque detraxit, cu soleat graecis invenire eam. Vidisse suscipit liberavisse has ex, vocibus patrioque vim et, sed ex tation reprehendunt. Mollis volumus no vix, ut qui clita habemus, ipsum senserit est et. Ut has soluta epicurei mediocrem, nibh nostrum his cu, sea clita electram reformidans an.&lt;/p&gt;&lt;p&gt;Est in saepe accusam luptatum. Purto deleniti philosophia eum ea, impetus copiosae id mel. Vis at ignota delenit democritum, te summo tamquam delicata pro. Utinam concludaturque et vim, mei ullum intellegam ei. Eam te illum nostrud, suas sonet corrumpit ea per. Ut sea regione posidonium. Pertinax gubergren ne qui, eos an harum mundi quaestio.&lt;/p&gt;&lt;figure class=&quot;pull-right&quot;&gt;&lt;img src=&quot;/img/media-1.jpg&quot;&gt;&lt;figcaption&gt;Lorem ipsum dolor sit amet, mea ad idque detraxit,&lt;/figcaption&gt;&lt;/figure&gt;&lt;p&gt;Nihil persius id est, iisque tincidunt abhorreant no duo. Eripuit placerat mnesarchum ius at, ei pro laoreet invenire persecuti, per magna tibique scriptorem an. Aeque oportere incorrupte ius ea, utroque erroribus mel in, posse dolore nam in. Per veniam vulputate intellegam et, id usu case reprimique, ne aperiam scaevola sed. Veritus omnesque qui ad. In mei admodum maiorum iracundia, no omnis melius eum, ei erat vivendo his. In pri nonumes suscipit.&lt;/p&gt;&lt;p&gt;Sit nulla quidam et, eam ea legimus deserunt neglegentur. Et veri nostrud vix, meis minimum atomorum ex sea, stet case habemus mea no. Ut dignissim dissentiet his, mei ea delectus delicatissimi, debet dissentiunt te duo. Sonet partiendo et qui, pro et veri solet singulis. Vidit viderer eleifend ad nam. Minimum eligendi suscipit ius et, vis ex laoreet detracto scripserit, at sumo sale solum pro.&lt;/p&gt;&lt;blockquote class=&quot;blockquote&quot;&gt;&lt;p&gt;Ei prima graecis consulatu vix, per cu corpora qualisque voluptaria. Bonorum moderatius in per, ius cu albucius voluptatum. Ne ius torquatos dissentiunt. Brute illum utroque eu quo. Cu tota mediocritatem vis, aliquip cotidieque eu ius, cu lorem suscipit eleifend sit.&lt;/p&gt;&lt;footer class=&quot;blockquote-footer&quot;&gt;John Doe&lt;/footer&gt;&lt;/blockquote&gt;&lt;p&gt;Mei cu diam sonet audiam, his ad impetus fuisset indoctum. Te sit altera qualisque, stet suavitate ne vel. Euismod suavitate duo eu, habemus rationibus neglegentur ei qui. Debet omittam ad usu, ex vero feugait oporteat eos, id usu sint numquam sententiae.&lt;/p&gt;&lt;figure&gt;&lt;img src=&quot;/img/media-2.jpg&quot;&gt;&lt;/figure&gt;&lt;h3&gt;Sit nulla quidam et, eam ea legimus deserunt neglegentur.&lt;/h3&gt;&lt;p&gt;No possim singulis sea, dolores salutatus interpretaris eam ad. An singulis postulant his, an inermis urbanitas mel. Wisi veri noster eu est, diam ridens eum in. Omnium imperdiet patrioque quo in, est sumo persecuti abhorreant ei. Sed feugiat iracundia id, inermis percipit eu has.&lt;/p&gt;&lt;p&gt;In vidit homero ullamcorper his, ea mea senserit constituto, et alia idque congue sit. Postea percipit his ne. Probo movet noluisse in nam, sed ex utroque inermis corrumpit, oratio tation vix at. Usu aperiri assentior at, eam et melius iudicabit pertinacia.&lt;/p&gt;', 5, 'Lorem ipsum dolor sit amet, consectetur adipiscing elit. Suspendisse ex dui, sagittis sed sodales vitae, laoreet et sem. Cras consectetur nulla id mi finibus suscipit vel mollis risus. Nulla tellus dolor, elementum non fermentum a, pulvinar vitae enim. Ut finibus ipsum lorem, id lobortis arcu pretium sit amet. Maecenas lacinia massa non mauris lacinia ultricies. In elementum mauris risus, et consequat lacus aliquet sed. Nunc eget laoreet est. Maecenas cursus orci at sem cursus consectetur. Donec egestas elementum neque non auctor. Aliquam vitae mauris vestibulum, suscipit nisi vitae, scelerisque libero. Duis ultricies neque elit, et pulvinar nisl facilisis eu.', 3, 'Post5', 1),
	(6, '2019-09-22 21:03:42', '0000-00-00 00:00:00', '&lt;h3&gt;Ea vix periculis sententiae, ea blandit pericula abhorreant pri.&lt;/h3&gt;&lt;p&gt;Lorem ipsum dolor sit amet, mea ad idque detraxit, cu soleat graecis invenire eam. Vidisse suscipit liberavisse has ex, vocibus patrioque vim et, sed ex tation reprehendunt. Mollis volumus no vix, ut qui clita habemus, ipsum senserit est et. Ut has soluta epicurei mediocrem, nibh nostrum his cu, sea clita electram reformidans an.&lt;/p&gt;&lt;p&gt;Est in saepe accusam luptatum. Purto deleniti philosophia eum ea, impetus copiosae id mel. Vis at ignota delenit democritum, te summo tamquam delicata pro. Utinam concludaturque et vim, mei ullum intellegam ei. Eam te illum nostrud, suas sonet corrumpit ea per. Ut sea regione posidonium. Pertinax gubergren ne qui, eos an harum mundi quaestio.&lt;/p&gt;&lt;figure class=&quot;pull-right&quot;&gt;&lt;img src=&quot;/img/media-1.jpg&quot;&gt;&lt;figcaption&gt;Lorem ipsum dolor sit amet, mea ad idque detraxit,&lt;/figcaption&gt;&lt;/figure&gt;&lt;p&gt;Nihil persius id est, iisque tincidunt abhorreant no duo. Eripuit placerat mnesarchum ius at, ei pro laoreet invenire persecuti, per magna tibique scriptorem an. Aeque oportere incorrupte ius ea, utroque erroribus mel in, posse dolore nam in. Per veniam vulputate intellegam et, id usu case reprimique, ne aperiam scaevola sed. Veritus omnesque qui ad. In mei admodum maiorum iracundia, no omnis melius eum, ei erat vivendo his. In pri nonumes suscipit.&lt;/p&gt;&lt;p&gt;Sit nulla quidam et, eam ea legimus deserunt neglegentur. Et veri nostrud vix, meis minimum atomorum ex sea, stet case habemus mea no. Ut dignissim dissentiet his, mei ea delectus delicatissimi, debet dissentiunt te duo. Sonet partiendo et qui, pro et veri solet singulis. Vidit viderer eleifend ad nam. Minimum eligendi suscipit ius et, vis ex laoreet detracto scripserit, at sumo sale solum pro.&lt;/p&gt;&lt;blockquote class=&quot;blockquote&quot;&gt;&lt;p&gt;Ei prima graecis consulatu vix, per cu corpora qualisque voluptaria. Bonorum moderatius in per, ius cu albucius voluptatum. Ne ius torquatos dissentiunt. Brute illum utroque eu quo. Cu tota mediocritatem vis, aliquip cotidieque eu ius, cu lorem suscipit eleifend sit.&lt;/p&gt;&lt;footer class=&quot;blockquote-footer&quot;&gt;John Doe&lt;/footer&gt;&lt;/blockquote&gt;&lt;p&gt;Mei cu diam sonet audiam, his ad impetus fuisset indoctum. Te sit altera qualisque, stet suavitate ne vel. Euismod suavitate duo eu, habemus rationibus neglegentur ei qui. Debet omittam ad usu, ex vero feugait oporteat eos, id usu sint numquam sententiae.&lt;/p&gt;&lt;figure&gt;&lt;img src=&quot;/img/media-2.jpg&quot;&gt;&lt;/figure&gt;&lt;h3&gt;Sit nulla quidam et, eam ea legimus deserunt neglegentur.&lt;/h3&gt;&lt;p&gt;No possim singulis sea, dolores salutatus interpretaris eam ad. An singulis postulant his, an inermis urbanitas mel. Wisi veri noster eu est, diam ridens eum in. Omnium imperdiet patrioque quo in, est sumo persecuti abhorreant ei. Sed feugiat iracundia id, inermis percipit eu has.&lt;/p&gt;&lt;p&gt;In vidit homero ullamcorper his, ea mea senserit constituto, et alia idque congue sit. Postea percipit his ne. Probo movet noluisse in nam, sed ex utroque inermis corrumpit, oratio tation vix at. Usu aperiri assentior at, eam et melius iudicabit pertinacia.&lt;/p&gt;', 3, 'Lorem ipsum dolor sit amet, consectetur adipiscing elit. Suspendisse ex dui, sagittis sed sodales vitae, laoreet et sem. Cras consectetur nulla id mi finibus suscipit vel mollis risus. Nulla tellus dolor, elementum non fermentum a, pulvinar vitae enim. Ut finibus ipsum lorem, id lobortis arcu pretium sit amet. Maecenas lacinia massa non mauris lacinia ultricies. In elementum mauris risus, et consequat lacus aliquet sed. Nunc eget laoreet est. Maecenas cursus orci at sem cursus consectetur. Donec egestas elementum neque non auctor. Aliquam vitae mauris vestibulum, suscipit nisi vitae, scelerisque libero. Duis ultricies neque elit, et pulvinar nisl facilisis eu.', 2, 'Post6', 1),
	(7, '2019-09-22 21:04:03', '0000-00-00 00:00:00', '&lt;h3&gt;Ea vix periculis sententiae, ea blandit pericula abhorreant pri.&lt;/h3&gt;&lt;p&gt;Lorem ipsum dolor sit amet, mea ad idque detraxit, cu soleat graecis invenire eam. Vidisse suscipit liberavisse has ex, vocibus patrioque vim et, sed ex tation reprehendunt. Mollis volumus no vix, ut qui clita habemus, ipsum senserit est et. Ut has soluta epicurei mediocrem, nibh nostrum his cu, sea clita electram reformidans an.&lt;/p&gt;&lt;p&gt;Est in saepe accusam luptatum. Purto deleniti philosophia eum ea, impetus copiosae id mel. Vis at ignota delenit democritum, te summo tamquam delicata pro. Utinam concludaturque et vim, mei ullum intellegam ei. Eam te illum nostrud, suas sonet corrumpit ea per. Ut sea regione posidonium. Pertinax gubergren ne qui, eos an harum mundi quaestio.&lt;/p&gt;&lt;figure class=&quot;pull-right&quot;&gt;&lt;img src=&quot;/img/media-1.jpg&quot;&gt;&lt;figcaption&gt;Lorem ipsum dolor sit amet, mea ad idque detraxit,&lt;/figcaption&gt;&lt;/figure&gt;&lt;p&gt;Nihil persius id est, iisque tincidunt abhorreant no duo. Eripuit placerat mnesarchum ius at, ei pro laoreet invenire persecuti, per magna tibique scriptorem an. Aeque oportere incorrupte ius ea, utroque erroribus mel in, posse dolore nam in. Per veniam vulputate intellegam et, id usu case reprimique, ne aperiam scaevola sed. Veritus omnesque qui ad. In mei admodum maiorum iracundia, no omnis melius eum, ei erat vivendo his. In pri nonumes suscipit.&lt;/p&gt;&lt;p&gt;Sit nulla quidam et, eam ea legimus deserunt neglegentur. Et veri nostrud vix, meis minimum atomorum ex sea, stet case habemus mea no. Ut dignissim dissentiet his, mei ea delectus delicatissimi, debet dissentiunt te duo. Sonet partiendo et qui, pro et veri solet singulis. Vidit viderer eleifend ad nam. Minimum eligendi suscipit ius et, vis ex laoreet detracto scripserit, at sumo sale solum pro.&lt;/p&gt;&lt;blockquote class=&quot;blockquote&quot;&gt;&lt;p&gt;Ei prima graecis consulatu vix, per cu corpora qualisque voluptaria. Bonorum moderatius in per, ius cu albucius voluptatum. Ne ius torquatos dissentiunt. Brute illum utroque eu quo. Cu tota mediocritatem vis, aliquip cotidieque eu ius, cu lorem suscipit eleifend sit.&lt;/p&gt;&lt;footer class=&quot;blockquote-footer&quot;&gt;John Doe&lt;/footer&gt;&lt;/blockquote&gt;&lt;p&gt;Mei cu diam sonet audiam, his ad impetus fuisset indoctum. Te sit altera qualisque, stet suavitate ne vel. Euismod suavitate duo eu, habemus rationibus neglegentur ei qui. Debet omittam ad usu, ex vero feugait oporteat eos, id usu sint numquam sententiae.&lt;/p&gt;&lt;figure&gt;&lt;img src=&quot;/img/media-2.jpg&quot;&gt;&lt;/figure&gt;&lt;h3&gt;Sit nulla quidam et, eam ea legimus deserunt neglegentur.&lt;/h3&gt;&lt;p&gt;No possim singulis sea, dolores salutatus interpretaris eam ad. An singulis postulant his, an inermis urbanitas mel. Wisi veri noster eu est, diam ridens eum in. Omnium imperdiet patrioque quo in, est sumo persecuti abhorreant ei. Sed feugiat iracundia id, inermis percipit eu has.&lt;/p&gt;&lt;p&gt;In vidit homero ullamcorper his, ea mea senserit constituto, et alia idque congue sit. Postea percipit his ne. Probo movet noluisse in nam, sed ex utroque inermis corrumpit, oratio tation vix at. Usu aperiri assentior at, eam et melius iudicabit pertinacia.&lt;/p&gt;', 3, 'Lorem ipsum dolor sit amet, consectetur adipiscing elit. Suspendisse ex dui, sagittis sed sodales vitae, laoreet et sem. Cras consectetur nulla id mi finibus suscipit vel mollis risus. Nulla tellus dolor, elementum non fermentum a, pulvinar vitae enim. Ut finibus ipsum lorem, id lobortis arcu pretium sit amet. Maecenas lacinia massa non mauris lacinia ultricies. In elementum mauris risus, et consequat lacus aliquet sed. Nunc eget laoreet est. Maecenas cursus orci at sem cursus consectetur. Donec egestas elementum neque non auctor. Aliquam vitae mauris vestibulum, suscipit nisi vitae, scelerisque libero. Duis ultricies neque elit, et pulvinar nisl facilisis eu.', 1, 'Post7', 1),
	(9, '2019-09-22 21:04:35', '0000-00-00 00:00:00', '&lt;h3&gt;Ea vix periculis sententiae, ea blandit pericula abhorreant pri.&lt;/h3&gt;&lt;p&gt;Lorem ipsum dolor sit amet, mea ad idque detraxit, cu soleat graecis invenire eam. Vidisse suscipit liberavisse has ex, vocibus patrioque vim et, sed ex tation reprehendunt. Mollis volumus no vix, ut qui clita habemus, ipsum senserit est et. Ut has soluta epicurei mediocrem, nibh nostrum his cu, sea clita electram reformidans an.&lt;/p&gt;&lt;p&gt;Est in saepe accusam luptatum. Purto deleniti philosophia eum ea, impetus copiosae id mel. Vis at ignota delenit democritum, te summo tamquam delicata pro. Utinam concludaturque et vim, mei ullum intellegam ei. Eam te illum nostrud, suas sonet corrumpit ea per. Ut sea regione posidonium. Pertinax gubergren ne qui, eos an harum mundi quaestio.&lt;/p&gt;&lt;figure class=&quot;pull-right&quot;&gt;&lt;img src=&quot;/img/media-1.jpg&quot;&gt;&lt;figcaption&gt;Lorem ipsum dolor sit amet, mea ad idque detraxit,&lt;/figcaption&gt;&lt;/figure&gt;&lt;p&gt;Nihil persius id est, iisque tincidunt abhorreant no duo. Eripuit placerat mnesarchum ius at, ei pro laoreet invenire persecuti, per magna tibique scriptorem an. Aeque oportere incorrupte ius ea, utroque erroribus mel in, posse dolore nam in. Per veniam vulputate intellegam et, id usu case reprimique, ne aperiam scaevola sed. Veritus omnesque qui ad. In mei admodum maiorum iracundia, no omnis melius eum, ei erat vivendo his. In pri nonumes suscipit.&lt;/p&gt;&lt;p&gt;Sit nulla quidam et, eam ea legimus deserunt neglegentur. Et veri nostrud vix, meis minimum atomorum ex sea, stet case habemus mea no. Ut dignissim dissentiet his, mei ea delectus delicatissimi, debet dissentiunt te duo. Sonet partiendo et qui, pro et veri solet singulis. Vidit viderer eleifend ad nam. Minimum eligendi suscipit ius et, vis ex laoreet detracto scripserit, at sumo sale solum pro.&lt;/p&gt;&lt;blockquote class=&quot;blockquote&quot;&gt;&lt;p&gt;Ei prima graecis consulatu vix, per cu corpora qualisque voluptaria. Bonorum moderatius in per, ius cu albucius voluptatum. Ne ius torquatos dissentiunt. Brute illum utroque eu quo. Cu tota mediocritatem vis, aliquip cotidieque eu ius, cu lorem suscipit eleifend sit.&lt;/p&gt;&lt;footer class=&quot;blockquote-footer&quot;&gt;John Doe&lt;/footer&gt;&lt;/blockquote&gt;&lt;p&gt;Mei cu diam sonet audiam, his ad impetus fuisset indoctum. Te sit altera qualisque, stet suavitate ne vel. Euismod suavitate duo eu, habemus rationibus neglegentur ei qui. Debet omittam ad usu, ex vero feugait oporteat eos, id usu sint numquam sententiae.&lt;/p&gt;&lt;figure&gt;&lt;img src=&quot;/img/media-2.jpg&quot;&gt;&lt;/figure&gt;&lt;h3&gt;Sit nulla quidam et, eam ea legimus deserunt neglegentur.&lt;/h3&gt;&lt;p&gt;No possim singulis sea, dolores salutatus interpretaris eam ad. An singulis postulant his, an inermis urbanitas mel. Wisi veri noster eu est, diam ridens eum in. Omnium imperdiet patrioque quo in, est sumo persecuti abhorreant ei. Sed feugiat iracundia id, inermis percipit eu has.&lt;/p&gt;&lt;p&gt;In vidit homero ullamcorper his, ea mea senserit constituto, et alia idque congue sit. Postea percipit his ne. Probo movet noluisse in nam, sed ex utroque inermis corrumpit, oratio tation vix at. Usu aperiri assentior at, eam et melius iudicabit pertinacia.&lt;/p&gt;', 3, 'Lorem ipsum dolor sit amet, consectetur adipiscing elit. Suspendisse ex dui, sagittis sed sodales vitae, laoreet et sem. Cras consectetur nulla id mi finibus suscipit vel mollis risus. Nulla tellus dolor, elementum non fermentum a, pulvinar vitae enim. Ut finibus ipsum lorem, id lobortis arcu pretium sit amet. Maecenas lacinia massa non mauris lacinia ultricies. In elementum mauris risus, et consequat lacus aliquet sed. Nunc eget laoreet est. Maecenas cursus orci at sem cursus consectetur. Donec egestas elementum neque non auctor. Aliquam vitae mauris vestibulum, suscipit nisi vitae, scelerisque libero. Duis ultricies neque elit, et pulvinar nisl facilisis eu.', 1, 'Post8', 2),
	(10, '2019-09-22 21:05:08', '0000-00-00 00:00:00', '&lt;h3&gt;Ea vix periculis sententiae, ea blandit pericula abhorreant pri.&lt;/h3&gt;&lt;p&gt;Lorem ipsum dolor sit amet, mea ad idque detraxit, cu soleat graecis invenire eam. Vidisse suscipit liberavisse has ex, vocibus patrioque vim et, sed ex tation reprehendunt. Mollis volumus no vix, ut qui clita habemus, ipsum senserit est et. Ut has soluta epicurei mediocrem, nibh nostrum his cu, sea clita electram reformidans an.&lt;/p&gt;&lt;p&gt;Est in saepe accusam luptatum. Purto deleniti philosophia eum ea, impetus copiosae id mel. Vis at ignota delenit democritum, te summo tamquam delicata pro. Utinam concludaturque et vim, mei ullum intellegam ei. Eam te illum nostrud, suas sonet corrumpit ea per. Ut sea regione posidonium. Pertinax gubergren ne qui, eos an harum mundi quaestio.&lt;/p&gt;&lt;figure class=&quot;pull-right&quot;&gt;&lt;img src=&quot;/img/media-1.jpg&quot;&gt;&lt;figcaption&gt;Lorem ipsum dolor sit amet, mea ad idque detraxit,&lt;/figcaption&gt;&lt;/figure&gt;&lt;p&gt;Nihil persius id est, iisque tincidunt abhorreant no duo. Eripuit placerat mnesarchum ius at, ei pro laoreet invenire persecuti, per magna tibique scriptorem an. Aeque oportere incorrupte ius ea, utroque erroribus mel in, posse dolore nam in. Per veniam vulputate intellegam et, id usu case reprimique, ne aperiam scaevola sed. Veritus omnesque qui ad. In mei admodum maiorum iracundia, no omnis melius eum, ei erat vivendo his. In pri nonumes suscipit.&lt;/p&gt;&lt;p&gt;Sit nulla quidam et, eam ea legimus deserunt neglegentur. Et veri nostrud vix, meis minimum atomorum ex sea, stet case habemus mea no. Ut dignissim dissentiet his, mei ea delectus delicatissimi, debet dissentiunt te duo. Sonet partiendo et qui, pro et veri solet singulis. Vidit viderer eleifend ad nam. Minimum eligendi suscipit ius et, vis ex laoreet detracto scripserit, at sumo sale solum pro.&lt;/p&gt;&lt;blockquote class=&quot;blockquote&quot;&gt;&lt;p&gt;Ei prima graecis consulatu vix, per cu corpora qualisque voluptaria. Bonorum moderatius in per, ius cu albucius voluptatum. Ne ius torquatos dissentiunt. Brute illum utroque eu quo. Cu tota mediocritatem vis, aliquip cotidieque eu ius, cu lorem suscipit eleifend sit.&lt;/p&gt;&lt;footer class=&quot;blockquote-footer&quot;&gt;John Doe&lt;/footer&gt;&lt;/blockquote&gt;&lt;p&gt;Mei cu diam sonet audiam, his ad impetus fuisset indoctum. Te sit altera qualisque, stet suavitate ne vel. Euismod suavitate duo eu, habemus rationibus neglegentur ei qui. Debet omittam ad usu, ex vero feugait oporteat eos, id usu sint numquam sententiae.&lt;/p&gt;&lt;figure&gt;&lt;img src=&quot;/img/media-2.jpg&quot;&gt;&lt;/figure&gt;&lt;h3&gt;Sit nulla quidam et, eam ea legimus deserunt neglegentur.&lt;/h3&gt;&lt;p&gt;No possim singulis sea, dolores salutatus interpretaris eam ad. An singulis postulant his, an inermis urbanitas mel. Wisi veri noster eu est, diam ridens eum in. Omnium imperdiet patrioque quo in, est sumo persecuti abhorreant ei. Sed feugiat iracundia id, inermis percipit eu has.&lt;/p&gt;&lt;p&gt;In vidit homero ullamcorper his, ea mea senserit constituto, et alia idque congue sit. Postea percipit his ne. Probo movet noluisse in nam, sed ex utroque inermis corrumpit, oratio tation vix at. Usu aperiri assentior at, eam et melius iudicabit pertinacia.&lt;/p&gt;', 3, 'Lorem ipsum dolor sit amet, consectetur adipiscing elit. Suspendisse ex dui, sagittis sed sodales vitae, laoreet et sem. Cras consectetur nulla id mi finibus suscipit vel mollis risus. Nulla tellus dolor, elementum non fermentum a, pulvinar vitae enim. Ut finibus ipsum lorem, id lobortis arcu pretium sit amet. Maecenas lacinia massa non mauris lacinia ultricies. In elementum mauris risus, et consequat lacus aliquet sed. Nunc eget laoreet est. Maecenas cursus orci at sem cursus consectetur. Donec egestas elementum neque non auctor. Aliquam vitae mauris vestibulum, suscipit nisi vitae, scelerisque libero. Duis ultricies neque elit, et pulvinar nisl facilisis eu.', 1, 'Post9', 2),
	(11, '2019-09-22 21:06:21', '0000-00-00 00:00:00', '&lt;h3&gt;Ea vix periculis sententiae, ea blandit pericula abhorreant pri.&lt;/h3&gt;&lt;p&gt;Lorem ipsum dolor sit amet, mea ad idque detraxit, cu soleat graecis invenire eam. Vidisse suscipit liberavisse has ex, vocibus patrioque vim et, sed ex tation reprehendunt. Mollis volumus no vix, ut qui clita habemus, ipsum senserit est et. Ut has soluta epicurei mediocrem, nibh nostrum his cu, sea clita electram reformidans an.&lt;/p&gt;&lt;p&gt;Est in saepe accusam luptatum. Purto deleniti philosophia eum ea, impetus copiosae id mel. Vis at ignota delenit democritum, te summo tamquam delicata pro. Utinam concludaturque et vim, mei ullum intellegam ei. Eam te illum nostrud, suas sonet corrumpit ea per. Ut sea regione posidonium. Pertinax gubergren ne qui, eos an harum mundi quaestio.&lt;/p&gt;&lt;figure class=&quot;pull-right&quot;&gt;&lt;img src=&quot;/img/media-1.jpg&quot;&gt;&lt;figcaption&gt;Lorem ipsum dolor sit amet, mea ad idque detraxit,&lt;/figcaption&gt;&lt;/figure&gt;&lt;p&gt;Nihil persius id est, iisque tincidunt abhorreant no duo. Eripuit placerat mnesarchum ius at, ei pro laoreet invenire persecuti, per magna tibique scriptorem an. Aeque oportere incorrupte ius ea, utroque erroribus mel in, posse dolore nam in. Per veniam vulputate intellegam et, id usu case reprimique, ne aperiam scaevola sed. Veritus omnesque qui ad. In mei admodum maiorum iracundia, no omnis melius eum, ei erat vivendo his. In pri nonumes suscipit.&lt;/p&gt;&lt;p&gt;Sit nulla quidam et, eam ea legimus deserunt neglegentur. Et veri nostrud vix, meis minimum atomorum ex sea, stet case habemus mea no. Ut dignissim dissentiet his, mei ea delectus delicatissimi, debet dissentiunt te duo. Sonet partiendo et qui, pro et veri solet singulis. Vidit viderer eleifend ad nam. Minimum eligendi suscipit ius et, vis ex laoreet detracto scripserit, at sumo sale solum pro.&lt;/p&gt;&lt;blockquote class=&quot;blockquote&quot;&gt;&lt;p&gt;Ei prima graecis consulatu vix, per cu corpora qualisque voluptaria. Bonorum moderatius in per, ius cu albucius voluptatum. Ne ius torquatos dissentiunt. Brute illum utroque eu quo. Cu tota mediocritatem vis, aliquip cotidieque eu ius, cu lorem suscipit eleifend sit.&lt;/p&gt;&lt;footer class=&quot;blockquote-footer&quot;&gt;John Doe&lt;/footer&gt;&lt;/blockquote&gt;&lt;p&gt;Mei cu diam sonet audiam, his ad impetus fuisset indoctum. Te sit altera qualisque, stet suavitate ne vel. Euismod suavitate duo eu, habemus rationibus neglegentur ei qui. Debet omittam ad usu, ex vero feugait oporteat eos, id usu sint numquam sententiae.&lt;/p&gt;&lt;figure&gt;&lt;img src=&quot;/img/media-2.jpg&quot;&gt;&lt;/figure&gt;&lt;h3&gt;Sit nulla quidam et, eam ea legimus deserunt neglegentur.&lt;/h3&gt;&lt;p&gt;No possim singulis sea, dolores salutatus interpretaris eam ad. An singulis postulant his, an inermis urbanitas mel. Wisi veri noster eu est, diam ridens eum in. Omnium imperdiet patrioque quo in, est sumo persecuti abhorreant ei. Sed feugiat iracundia id, inermis percipit eu has.&lt;/p&gt;&lt;p&gt;In vidit homero ullamcorper his, ea mea senserit constituto, et alia idque congue sit. Postea percipit his ne. Probo movet noluisse in nam, sed ex utroque inermis corrumpit, oratio tation vix at. Usu aperiri assentior at, eam et melius iudicabit pertinacia.&lt;/p&gt;', 1, 'Lorem ipsum dolor sit amet, consectetur adipiscing elit. Suspendisse ex dui, sagittis sed sodales vitae, laoreet et sem. Cras consectetur nulla id mi finibus suscipit vel mollis risus. Nulla tellus dolor, elementum non fermentum a, pulvinar vitae enim. Ut finibus ipsum lorem, id lobortis arcu pretium sit amet. Maecenas lacinia massa non mauris lacinia ultricies. In elementum mauris risus, et consequat lacus aliquet sed. Nunc eget laoreet est. Maecenas cursus orci at sem cursus consectetur. Donec egestas elementum neque non auctor. Aliquam vitae mauris vestibulum, suscipit nisi vitae, scelerisque libero. Duis ultricies neque elit, et pulvinar nisl facilisis eu.', 1, 'Post11', 2),
	(12, '2019-09-22 21:08:06', '0000-00-00 00:00:00', '&lt;h3&gt;Ea vix periculis sententiae, ea blandit pericula abhorreant pri.&lt;/h3&gt;&lt;p&gt;Lorem ipsum dolor sit amet, mea ad idque detraxit, cu soleat graecis invenire eam. Vidisse suscipit liberavisse has ex, vocibus patrioque vim et, sed ex tation reprehendunt. Mollis volumus no vix, ut qui clita habemus, ipsum senserit est et. Ut has soluta epicurei mediocrem, nibh nostrum his cu, sea clita electram reformidans an.&lt;/p&gt;&lt;p&gt;Est in saepe accusam luptatum. Purto deleniti philosophia eum ea, impetus copiosae id mel. Vis at ignota delenit democritum, te summo tamquam delicata pro. Utinam concludaturque et vim, mei ullum intellegam ei. Eam te illum nostrud, suas sonet corrumpit ea per. Ut sea regione posidonium. Pertinax gubergren ne qui, eos an harum mundi quaestio.&lt;/p&gt;&lt;figure class=&quot;pull-right&quot;&gt;&lt;img src=&quot;/img/media-1.jpg&quot;&gt;&lt;figcaption&gt;Lorem ipsum dolor sit amet, mea ad idque detraxit,&lt;/figcaption&gt;&lt;/figure&gt;&lt;p&gt;Nihil persius id est, iisque tincidunt abhorreant no duo. Eripuit placerat mnesarchum ius at, ei pro laoreet invenire persecuti, per magna tibique scriptorem an. Aeque oportere incorrupte ius ea, utroque erroribus mel in, posse dolore nam in. Per veniam vulputate intellegam et, id usu case reprimique, ne aperiam scaevola sed. Veritus omnesque qui ad. In mei admodum maiorum iracundia, no omnis melius eum, ei erat vivendo his. In pri nonumes suscipit.&lt;/p&gt;&lt;p&gt;Sit nulla quidam et, eam ea legimus deserunt neglegentur. Et veri nostrud vix, meis minimum atomorum ex sea, stet case habemus mea no. Ut dignissim dissentiet his, mei ea delectus delicatissimi, debet dissentiunt te duo. Sonet partiendo et qui, pro et veri solet singulis. Vidit viderer eleifend ad nam. Minimum eligendi suscipit ius et, vis ex laoreet detracto scripserit, at sumo sale solum pro.&lt;/p&gt;&lt;blockquote class=&quot;blockquote&quot;&gt;&lt;p&gt;Ei prima graecis consulatu vix, per cu corpora qualisque voluptaria. Bonorum moderatius in per, ius cu albucius voluptatum. Ne ius torquatos dissentiunt. Brute illum utroque eu quo. Cu tota mediocritatem vis, aliquip cotidieque eu ius, cu lorem suscipit eleifend sit.&lt;/p&gt;&lt;footer class=&quot;blockquote-footer&quot;&gt;John Doe&lt;/footer&gt;&lt;/blockquote&gt;&lt;p&gt;Mei cu diam sonet audiam, his ad impetus fuisset indoctum. Te sit altera qualisque, stet suavitate ne vel. Euismod suavitate duo eu, habemus rationibus neglegentur ei qui. Debet omittam ad usu, ex vero feugait oporteat eos, id usu sint numquam sententiae.&lt;/p&gt;&lt;figure&gt;&lt;img src=&quot;/img/media-2.jpg&quot;&gt;&lt;/figure&gt;&lt;h3&gt;Sit nulla quidam et, eam ea legimus deserunt neglegentur.&lt;/h3&gt;&lt;p&gt;No possim singulis sea, dolores salutatus interpretaris eam ad. An singulis postulant his, an inermis urbanitas mel. Wisi veri noster eu est, diam ridens eum in. Omnium imperdiet patrioque quo in, est sumo persecuti abhorreant ei. Sed feugiat iracundia id, inermis percipit eu has.&lt;/p&gt;&lt;p&gt;In vidit homero ullamcorper his, ea mea senserit constituto, et alia idque congue sit. Postea percipit his ne. Probo movet noluisse in nam, sed ex utroque inermis corrumpit, oratio tation vix at. Usu aperiri assentior at, eam et melius iudicabit pertinacia.&lt;/p&gt;', 3, 'Lorem ipsum dolor sit amet, consectetur adipiscing elit. Suspendisse ex dui, sagittis sed sodales vitae, laoreet et sem. Cras consectetur nulla id mi finibus suscipit vel mollis risus. Nulla tellus dolor, elementum non fermentum a, pulvinar vitae enim. Ut finibus ipsum lorem, id lobortis arcu pretium sit amet. Maecenas lacinia massa non mauris lacinia ultricies. In elementum mauris risus, et consequat lacus aliquet sed. Nunc eget laoreet est. Maecenas cursus orci at sem cursus consectetur. Donec egestas elementum neque non auctor. Aliquam vitae mauris vestibulum, suscipit nisi vitae, scelerisque libero. Duis ultricies neque elit, et pulvinar nisl facilisis eu.', 1, 'Post12', 2),
	(13, '2019-10-24 17:03:57', '0000-00-00 00:00:00', '&lt;h3&gt;Ea vix periculis sententiae, ea blandit pericula abhorreant pri.&lt;/h3&gt;&lt;p&gt;Lorem ipsum dolor sit amet, mea ad idque detraxit, cu soleat graecis invenire eam. Vidisse suscipit liberavisse has ex, vocibus patrioque vim et, sed ex tation reprehendunt. Mollis volumus no vix, ut qui clita habemus, ipsum senserit est et. Ut has soluta epicurei mediocrem, nibh nostrum his cu, sea clita electram reformidans an.&lt;/p&gt;&lt;p&gt;Est in saepe accusam luptatum. Purto deleniti philosophia eum ea, impetus copiosae id mel. Vis at ignota delenit democritum, te summo tamquam delicata pro. Utinam concludaturque et vim, mei ullum intellegam ei. Eam te illum nostrud, suas sonet corrumpit ea per. Ut sea regione posidonium. Pertinax gubergren ne qui, eos an harum mundi quaestio.&lt;/p&gt;&lt;figure class=&quot;pull-right&quot;&gt;&lt;img src=&quot;/img/media-1.jpg&quot;&gt;&lt;figcaption&gt;Lorem ipsum dolor sit amet, mea ad idque detraxit,&lt;/figcaption&gt;&lt;/figure&gt;&lt;p&gt;Nihil persius id est, iisque tincidunt abhorreant no duo. Eripuit placerat mnesarchum ius at, ei pro laoreet invenire persecuti, per magna tibique scriptorem an. Aeque oportere incorrupte ius ea, utroque erroribus mel in, posse dolore nam in. Per veniam vulputate intellegam et, id usu case reprimique, ne aperiam scaevola sed. Veritus omnesque qui ad. In mei admodum maiorum iracundia, no omnis melius eum, ei erat vivendo his. In pri nonumes suscipit.&lt;/p&gt;&lt;p&gt;Sit nulla quidam et, eam ea legimus deserunt neglegentur. Et veri nostrud vix, meis minimum atomorum ex sea, stet case habemus mea no. Ut dignissim dissentiet his, mei ea delectus delicatissimi, debet dissentiunt te duo. Sonet partiendo et qui, pro et veri solet singulis. Vidit viderer eleifend ad nam. Minimum eligendi suscipit ius et, vis ex laoreet detracto scripserit, at sumo sale solum pro.&lt;/p&gt;&lt;blockquote class=&quot;blockquote&quot;&gt;&lt;p&gt;Ei prima graecis consulatu vix, per cu corpora qualisque voluptaria. Bonorum moderatius in per, ius cu albucius voluptatum. Ne ius torquatos dissentiunt. Brute illum utroque eu quo. Cu tota mediocritatem vis, aliquip cotidieque eu ius, cu lorem suscipit eleifend sit.&lt;/p&gt;&lt;footer class=&quot;blockquote-footer&quot;&gt;John Doe&lt;/footer&gt;&lt;/blockquote&gt;&lt;p&gt;Mei cu diam sonet audiam, his ad impetus fuisset indoctum. Te sit altera qualisque, stet suavitate ne vel. Euismod suavitate duo eu, habemus rationibus neglegentur ei qui. Debet omittam ad usu, ex vero feugait oporteat eos, id usu sint numquam sententiae.&lt;/p&gt;&lt;figure&gt;&lt;img src=&quot;/img/media-2.jpg&quot;&gt;&lt;/figure&gt;&lt;h3&gt;Sit nulla quidam et, eam ea legimus deserunt neglegentur.&lt;/h3&gt;&lt;p&gt;No possim singulis sea, dolores salutatus interpretaris eam ad. An singulis postulant his, an inermis urbanitas mel. Wisi veri noster eu est, diam ridens eum in. Omnium imperdiet patrioque quo in, est sumo persecuti abhorreant ei. Sed feugiat iracundia id, inermis percipit eu has.&lt;/p&gt;&lt;p&gt;In vidit homero ullamcorper his, ea mea senserit constituto, et alia idque congue sit. Postea percipit his ne. Probo movet noluisse in nam, sed ex utroque inermis corrumpit, oratio tation vix at. Usu aperiri assentior at, eam et melius iudicabit pertinacia.&lt;/p&gt;', 1, 'Lorem ipsum dolor sit amet, consectetur adipiscing elit. Suspendisse ex dui, sagittis sed sodales vitae, laoreet et sem. Cras consectetur nulla id mi finibus suscipit vel mollis risus. Nulla tellus dolor, elementum non fermentum a, pulvinar vitae enim. Ut finibus ipsum lorem, id lobortis arcu pretium sit amet. Maecenas lacinia massa non mauris lacinia ultricies. In elementum mauris risus, et consequat lacus aliquet sed. Nunc eget laoreet est. Maecenas cursus orci at sem cursus consectetur. Donec egestas elementum neque non auctor. Aliquam vitae mauris vestibulum, suscipit nisi vitae, scelerisque libero. Duis ultricies neque elit, et pulvinar nisl facilisis eu.', 1, 'Post13', 2),
	(14, '2019-10-24 17:04:10', '0000-00-00 00:00:00', '&lt;h3&gt;Ea vix periculis sententiae, ea blandit pericula abhorreant pri.&lt;/h3&gt;&lt;p&gt;Lorem ipsum dolor sit amet, mea ad idque detraxit, cu soleat graecis invenire eam. Vidisse suscipit liberavisse has ex, vocibus patrioque vim et, sed ex tation reprehendunt. Mollis volumus no vix, ut qui clita habemus, ipsum senserit est et. Ut has soluta epicurei mediocrem, nibh nostrum his cu, sea clita electram reformidans an.&lt;/p&gt;&lt;p&gt;Est in saepe accusam luptatum. Purto deleniti philosophia eum ea, impetus copiosae id mel. Vis at ignota delenit democritum, te summo tamquam delicata pro. Utinam concludaturque et vim, mei ullum intellegam ei. Eam te illum nostrud, suas sonet corrumpit ea per. Ut sea regione posidonium. Pertinax gubergren ne qui, eos an harum mundi quaestio.&lt;/p&gt;&lt;figure class=&quot;pull-right&quot;&gt;&lt;img src=&quot;/img/media-1.jpg&quot;&gt;&lt;figcaption&gt;Lorem ipsum dolor sit amet, mea ad idque detraxit,&lt;/figcaption&gt;&lt;/figure&gt;&lt;p&gt;Nihil persius id est, iisque tincidunt abhorreant no duo. Eripuit placerat mnesarchum ius at, ei pro laoreet invenire persecuti, per magna tibique scriptorem an. Aeque oportere incorrupte ius ea, utroque erroribus mel in, posse dolore nam in. Per veniam vulputate intellegam et, id usu case reprimique, ne aperiam scaevola sed. Veritus omnesque qui ad. In mei admodum maiorum iracundia, no omnis melius eum, ei erat vivendo his. In pri nonumes suscipit.&lt;/p&gt;&lt;p&gt;Sit nulla quidam et, eam ea legimus deserunt neglegentur. Et veri nostrud vix, meis minimum atomorum ex sea, stet case habemus mea no. Ut dignissim dissentiet his, mei ea delectus delicatissimi, debet dissentiunt te duo. Sonet partiendo et qui, pro et veri solet singulis. Vidit viderer eleifend ad nam. Minimum eligendi suscipit ius et, vis ex laoreet detracto scripserit, at sumo sale solum pro.&lt;/p&gt;&lt;blockquote class=&quot;blockquote&quot;&gt;&lt;p&gt;Ei prima graecis consulatu vix, per cu corpora qualisque voluptaria. Bonorum moderatius in per, ius cu albucius voluptatum. Ne ius torquatos dissentiunt. Brute illum utroque eu quo. Cu tota mediocritatem vis, aliquip cotidieque eu ius, cu lorem suscipit eleifend sit.&lt;/p&gt;&lt;footer class=&quot;blockquote-footer&quot;&gt;John Doe&lt;/footer&gt;&lt;/blockquote&gt;&lt;p&gt;Mei cu diam sonet audiam, his ad impetus fuisset indoctum. Te sit altera qualisque, stet suavitate ne vel. Euismod suavitate duo eu, habemus rationibus neglegentur ei qui. Debet omittam ad usu, ex vero feugait oporteat eos, id usu sint numquam sententiae.&lt;/p&gt;&lt;figure&gt;&lt;img src=&quot;/img/media-2.jpg&quot;&gt;&lt;/figure&gt;&lt;h3&gt;Sit nulla quidam et, eam ea legimus deserunt neglegentur.&lt;/h3&gt;&lt;p&gt;No possim singulis sea, dolores salutatus interpretaris eam ad. An singulis postulant his, an inermis urbanitas mel. Wisi veri noster eu est, diam ridens eum in. Omnium imperdiet patrioque quo in, est sumo persecuti abhorreant ei. Sed feugiat iracundia id, inermis percipit eu has.&lt;/p&gt;&lt;p&gt;In vidit homero ullamcorper his, ea mea senserit constituto, et alia idque congue sit. Postea percipit his ne. Probo movet noluisse in nam, sed ex utroque inermis corrumpit, oratio tation vix at. Usu aperiri assentior at, eam et melius iudicabit pertinacia.&lt;/p&gt;', 1, 'Lorem ipsum dolor sit amet, consectetur adipiscing elit. Suspendisse ex dui, sagittis sed sodales vitae, laoreet et sem. Cras consectetur nulla id mi finibus suscipit vel mollis risus. Nulla tellus dolor, elementum non fermentum a, pulvinar vitae enim. Ut finibus ipsum lorem, id lobortis arcu pretium sit amet. Maecenas lacinia massa non mauris lacinia ultricies. In elementum mauris risus, et consequat lacus aliquet sed. Nunc eget laoreet est. Maecenas cursus orci at sem cursus consectetur. Donec egestas elementum neque non auctor. Aliquam vitae mauris vestibulum, suscipit nisi vitae, scelerisque libero. Duis ultricies neque elit, et pulvinar nisl facilisis eu.', 1, 'Post14', 2),
	(15, '2019-10-24 17:04:33', '0000-00-00 00:00:00', '&lt;h3&gt;Ea vix periculis sententiae, ea blandit pericula abhorreant pri.&lt;/h3&gt;&lt;p&gt;Lorem ipsum dolor sit amet, mea ad idque detraxit, cu soleat graecis invenire eam. Vidisse suscipit liberavisse has ex, vocibus patrioque vim et, sed ex tation reprehendunt. Mollis volumus no vix, ut qui clita habemus, ipsum senserit est et. Ut has soluta epicurei mediocrem, nibh nostrum his cu, sea clita electram reformidans an.&lt;/p&gt;&lt;p&gt;Est in saepe accusam luptatum. Purto deleniti philosophia eum ea, impetus copiosae id mel. Vis at ignota delenit democritum, te summo tamquam delicata pro. Utinam concludaturque et vim, mei ullum intellegam ei. Eam te illum nostrud, suas sonet corrumpit ea per. Ut sea regione posidonium. Pertinax gubergren ne qui, eos an harum mundi quaestio.&lt;/p&gt;&lt;figure class=&quot;pull-right&quot;&gt;&lt;img src=&quot;/img/media-1.jpg&quot;&gt;&lt;figcaption&gt;Lorem ipsum dolor sit amet, mea ad idque detraxit,&lt;/figcaption&gt;&lt;/figure&gt;&lt;p&gt;Nihil persius id est, iisque tincidunt abhorreant no duo. Eripuit placerat mnesarchum ius at, ei pro laoreet invenire persecuti, per magna tibique scriptorem an. Aeque oportere incorrupte ius ea, utroque erroribus mel in, posse dolore nam in. Per veniam vulputate intellegam et, id usu case reprimique, ne aperiam scaevola sed. Veritus omnesque qui ad. In mei admodum maiorum iracundia, no omnis melius eum, ei erat vivendo his. In pri nonumes suscipit.&lt;/p&gt;&lt;p&gt;Sit nulla quidam et, eam ea legimus deserunt neglegentur. Et veri nostrud vix, meis minimum atomorum ex sea, stet case habemus mea no. Ut dignissim dissentiet his, mei ea delectus delicatissimi, debet dissentiunt te duo. Sonet partiendo et qui, pro et veri solet singulis. Vidit viderer eleifend ad nam. Minimum eligendi suscipit ius et, vis ex laoreet detracto scripserit, at sumo sale solum pro.&lt;/p&gt;&lt;blockquote class=&quot;blockquote&quot;&gt;&lt;p&gt;Ei prima graecis consulatu vix, per cu corpora qualisque voluptaria. Bonorum moderatius in per, ius cu albucius voluptatum. Ne ius torquatos dissentiunt. Brute illum utroque eu quo. Cu tota mediocritatem vis, aliquip cotidieque eu ius, cu lorem suscipit eleifend sit.&lt;/p&gt;&lt;footer class=&quot;blockquote-footer&quot;&gt;John Doe&lt;/footer&gt;&lt;/blockquote&gt;&lt;p&gt;Mei cu diam sonet audiam, his ad impetus fuisset indoctum. Te sit altera qualisque, stet suavitate ne vel. Euismod suavitate duo eu, habemus rationibus neglegentur ei qui. Debet omittam ad usu, ex vero feugait oporteat eos, id usu sint numquam sententiae.&lt;/p&gt;&lt;figure&gt;&lt;img src=&quot;/img/media-2.jpg&quot;&gt;&lt;/figure&gt;&lt;h3&gt;Sit nulla quidam et, eam ea legimus deserunt neglegentur.&lt;/h3&gt;&lt;p&gt;No possim singulis sea, dolores salutatus interpretaris eam ad. An singulis postulant his, an inermis urbanitas mel. Wisi veri noster eu est, diam ridens eum in. Omnium imperdiet patrioque quo in, est sumo persecuti abhorreant ei. Sed feugiat iracundia id, inermis percipit eu has.&lt;/p&gt;&lt;p&gt;In vidit homero ullamcorper his, ea mea senserit constituto, et alia idque congue sit. Postea percipit his ne. Probo movet noluisse in nam, sed ex utroque inermis corrumpit, oratio tation vix at. Usu aperiri assentior at, eam et melius iudicabit pertinacia.&lt;/p&gt;', 5, 'Lorem ipsum dolor sit amet, consectetur adipiscing elit. Suspendisse ex dui, sagittis sed sodales vitae, laoreet et sem. Cras consectetur nulla id mi finibus suscipit vel mollis risus. Nulla tellus dolor, elementum non fermentum a, pulvinar vitae enim. Ut finibus ipsum lorem, id lobortis arcu pretium sit amet. Maecenas lacinia massa non mauris lacinia ultricies. In elementum mauris risus, et consequat lacus aliquet sed. Nunc eget laoreet est. Maecenas cursus orci at sem cursus consectetur. Donec egestas elementum neque non auctor. Aliquam vitae mauris vestibulum, suscipit nisi vitae, scelerisque libero. Duis ultricies neque elit, et pulvinar nisl facilisis eu.', 2, 'Post15', 3),
	(16, '2019-10-24 17:04:52', '0000-00-00 00:00:00', '&lt;h3&gt;Ea vix periculis sententiae, ea blandit pericula abhorreant pri.&lt;/h3&gt;&lt;p&gt;Lorem ipsum dolor sit amet, mea ad idque detraxit, cu soleat graecis invenire eam. Vidisse suscipit liberavisse has ex, vocibus patrioque vim et, sed ex tation reprehendunt. Mollis volumus no vix, ut qui clita habemus, ipsum senserit est et. Ut has soluta epicurei mediocrem, nibh nostrum his cu, sea clita electram reformidans an.&lt;/p&gt;&lt;p&gt;Est in saepe accusam luptatum. Purto deleniti philosophia eum ea, impetus copiosae id mel. Vis at ignota delenit democritum, te summo tamquam delicata pro. Utinam concludaturque et vim, mei ullum intellegam ei. Eam te illum nostrud, suas sonet corrumpit ea per. Ut sea regione posidonium. Pertinax gubergren ne qui, eos an harum mundi quaestio.&lt;/p&gt;&lt;figure class=&quot;pull-right&quot;&gt;&lt;img src=&quot;/img/media-1.jpg&quot;&gt;&lt;figcaption&gt;Lorem ipsum dolor sit amet, mea ad idque detraxit,&lt;/figcaption&gt;&lt;/figure&gt;&lt;p&gt;Nihil persius id est, iisque tincidunt abhorreant no duo. Eripuit placerat mnesarchum ius at, ei pro laoreet invenire persecuti, per magna tibique scriptorem an. Aeque oportere incorrupte ius ea, utroque erroribus mel in, posse dolore nam in. Per veniam vulputate intellegam et, id usu case reprimique, ne aperiam scaevola sed. Veritus omnesque qui ad. In mei admodum maiorum iracundia, no omnis melius eum, ei erat vivendo his. In pri nonumes suscipit.&lt;/p&gt;&lt;p&gt;Sit nulla quidam et, eam ea legimus deserunt neglegentur. Et veri nostrud vix, meis minimum atomorum ex sea, stet case habemus mea no. Ut dignissim dissentiet his, mei ea delectus delicatissimi, debet dissentiunt te duo. Sonet partiendo et qui, pro et veri solet singulis. Vidit viderer eleifend ad nam. Minimum eligendi suscipit ius et, vis ex laoreet detracto scripserit, at sumo sale solum pro.&lt;/p&gt;&lt;blockquote class=&quot;blockquote&quot;&gt;&lt;p&gt;Ei prima graecis consulatu vix, per cu corpora qualisque voluptaria. Bonorum moderatius in per, ius cu albucius voluptatum. Ne ius torquatos dissentiunt. Brute illum utroque eu quo. Cu tota mediocritatem vis, aliquip cotidieque eu ius, cu lorem suscipit eleifend sit.&lt;/p&gt;&lt;footer class=&quot;blockquote-footer&quot;&gt;John Doe&lt;/footer&gt;&lt;/blockquote&gt;&lt;p&gt;Mei cu diam sonet audiam, his ad impetus fuisset indoctum. Te sit altera qualisque, stet suavitate ne vel. Euismod suavitate duo eu, habemus rationibus neglegentur ei qui. Debet omittam ad usu, ex vero feugait oporteat eos, id usu sint numquam sententiae.&lt;/p&gt;&lt;figure&gt;&lt;img src=&quot;/img/media-2.jpg&quot;&gt;&lt;/figure&gt;&lt;h3&gt;Sit nulla quidam et, eam ea legimus deserunt neglegentur.&lt;/h3&gt;&lt;p&gt;No possim singulis sea, dolores salutatus interpretaris eam ad. An singulis postulant his, an inermis urbanitas mel. Wisi veri noster eu est, diam ridens eum in. Omnium imperdiet patrioque quo in, est sumo persecuti abhorreant ei. Sed feugiat iracundia id, inermis percipit eu has.&lt;/p&gt;&lt;p&gt;In vidit homero ullamcorper his, ea mea senserit constituto, et alia idque congue sit. Postea percipit his ne. Probo movet noluisse in nam, sed ex utroque inermis corrumpit, oratio tation vix at. Usu aperiri assentior at, eam et melius iudicabit pertinacia.&lt;/p&gt;', 6, 'Lorem ipsum dolor sit amet, consectetur adipiscing elit. Suspendisse ex dui, sagittis sed sodales vitae, laoreet et sem. Cras consectetur nulla id mi finibus suscipit vel mollis risus. Nulla tellus dolor, elementum non fermentum a, pulvinar vitae enim. Ut finibus ipsum lorem, id lobortis arcu pretium sit amet. Maecenas lacinia massa non mauris lacinia ultricies. In elementum mauris risus, et consequat lacus aliquet sed. Nunc eget laoreet est. Maecenas cursus orci at sem cursus consectetur. Donec egestas elementum neque non auctor. Aliquam vitae mauris vestibulum, suscipit nisi vitae, scelerisque libero. Duis ultricies neque elit, et pulvinar nisl facilisis eu.', 1, 'Post16', 3),
	(17, '2019-10-24 17:04:52', '0000-00-00 00:00:00', '&lt;h3&gt;Ea vix periculis sententiae, ea blandit pericula abhorreant pri.&lt;/h3&gt;&lt;p&gt;Lorem ipsum dolor sit amet, mea ad idque detraxit, cu soleat graecis invenire eam. Vidisse suscipit liberavisse has ex, vocibus patrioque vim et, sed ex tation reprehendunt. Mollis volumus no vix, ut qui clita habemus, ipsum senserit est et. Ut has soluta epicurei mediocrem, nibh nostrum his cu, sea clita electram reformidans an.&lt;/p&gt;&lt;p&gt;Est in saepe accusam luptatum. Purto deleniti philosophia eum ea, impetus copiosae id mel. Vis at ignota delenit democritum, te summo tamquam delicata pro. Utinam concludaturque et vim, mei ullum intellegam ei. Eam te illum nostrud, suas sonet corrumpit ea per. Ut sea regione posidonium. Pertinax gubergren ne qui, eos an harum mundi quaestio.&lt;/p&gt;&lt;figure class=&quot;pull-right&quot;&gt;&lt;img src=&quot;/img/media-1.jpg&quot;&gt;&lt;figcaption&gt;Lorem ipsum dolor sit amet, mea ad idque detraxit,&lt;/figcaption&gt;&lt;/figure&gt;&lt;p&gt;Nihil persius id est, iisque tincidunt abhorreant no duo. Eripuit placerat mnesarchum ius at, ei pro laoreet invenire persecuti, per magna tibique scriptorem an. Aeque oportere incorrupte ius ea, utroque erroribus mel in, posse dolore nam in. Per veniam vulputate intellegam et, id usu case reprimique, ne aperiam scaevola sed. Veritus omnesque qui ad. In mei admodum maiorum iracundia, no omnis melius eum, ei erat vivendo his. In pri nonumes suscipit.&lt;/p&gt;&lt;p&gt;Sit nulla quidam et, eam ea legimus deserunt neglegentur. Et veri nostrud vix, meis minimum atomorum ex sea, stet case habemus mea no. Ut dignissim dissentiet his, mei ea delectus delicatissimi, debet dissentiunt te duo. Sonet partiendo et qui, pro et veri solet singulis. Vidit viderer eleifend ad nam. Minimum eligendi suscipit ius et, vis ex laoreet detracto scripserit, at sumo sale solum pro.&lt;/p&gt;&lt;blockquote class=&quot;blockquote&quot;&gt;&lt;p&gt;Ei prima graecis consulatu vix, per cu corpora qualisque voluptaria. Bonorum moderatius in per, ius cu albucius voluptatum. Ne ius torquatos dissentiunt. Brute illum utroque eu quo. Cu tota mediocritatem vis, aliquip cotidieque eu ius, cu lorem suscipit eleifend sit.&lt;/p&gt;&lt;footer class=&quot;blockquote-footer&quot;&gt;John Doe&lt;/footer&gt;&lt;/blockquote&gt;&lt;p&gt;Mei cu diam sonet audiam, his ad impetus fuisset indoctum. Te sit altera qualisque, stet suavitate ne vel. Euismod suavitate duo eu, habemus rationibus neglegentur ei qui. Debet omittam ad usu, ex vero feugait oporteat eos, id usu sint numquam sententiae.&lt;/p&gt;&lt;figure&gt;&lt;img src=&quot;/img/media-2.jpg&quot;&gt;&lt;/figure&gt;&lt;h3&gt;Sit nulla quidam et, eam ea legimus deserunt neglegentur.&lt;/h3&gt;&lt;p&gt;No possim singulis sea, dolores salutatus interpretaris eam ad. An singulis postulant his, an inermis urbanitas mel. Wisi veri noster eu est, diam ridens eum in. Omnium imperdiet patrioque quo in, est sumo persecuti abhorreant ei. Sed feugiat iracundia id, inermis percipit eu has.&lt;/p&gt;&lt;p&gt;In vidit homero ullamcorper his, ea mea senserit constituto, et alia idque congue sit. Postea percipit his ne. Probo movet noluisse in nam, sed ex utroque inermis corrumpit, oratio tation vix at. Usu aperiri assentior at, eam et melius iudicabit pertinacia.&lt;/p&gt;', 6, 'Lorem ipsum dolor sit amet, consectetur adipiscing elit. Suspendisse ex dui, sagittis sed sodales vitae, laoreet et sem. Cras consectetur nulla id mi finibus suscipit vel mollis risus. Nulla tellus dolor, elementum non fermentum a, pulvinar vitae enim. Ut finibus ipsum lorem, id lobortis arcu pretium sit amet. Maecenas lacinia massa non mauris lacinia ultricies. In elementum mauris risus, et consequat lacus aliquet sed. Nunc eget laoreet est. Maecenas cursus orci at sem cursus consectetur. Donec egestas elementum neque non auctor. Aliquam vitae mauris vestibulum, suscipit nisi vitae, scelerisque libero. Duis ultricies neque elit, et pulvinar nisl facilisis eu.', 1, 'Post17', 3),
	(18, '2019-10-24 17:04:52', '0000-00-00 00:00:00', '&lt;h3&gt;Ea vix periculis sententiae, ea blandit pericula abhorreant pri.&lt;/h3&gt;&lt;p&gt;Lorem ipsum dolor sit amet, mea ad idque detraxit, cu soleat graecis invenire eam. Vidisse suscipit liberavisse has ex, vocibus patrioque vim et, sed ex tation reprehendunt. Mollis volumus no vix, ut qui clita habemus, ipsum senserit est et. Ut has soluta epicurei mediocrem, nibh nostrum his cu, sea clita electram reformidans an.&lt;/p&gt;&lt;p&gt;Est in saepe accusam luptatum. Purto deleniti philosophia eum ea, impetus copiosae id mel. Vis at ignota delenit democritum, te summo tamquam delicata pro. Utinam concludaturque et vim, mei ullum intellegam ei. Eam te illum nostrud, suas sonet corrumpit ea per. Ut sea regione posidonium. Pertinax gubergren ne qui, eos an harum mundi quaestio.&lt;/p&gt;&lt;figure class=&quot;pull-right&quot;&gt;&lt;img src=&quot;/img/media-1.jpg&quot;&gt;&lt;figcaption&gt;Lorem ipsum dolor sit amet, mea ad idque detraxit,&lt;/figcaption&gt;&lt;/figure&gt;&lt;p&gt;Nihil persius id est, iisque tincidunt abhorreant no duo. Eripuit placerat mnesarchum ius at, ei pro laoreet invenire persecuti, per magna tibique scriptorem an. Aeque oportere incorrupte ius ea, utroque erroribus mel in, posse dolore nam in. Per veniam vulputate intellegam et, id usu case reprimique, ne aperiam scaevola sed. Veritus omnesque qui ad. In mei admodum maiorum iracundia, no omnis melius eum, ei erat vivendo his. In pri nonumes suscipit.&lt;/p&gt;&lt;p&gt;Sit nulla quidam et, eam ea legimus deserunt neglegentur. Et veri nostrud vix, meis minimum atomorum ex sea, stet case habemus mea no. Ut dignissim dissentiet his, mei ea delectus delicatissimi, debet dissentiunt te duo. Sonet partiendo et qui, pro et veri solet singulis. Vidit viderer eleifend ad nam. Minimum eligendi suscipit ius et, vis ex laoreet detracto scripserit, at sumo sale solum pro.&lt;/p&gt;&lt;blockquote class=&quot;blockquote&quot;&gt;&lt;p&gt;Ei prima graecis consulatu vix, per cu corpora qualisque voluptaria. Bonorum moderatius in per, ius cu albucius voluptatum. Ne ius torquatos dissentiunt. Brute illum utroque eu quo. Cu tota mediocritatem vis, aliquip cotidieque eu ius, cu lorem suscipit eleifend sit.&lt;/p&gt;&lt;footer class=&quot;blockquote-footer&quot;&gt;John Doe&lt;/footer&gt;&lt;/blockquote&gt;&lt;p&gt;Mei cu diam sonet audiam, his ad impetus fuisset indoctum. Te sit altera qualisque, stet suavitate ne vel. Euismod suavitate duo eu, habemus rationibus neglegentur ei qui. Debet omittam ad usu, ex vero feugait oporteat eos, id usu sint numquam sententiae.&lt;/p&gt;&lt;figure&gt;&lt;img src=&quot;/img/media-2.jpg&quot;&gt;&lt;/figure&gt;&lt;h3&gt;Sit nulla quidam et, eam ea legimus deserunt neglegentur.&lt;/h3&gt;&lt;p&gt;No possim singulis sea, dolores salutatus interpretaris eam ad. An singulis postulant his, an inermis urbanitas mel. Wisi veri noster eu est, diam ridens eum in. Omnium imperdiet patrioque quo in, est sumo persecuti abhorreant ei. Sed feugiat iracundia id, inermis percipit eu has.&lt;/p&gt;&lt;p&gt;In vidit homero ullamcorper his, ea mea senserit constituto, et alia idque congue sit. Postea percipit his ne. Probo movet noluisse in nam, sed ex utroque inermis corrumpit, oratio tation vix at. Usu aperiri assentior at, eam et melius iudicabit pertinacia.&lt;/p&gt;', 6, 'Lorem ipsum dolor sit amet, consectetur adipiscing elit. Suspendisse ex dui, sagittis sed sodales vitae, laoreet et sem. Cras consectetur nulla id mi finibus suscipit vel mollis risus. Nulla tellus dolor, elementum non fermentum a, pulvinar vitae enim. Ut finibus ipsum lorem, id lobortis arcu pretium sit amet. Maecenas lacinia massa non mauris lacinia ultricies. In elementum mauris risus, et consequat lacus aliquet sed. Nunc eget laoreet est. Maecenas cursus orci at sem cursus consectetur. Donec egestas elementum neque non auctor. Aliquam vitae mauris vestibulum, suscipit nisi vitae, scelerisque libero. Duis ultricies neque elit, et pulvinar nisl facilisis eu.', 1, 'Post18', 3),
	(19, '2019-10-24 17:04:52', '0000-00-00 00:00:00', '&lt;h3&gt;Ea vix periculis sententiae, ea blandit pericula abhorreant pri.&lt;/h3&gt;&lt;p&gt;Lorem ipsum dolor sit amet, mea ad idque detraxit, cu soleat graecis invenire eam. Vidisse suscipit liberavisse has ex, vocibus patrioque vim et, sed ex tation reprehendunt. Mollis volumus no vix, ut qui clita habemus, ipsum senserit est et. Ut has soluta epicurei mediocrem, nibh nostrum his cu, sea clita electram reformidans an.&lt;/p&gt;&lt;p&gt;Est in saepe accusam luptatum. Purto deleniti philosophia eum ea, impetus copiosae id mel. Vis at ignota delenit democritum, te summo tamquam delicata pro. Utinam concludaturque et vim, mei ullum intellegam ei. Eam te illum nostrud, suas sonet corrumpit ea per. Ut sea regione posidonium. Pertinax gubergren ne qui, eos an harum mundi quaestio.&lt;/p&gt;&lt;figure class=&quot;pull-right&quot;&gt;&lt;img src=&quot;/img/media-1.jpg&quot;&gt;&lt;figcaption&gt;Lorem ipsum dolor sit amet, mea ad idque detraxit,&lt;/figcaption&gt;&lt;/figure&gt;&lt;p&gt;Nihil persius id est, iisque tincidunt abhorreant no duo. Eripuit placerat mnesarchum ius at, ei pro laoreet invenire persecuti, per magna tibique scriptorem an. Aeque oportere incorrupte ius ea, utroque erroribus mel in, posse dolore nam in. Per veniam vulputate intellegam et, id usu case reprimique, ne aperiam scaevola sed. Veritus omnesque qui ad. In mei admodum maiorum iracundia, no omnis melius eum, ei erat vivendo his. In pri nonumes suscipit.&lt;/p&gt;&lt;p&gt;Sit nulla quidam et, eam ea legimus deserunt neglegentur. Et veri nostrud vix, meis minimum atomorum ex sea, stet case habemus mea no. Ut dignissim dissentiet his, mei ea delectus delicatissimi, debet dissentiunt te duo. Sonet partiendo et qui, pro et veri solet singulis. Vidit viderer eleifend ad nam. Minimum eligendi suscipit ius et, vis ex laoreet detracto scripserit, at sumo sale solum pro.&lt;/p&gt;&lt;blockquote class=&quot;blockquote&quot;&gt;&lt;p&gt;Ei prima graecis consulatu vix, per cu corpora qualisque voluptaria. Bonorum moderatius in per, ius cu albucius voluptatum. Ne ius torquatos dissentiunt. Brute illum utroque eu quo. Cu tota mediocritatem vis, aliquip cotidieque eu ius, cu lorem suscipit eleifend sit.&lt;/p&gt;&lt;footer class=&quot;blockquote-footer&quot;&gt;John Doe&lt;/footer&gt;&lt;/blockquote&gt;&lt;p&gt;Mei cu diam sonet audiam, his ad impetus fuisset indoctum. Te sit altera qualisque, stet suavitate ne vel. Euismod suavitate duo eu, habemus rationibus neglegentur ei qui. Debet omittam ad usu, ex vero feugait oporteat eos, id usu sint numquam sententiae.&lt;/p&gt;&lt;figure&gt;&lt;img src=&quot;/img/media-2.jpg&quot;&gt;&lt;/figure&gt;&lt;h3&gt;Sit nulla quidam et, eam ea legimus deserunt neglegentur.&lt;/h3&gt;&lt;p&gt;No possim singulis sea, dolores salutatus interpretaris eam ad. An singulis postulant his, an inermis urbanitas mel. Wisi veri noster eu est, diam ridens eum in. Omnium imperdiet patrioque quo in, est sumo persecuti abhorreant ei. Sed feugiat iracundia id, inermis percipit eu has.&lt;/p&gt;&lt;p&gt;In vidit homero ullamcorper his, ea mea senserit constituto, et alia idque congue sit. Postea percipit his ne. Probo movet noluisse in nam, sed ex utroque inermis corrumpit, oratio tation vix at. Usu aperiri assentior at, eam et melius iudicabit pertinacia.&lt;/p&gt;', 6, 'Lorem ipsum dolor sit amet, consectetur adipiscing elit. Suspendisse ex dui, sagittis sed sodales vitae, laoreet et sem. Cras consectetur nulla id mi finibus suscipit vel mollis risus. Nulla tellus dolor, elementum non fermentum a, pulvinar vitae enim. Ut finibus ipsum lorem, id lobortis arcu pretium sit amet. Maecenas lacinia massa non mauris lacinia ultricies. In elementum mauris risus, et consequat lacus aliquet sed. Nunc eget laoreet est. Maecenas cursus orci at sem cursus consectetur. Donec egestas elementum neque non auctor. Aliquam vitae mauris vestibulum, suscipit nisi vitae, scelerisque libero. Duis ultricies neque elit, et pulvinar nisl facilisis eu.', 1, 'Post19', 3),
	(20, '2019-10-24 17:04:52', '0000-00-00 00:00:00', '&lt;h3&gt;Ea vix periculis sententiae, ea blandit pericula abhorreant pri.&lt;/h3&gt;&lt;p&gt;Lorem ipsum dolor sit amet, mea ad idque detraxit, cu soleat graecis invenire eam. Vidisse suscipit liberavisse has ex, vocibus patrioque vim et, sed ex tation reprehendunt. Mollis volumus no vix, ut qui clita habemus, ipsum senserit est et. Ut has soluta epicurei mediocrem, nibh nostrum his cu, sea clita electram reformidans an.&lt;/p&gt;&lt;p&gt;Est in saepe accusam luptatum. Purto deleniti philosophia eum ea, impetus copiosae id mel. Vis at ignota delenit democritum, te summo tamquam delicata pro. Utinam concludaturque et vim, mei ullum intellegam ei. Eam te illum nostrud, suas sonet corrumpit ea per. Ut sea regione posidonium. Pertinax gubergren ne qui, eos an harum mundi quaestio.&lt;/p&gt;&lt;figure class=&quot;pull-right&quot;&gt;&lt;img src=&quot;/img/media-1.jpg&quot;&gt;&lt;figcaption&gt;Lorem ipsum dolor sit amet, mea ad idque detraxit,&lt;/figcaption&gt;&lt;/figure&gt;&lt;p&gt;Nihil persius id est, iisque tincidunt abhorreant no duo. Eripuit placerat mnesarchum ius at, ei pro laoreet invenire persecuti, per magna tibique scriptorem an. Aeque oportere incorrupte ius ea, utroque erroribus mel in, posse dolore nam in. Per veniam vulputate intellegam et, id usu case reprimique, ne aperiam scaevola sed. Veritus omnesque qui ad. In mei admodum maiorum iracundia, no omnis melius eum, ei erat vivendo his. In pri nonumes suscipit.&lt;/p&gt;&lt;p&gt;Sit nulla quidam et, eam ea legimus deserunt neglegentur. Et veri nostrud vix, meis minimum atomorum ex sea, stet case habemus mea no. Ut dignissim dissentiet his, mei ea delectus delicatissimi, debet dissentiunt te duo. Sonet partiendo et qui, pro et veri solet singulis. Vidit viderer eleifend ad nam. Minimum eligendi suscipit ius et, vis ex laoreet detracto scripserit, at sumo sale solum pro.&lt;/p&gt;&lt;blockquote class=&quot;blockquote&quot;&gt;&lt;p&gt;Ei prima graecis consulatu vix, per cu corpora qualisque voluptaria. Bonorum moderatius in per, ius cu albucius voluptatum. Ne ius torquatos dissentiunt. Brute illum utroque eu quo. Cu tota mediocritatem vis, aliquip cotidieque eu ius, cu lorem suscipit eleifend sit.&lt;/p&gt;&lt;footer class=&quot;blockquote-footer&quot;&gt;John Doe&lt;/footer&gt;&lt;/blockquote&gt;&lt;p&gt;Mei cu diam sonet audiam, his ad impetus fuisset indoctum. Te sit altera qualisque, stet suavitate ne vel. Euismod suavitate duo eu, habemus rationibus neglegentur ei qui. Debet omittam ad usu, ex vero feugait oporteat eos, id usu sint numquam sententiae.&lt;/p&gt;&lt;figure&gt;&lt;img src=&quot;/img/media-2.jpg&quot;&gt;&lt;/figure&gt;&lt;h3&gt;Sit nulla quidam et, eam ea legimus deserunt neglegentur.&lt;/h3&gt;&lt;p&gt;No possim singulis sea, dolores salutatus interpretaris eam ad. An singulis postulant his, an inermis urbanitas mel. Wisi veri noster eu est, diam ridens eum in. Omnium imperdiet patrioque quo in, est sumo persecuti abhorreant ei. Sed feugiat iracundia id, inermis percipit eu has.&lt;/p&gt;&lt;p&gt;In vidit homero ullamcorper his, ea mea senserit constituto, et alia idque congue sit. Postea percipit his ne. Probo movet noluisse in nam, sed ex utroque inermis corrumpit, oratio tation vix at. Usu aperiri assentior at, eam et melius iudicabit pertinacia.&lt;/p&gt;', 6, 'Lorem ipsum dolor sit amet, consectetur adipiscing elit. Suspendisse ex dui, sagittis sed sodales vitae, laoreet et sem. Cras consectetur nulla id mi finibus suscipit vel mollis risus. Nulla tellus dolor, elementum non fermentum a, pulvinar vitae enim. Ut finibus ipsum lorem, id lobortis arcu pretium sit amet. Maecenas lacinia massa non mauris lacinia ultricies. In elementum mauris risus, et consequat lacus aliquet sed. Nunc eget laoreet est. Maecenas cursus orci at sem cursus consectetur. Donec egestas elementum neque non auctor. Aliquam vitae mauris vestibulum, suscipit nisi vitae, scelerisque libero. Duis ultricies neque elit, et pulvinar nisl facilisis eu.', 1, 'Post20', 3),
	(21, '2019-10-24 17:04:52', '0000-00-00 00:00:00', '&lt;h3&gt;Ea vix periculis sententiae, ea blandit pericula abhorreant pri.&lt;/h3&gt;&lt;p&gt;Lorem ipsum dolor sit amet, mea ad idque detraxit, cu soleat graecis invenire eam. Vidisse suscipit liberavisse has ex, vocibus patrioque vim et, sed ex tation reprehendunt. Mollis volumus no vix, ut qui clita habemus, ipsum senserit est et. Ut has soluta epicurei mediocrem, nibh nostrum his cu, sea clita electram reformidans an.&lt;/p&gt;&lt;p&gt;Est in saepe accusam luptatum. Purto deleniti philosophia eum ea, impetus copiosae id mel. Vis at ignota delenit democritum, te summo tamquam delicata pro. Utinam concludaturque et vim, mei ullum intellegam ei. Eam te illum nostrud, suas sonet corrumpit ea per. Ut sea regione posidonium. Pertinax gubergren ne qui, eos an harum mundi quaestio.&lt;/p&gt;&lt;figure class=&quot;pull-right&quot;&gt;&lt;img src=&quot;/img/media-1.jpg&quot;&gt;&lt;figcaption&gt;Lorem ipsum dolor sit amet, mea ad idque detraxit,&lt;/figcaption&gt;&lt;/figure&gt;&lt;p&gt;Nihil persius id est, iisque tincidunt abhorreant no duo. Eripuit placerat mnesarchum ius at, ei pro laoreet invenire persecuti, per magna tibique scriptorem an. Aeque oportere incorrupte ius ea, utroque erroribus mel in, posse dolore nam in. Per veniam vulputate intellegam et, id usu case reprimique, ne aperiam scaevola sed. Veritus omnesque qui ad. In mei admodum maiorum iracundia, no omnis melius eum, ei erat vivendo his. In pri nonumes suscipit.&lt;/p&gt;&lt;p&gt;Sit nulla quidam et, eam ea legimus deserunt neglegentur. Et veri nostrud vix, meis minimum atomorum ex sea, stet case habemus mea no. Ut dignissim dissentiet his, mei ea delectus delicatissimi, debet dissentiunt te duo. Sonet partiendo et qui, pro et veri solet singulis. Vidit viderer eleifend ad nam. Minimum eligendi suscipit ius et, vis ex laoreet detracto scripserit, at sumo sale solum pro.&lt;/p&gt;&lt;blockquote class=&quot;blockquote&quot;&gt;&lt;p&gt;Ei prima graecis consulatu vix, per cu corpora qualisque voluptaria. Bonorum moderatius in per, ius cu albucius voluptatum. Ne ius torquatos dissentiunt. Brute illum utroque eu quo. Cu tota mediocritatem vis, aliquip cotidieque eu ius, cu lorem suscipit eleifend sit.&lt;/p&gt;&lt;footer class=&quot;blockquote-footer&quot;&gt;John Doe&lt;/footer&gt;&lt;/blockquote&gt;&lt;p&gt;Mei cu diam sonet audiam, his ad impetus fuisset indoctum. Te sit altera qualisque, stet suavitate ne vel. Euismod suavitate duo eu, habemus rationibus neglegentur ei qui. Debet omittam ad usu, ex vero feugait oporteat eos, id usu sint numquam sententiae.&lt;/p&gt;&lt;figure&gt;&lt;img src=&quot;/img/media-2.jpg&quot;&gt;&lt;/figure&gt;&lt;h3&gt;Sit nulla quidam et, eam ea legimus deserunt neglegentur.&lt;/h3&gt;&lt;p&gt;No possim singulis sea, dolores salutatus interpretaris eam ad. An singulis postulant his, an inermis urbanitas mel. Wisi veri noster eu est, diam ridens eum in. Omnium imperdiet patrioque quo in, est sumo persecuti abhorreant ei. Sed feugiat iracundia id, inermis percipit eu has.&lt;/p&gt;&lt;p&gt;In vidit homero ullamcorper his, ea mea senserit constituto, et alia idque congue sit. Postea percipit his ne. Probo movet noluisse in nam, sed ex utroque inermis corrumpit, oratio tation vix at. Usu aperiri assentior at, eam et melius iudicabit pertinacia.&lt;/p&gt;', 6, 'Lorem ipsum dolor sit amet, consectetur adipiscing elit. Suspendisse ex dui, sagittis sed sodales vitae, laoreet et sem. Cras consectetur nulla id mi finibus suscipit vel mollis risus. Nulla tellus dolor, elementum non fermentum a, pulvinar vitae enim. Ut finibus ipsum lorem, id lobortis arcu pretium sit amet. Maecenas lacinia massa non mauris lacinia ultricies. In elementum mauris risus, et consequat lacus aliquet sed. Nunc eget laoreet est. Maecenas cursus orci at sem cursus consectetur. Donec egestas elementum neque non auctor. Aliquam vitae mauris vestibulum, suscipit nisi vitae, scelerisque libero. Duis ultricies neque elit, et pulvinar nisl facilisis eu.', 1, 'Post21', 3),
	(22, '2019-10-24 17:04:52', '0000-00-00 00:00:00', '&lt;h3&gt;Ea vix periculis sententiae, ea blandit pericula abhorreant pri.&lt;/h3&gt;&lt;p&gt;Lorem ipsum dolor sit amet, mea ad idque detraxit, cu soleat graecis invenire eam. Vidisse suscipit liberavisse has ex, vocibus patrioque vim et, sed ex tation reprehendunt. Mollis volumus no vix, ut qui clita habemus, ipsum senserit est et. Ut has soluta epicurei mediocrem, nibh nostrum his cu, sea clita electram reformidans an.&lt;/p&gt;&lt;p&gt;Est in saepe accusam luptatum. Purto deleniti philosophia eum ea, impetus copiosae id mel. Vis at ignota delenit democritum, te summo tamquam delicata pro. Utinam concludaturque et vim, mei ullum intellegam ei. Eam te illum nostrud, suas sonet corrumpit ea per. Ut sea regione posidonium. Pertinax gubergren ne qui, eos an harum mundi quaestio.&lt;/p&gt;&lt;figure class=&quot;pull-right&quot;&gt;&lt;img src=&quot;/img/media-1.jpg&quot;&gt;&lt;figcaption&gt;Lorem ipsum dolor sit amet, mea ad idque detraxit,&lt;/figcaption&gt;&lt;/figure&gt;&lt;p&gt;Nihil persius id est, iisque tincidunt abhorreant no duo. Eripuit placerat mnesarchum ius at, ei pro laoreet invenire persecuti, per magna tibique scriptorem an. Aeque oportere incorrupte ius ea, utroque erroribus mel in, posse dolore nam in. Per veniam vulputate intellegam et, id usu case reprimique, ne aperiam scaevola sed. Veritus omnesque qui ad. In mei admodum maiorum iracundia, no omnis melius eum, ei erat vivendo his. In pri nonumes suscipit.&lt;/p&gt;&lt;p&gt;Sit nulla quidam et, eam ea legimus deserunt neglegentur. Et veri nostrud vix, meis minimum atomorum ex sea, stet case habemus mea no. Ut dignissim dissentiet his, mei ea delectus delicatissimi, debet dissentiunt te duo. Sonet partiendo et qui, pro et veri solet singulis. Vidit viderer eleifend ad nam. Minimum eligendi suscipit ius et, vis ex laoreet detracto scripserit, at sumo sale solum pro.&lt;/p&gt;&lt;blockquote class=&quot;blockquote&quot;&gt;&lt;p&gt;Ei prima graecis consulatu vix, per cu corpora qualisque voluptaria. Bonorum moderatius in per, ius cu albucius voluptatum. Ne ius torquatos dissentiunt. Brute illum utroque eu quo. Cu tota mediocritatem vis, aliquip cotidieque eu ius, cu lorem suscipit eleifend sit.&lt;/p&gt;&lt;footer class=&quot;blockquote-footer&quot;&gt;John Doe&lt;/footer&gt;&lt;/blockquote&gt;&lt;p&gt;Mei cu diam sonet audiam, his ad impetus fuisset indoctum. Te sit altera qualisque, stet suavitate ne vel. Euismod suavitate duo eu, habemus rationibus neglegentur ei qui. Debet omittam ad usu, ex vero feugait oporteat eos, id usu sint numquam sententiae.&lt;/p&gt;&lt;figure&gt;&lt;img src=&quot;/img/media-2.jpg&quot;&gt;&lt;/figure&gt;&lt;h3&gt;Sit nulla quidam et, eam ea legimus deserunt neglegentur.&lt;/h3&gt;&lt;p&gt;No possim singulis sea, dolores salutatus interpretaris eam ad. An singulis postulant his, an inermis urbanitas mel. Wisi veri noster eu est, diam ridens eum in. Omnium imperdiet patrioque quo in, est sumo persecuti abhorreant ei. Sed feugiat iracundia id, inermis percipit eu has.&lt;/p&gt;&lt;p&gt;In vidit homero ullamcorper his, ea mea senserit constituto, et alia idque congue sit. Postea percipit his ne. Probo movet noluisse in nam, sed ex utroque inermis corrumpit, oratio tation vix at. Usu aperiri assentior at, eam et melius iudicabit pertinacia.&lt;/p&gt;', 6, 'Lorem ipsum dolor sit amet, consectetur adipiscing elit. Suspendisse ex dui, sagittis sed sodales vitae, laoreet et sem. Cras consectetur nulla id mi finibus suscipit vel mollis risus. Nulla tellus dolor, elementum non fermentum a, pulvinar vitae enim. Ut finibus ipsum lorem, id lobortis arcu pretium sit amet. Maecenas lacinia massa non mauris lacinia ultricies. In elementum mauris risus, et consequat lacus aliquet sed. Nunc eget laoreet est. Maecenas cursus orci at sem cursus consectetur. Donec egestas elementum neque non auctor. Aliquam vitae mauris vestibulum, suscipit nisi vitae, scelerisque libero. Duis ultricies neque elit, et pulvinar nisl facilisis eu.', 1, 'Post22', 3),
	(23, '2019-10-24 17:04:52', '0000-00-00 00:00:00', '&lt;h3&gt;Ea vix periculis sententiae, ea blandit pericula abhorreant pri.&lt;/h3&gt;&lt;p&gt;Lorem ipsum dolor sit amet, mea ad idque detraxit, cu soleat graecis invenire eam. Vidisse suscipit liberavisse has ex, vocibus patrioque vim et, sed ex tation reprehendunt. Mollis volumus no vix, ut qui clita habemus, ipsum senserit est et. Ut has soluta epicurei mediocrem, nibh nostrum his cu, sea clita electram reformidans an.&lt;/p&gt;&lt;p&gt;Est in saepe accusam luptatum. Purto deleniti philosophia eum ea, impetus copiosae id mel. Vis at ignota delenit democritum, te summo tamquam delicata pro. Utinam concludaturque et vim, mei ullum intellegam ei. Eam te illum nostrud, suas sonet corrumpit ea per. Ut sea regione posidonium. Pertinax gubergren ne qui, eos an harum mundi quaestio.&lt;/p&gt;&lt;figure class=&quot;pull-right&quot;&gt;&lt;img src=&quot;/img/media-1.jpg&quot;&gt;&lt;figcaption&gt;Lorem ipsum dolor sit amet, mea ad idque detraxit,&lt;/figcaption&gt;&lt;/figure&gt;&lt;p&gt;Nihil persius id est, iisque tincidunt abhorreant no duo. Eripuit placerat mnesarchum ius at, ei pro laoreet invenire persecuti, per magna tibique scriptorem an. Aeque oportere incorrupte ius ea, utroque erroribus mel in, posse dolore nam in. Per veniam vulputate intellegam et, id usu case reprimique, ne aperiam scaevola sed. Veritus omnesque qui ad. In mei admodum maiorum iracundia, no omnis melius eum, ei erat vivendo his. In pri nonumes suscipit.&lt;/p&gt;&lt;p&gt;Sit nulla quidam et, eam ea legimus deserunt neglegentur. Et veri nostrud vix, meis minimum atomorum ex sea, stet case habemus mea no. Ut dignissim dissentiet his, mei ea delectus delicatissimi, debet dissentiunt te duo. Sonet partiendo et qui, pro et veri solet singulis. Vidit viderer eleifend ad nam. Minimum eligendi suscipit ius et, vis ex laoreet detracto scripserit, at sumo sale solum pro.&lt;/p&gt;&lt;blockquote class=&quot;blockquote&quot;&gt;&lt;p&gt;Ei prima graecis consulatu vix, per cu corpora qualisque voluptaria. Bonorum moderatius in per, ius cu albucius voluptatum. Ne ius torquatos dissentiunt. Brute illum utroque eu quo. Cu tota mediocritatem vis, aliquip cotidieque eu ius, cu lorem suscipit eleifend sit.&lt;/p&gt;&lt;footer class=&quot;blockquote-footer&quot;&gt;John Doe&lt;/footer&gt;&lt;/blockquote&gt;&lt;p&gt;Mei cu diam sonet audiam, his ad impetus fuisset indoctum. Te sit altera qualisque, stet suavitate ne vel. Euismod suavitate duo eu, habemus rationibus neglegentur ei qui. Debet omittam ad usu, ex vero feugait oporteat eos, id usu sint numquam sententiae.&lt;/p&gt;&lt;figure&gt;&lt;img src=&quot;/img/media-2.jpg&quot;&gt;&lt;/figure&gt;&lt;h3&gt;Sit nulla quidam et, eam ea legimus deserunt neglegentur.&lt;/h3&gt;&lt;p&gt;No possim singulis sea, dolores salutatus interpretaris eam ad. An singulis postulant his, an inermis urbanitas mel. Wisi veri noster eu est, diam ridens eum in. Omnium imperdiet patrioque quo in, est sumo persecuti abhorreant ei. Sed feugiat iracundia id, inermis percipit eu has.&lt;/p&gt;&lt;p&gt;In vidit homero ullamcorper his, ea mea senserit constituto, et alia idque congue sit. Postea percipit his ne. Probo movet noluisse in nam, sed ex utroque inermis corrumpit, oratio tation vix at. Usu aperiri assentior at, eam et melius iudicabit pertinacia.&lt;/p&gt;', 6, 'Lorem ipsum dolor sit amet, consectetur adipiscing elit. Suspendisse ex dui, sagittis sed sodales vitae, laoreet et sem. Cras consectetur nulla id mi finibus suscipit vel mollis risus. Nulla tellus dolor, elementum non fermentum a, pulvinar vitae enim. Ut finibus ipsum lorem, id lobortis arcu pretium sit amet. Maecenas lacinia massa non mauris lacinia ultricies. In elementum mauris risus, et consequat lacus aliquet sed. Nunc eget laoreet est. Maecenas cursus orci at sem cursus consectetur. Donec egestas elementum neque non auctor. Aliquam vitae mauris vestibulum, suscipit nisi vitae, scelerisque libero. Duis ultricies neque elit, et pulvinar nisl facilisis eu.', 1, 'Post23', 3),
	(24, '2019-10-24 17:04:52', '0000-00-00 00:00:00', '&lt;h3&gt;Ea vix periculis sententiae, ea blandit pericula abhorreant pri.&lt;/h3&gt;&lt;p&gt;Lorem ipsum dolor sit amet, mea ad idque detraxit, cu soleat graecis invenire eam. Vidisse suscipit liberavisse has ex, vocibus patrioque vim et, sed ex tation reprehendunt. Mollis volumus no vix, ut qui clita habemus, ipsum senserit est et. Ut has soluta epicurei mediocrem, nibh nostrum his cu, sea clita electram reformidans an.&lt;/p&gt;&lt;p&gt;Est in saepe accusam luptatum. Purto deleniti philosophia eum ea, impetus copiosae id mel. Vis at ignota delenit democritum, te summo tamquam delicata pro. Utinam concludaturque et vim, mei ullum intellegam ei. Eam te illum nostrud, suas sonet corrumpit ea per. Ut sea regione posidonium. Pertinax gubergren ne qui, eos an harum mundi quaestio.&lt;/p&gt;&lt;figure class=&quot;pull-right&quot;&gt;&lt;img src=&quot;/img/media-1.jpg&quot;&gt;&lt;figcaption&gt;Lorem ipsum dolor sit amet, mea ad idque detraxit,&lt;/figcaption&gt;&lt;/figure&gt;&lt;p&gt;Nihil persius id est, iisque tincidunt abhorreant no duo. Eripuit placerat mnesarchum ius at, ei pro laoreet invenire persecuti, per magna tibique scriptorem an. Aeque oportere incorrupte ius ea, utroque erroribus mel in, posse dolore nam in. Per veniam vulputate intellegam et, id usu case reprimique, ne aperiam scaevola sed. Veritus omnesque qui ad. In mei admodum maiorum iracundia, no omnis melius eum, ei erat vivendo his. In pri nonumes suscipit.&lt;/p&gt;&lt;p&gt;Sit nulla quidam et, eam ea legimus deserunt neglegentur. Et veri nostrud vix, meis minimum atomorum ex sea, stet case habemus mea no. Ut dignissim dissentiet his, mei ea delectus delicatissimi, debet dissentiunt te duo. Sonet partiendo et qui, pro et veri solet singulis. Vidit viderer eleifend ad nam. Minimum eligendi suscipit ius et, vis ex laoreet detracto scripserit, at sumo sale solum pro.&lt;/p&gt;&lt;blockquote class=&quot;blockquote&quot;&gt;&lt;p&gt;Ei prima graecis consulatu vix, per cu corpora qualisque voluptaria. Bonorum moderatius in per, ius cu albucius voluptatum. Ne ius torquatos dissentiunt. Brute illum utroque eu quo. Cu tota mediocritatem vis, aliquip cotidieque eu ius, cu lorem suscipit eleifend sit.&lt;/p&gt;&lt;footer class=&quot;blockquote-footer&quot;&gt;John Doe&lt;/footer&gt;&lt;/blockquote&gt;&lt;p&gt;Mei cu diam sonet audiam, his ad impetus fuisset indoctum. Te sit altera qualisque, stet suavitate ne vel. Euismod suavitate duo eu, habemus rationibus neglegentur ei qui. Debet omittam ad usu, ex vero feugait oporteat eos, id usu sint numquam sententiae.&lt;/p&gt;&lt;figure&gt;&lt;img src=&quot;/img/media-2.jpg&quot;&gt;&lt;/figure&gt;&lt;h3&gt;Sit nulla quidam et, eam ea legimus deserunt neglegentur.&lt;/h3&gt;&lt;p&gt;No possim singulis sea, dolores salutatus interpretaris eam ad. An singulis postulant his, an inermis urbanitas mel. Wisi veri noster eu est, diam ridens eum in. Omnium imperdiet patrioque quo in, est sumo persecuti abhorreant ei. Sed feugiat iracundia id, inermis percipit eu has.&lt;/p&gt;&lt;p&gt;In vidit homero ullamcorper his, ea mea senserit constituto, et alia idque congue sit. Postea percipit his ne. Probo movet noluisse in nam, sed ex utroque inermis corrumpit, oratio tation vix at. Usu aperiri assentior at, eam et melius iudicabit pertinacia.&lt;/p&gt;', 6, 'Lorem ipsum dolor sit amet, consectetur adipiscing elit. Suspendisse ex dui, sagittis sed sodales vitae, laoreet et sem. Cras consectetur nulla id mi finibus suscipit vel mollis risus. Nulla tellus dolor, elementum non fermentum a, pulvinar vitae enim. Ut finibus ipsum lorem, id lobortis arcu pretium sit amet. Maecenas lacinia massa non mauris lacinia ultricies. In elementum mauris risus, et consequat lacus aliquet sed. Nunc eget laoreet est. Maecenas cursus orci at sem cursus consectetur. Donec egestas elementum neque non auctor. Aliquam vitae mauris vestibulum, suscipit nisi vitae, scelerisque libero. Duis ultricies neque elit, et pulvinar nisl facilisis eu.', 1, 'Post24', 4),
	(25, '2019-10-24 17:04:52', '0000-00-00 00:00:00', '&lt;h3&gt;Ea vix periculis sententiae, ea blandit pericula abhorreant pri.&lt;/h3&gt;&lt;p&gt;Lorem ipsum dolor sit amet, mea ad idque detraxit, cu soleat graecis invenire eam. Vidisse suscipit liberavisse has ex, vocibus patrioque vim et, sed ex tation reprehendunt. Mollis volumus no vix, ut qui clita habemus, ipsum senserit est et. Ut has soluta epicurei mediocrem, nibh nostrum his cu, sea clita electram reformidans an.&lt;/p&gt;&lt;p&gt;Est in saepe accusam luptatum. Purto deleniti philosophia eum ea, impetus copiosae id mel. Vis at ignota delenit democritum, te summo tamquam delicata pro. Utinam concludaturque et vim, mei ullum intellegam ei. Eam te illum nostrud, suas sonet corrumpit ea per. Ut sea regione posidonium. Pertinax gubergren ne qui, eos an harum mundi quaestio.&lt;/p&gt;&lt;figure class=&quot;pull-right&quot;&gt;&lt;img src=&quot;/img/media-1.jpg&quot;&gt;&lt;figcaption&gt;Lorem ipsum dolor sit amet, mea ad idque detraxit,&lt;/figcaption&gt;&lt;/figure&gt;&lt;p&gt;Nihil persius id est, iisque tincidunt abhorreant no duo. Eripuit placerat mnesarchum ius at, ei pro laoreet invenire persecuti, per magna tibique scriptorem an. Aeque oportere incorrupte ius ea, utroque erroribus mel in, posse dolore nam in. Per veniam vulputate intellegam et, id usu case reprimique, ne aperiam scaevola sed. Veritus omnesque qui ad. In mei admodum maiorum iracundia, no omnis melius eum, ei erat vivendo his. In pri nonumes suscipit.&lt;/p&gt;&lt;p&gt;Sit nulla quidam et, eam ea legimus deserunt neglegentur. Et veri nostrud vix, meis minimum atomorum ex sea, stet case habemus mea no. Ut dignissim dissentiet his, mei ea delectus delicatissimi, debet dissentiunt te duo. Sonet partiendo et qui, pro et veri solet singulis. Vidit viderer eleifend ad nam. Minimum eligendi suscipit ius et, vis ex laoreet detracto scripserit, at sumo sale solum pro.&lt;/p&gt;&lt;blockquote class=&quot;blockquote&quot;&gt;&lt;p&gt;Ei prima graecis consulatu vix, per cu corpora qualisque voluptaria. Bonorum moderatius in per, ius cu albucius voluptatum. Ne ius torquatos dissentiunt. Brute illum utroque eu quo. Cu tota mediocritatem vis, aliquip cotidieque eu ius, cu lorem suscipit eleifend sit.&lt;/p&gt;&lt;footer class=&quot;blockquote-footer&quot;&gt;John Doe&lt;/footer&gt;&lt;/blockquote&gt;&lt;p&gt;Mei cu diam sonet audiam, his ad impetus fuisset indoctum. Te sit altera qualisque, stet suavitate ne vel. Euismod suavitate duo eu, habemus rationibus neglegentur ei qui. Debet omittam ad usu, ex vero feugait oporteat eos, id usu sint numquam sententiae.&lt;/p&gt;&lt;figure&gt;&lt;img src=&quot;/img/media-2.jpg&quot;&gt;&lt;/figure&gt;&lt;h3&gt;Sit nulla quidam et, eam ea legimus deserunt neglegentur.&lt;/h3&gt;&lt;p&gt;No possim singulis sea, dolores salutatus interpretaris eam ad. An singulis postulant his, an inermis urbanitas mel. Wisi veri noster eu est, diam ridens eum in. Omnium imperdiet patrioque quo in, est sumo persecuti abhorreant ei. Sed feugiat iracundia id, inermis percipit eu has.&lt;/p&gt;&lt;p&gt;In vidit homero ullamcorper his, ea mea senserit constituto, et alia idque congue sit. Postea percipit his ne. Probo movet noluisse in nam, sed ex utroque inermis corrumpit, oratio tation vix at. Usu aperiri assentior at, eam et melius iudicabit pertinacia.&lt;/p&gt;', 6, 'Lorem ipsum dolor sit amet, consectetur adipiscing elit. Suspendisse ex dui, sagittis sed sodales vitae, laoreet et sem. Cras consectetur nulla id mi finibus suscipit vel mollis risus. Nulla tellus dolor, elementum non fermentum a, pulvinar vitae enim. Ut finibus ipsum lorem, id lobortis arcu pretium sit amet. Maecenas lacinia massa non mauris lacinia ultricies. In elementum mauris risus, et consequat lacus aliquet sed. Nunc eget laoreet est. Maecenas cursus orci at sem cursus consectetur. Donec egestas elementum neque non auctor. Aliquam vitae mauris vestibulum, suscipit nisi vitae, scelerisque libero. Duis ultricies neque elit, et pulvinar nisl facilisis eu.', 1, 'Post25', 4),
	(26, '2019-10-24 17:04:52', '0000-00-00 00:00:00', '&lt;h3&gt;Ea vix periculis sententiae, ea blandit pericula abhorreant pri.&lt;/h3&gt;&lt;p&gt;Lorem ipsum dolor sit amet, mea ad idque detraxit, cu soleat graecis invenire eam. Vidisse suscipit liberavisse has ex, vocibus patrioque vim et, sed ex tation reprehendunt. Mollis volumus no vix, ut qui clita habemus, ipsum senserit est et. Ut has soluta epicurei mediocrem, nibh nostrum his cu, sea clita electram reformidans an.&lt;/p&gt;&lt;p&gt;Est in saepe accusam luptatum. Purto deleniti philosophia eum ea, impetus copiosae id mel. Vis at ignota delenit democritum, te summo tamquam delicata pro. Utinam concludaturque et vim, mei ullum intellegam ei. Eam te illum nostrud, suas sonet corrumpit ea per. Ut sea regione posidonium. Pertinax gubergren ne qui, eos an harum mundi quaestio.&lt;/p&gt;&lt;figure class=&quot;pull-right&quot;&gt;&lt;img src=&quot;/img/media-1.jpg&quot;&gt;&lt;figcaption&gt;Lorem ipsum dolor sit amet, mea ad idque detraxit,&lt;/figcaption&gt;&lt;/figure&gt;&lt;p&gt;Nihil persius id est, iisque tincidunt abhorreant no duo. Eripuit placerat mnesarchum ius at, ei pro laoreet invenire persecuti, per magna tibique scriptorem an. Aeque oportere incorrupte ius ea, utroque erroribus mel in, posse dolore nam in. Per veniam vulputate intellegam et, id usu case reprimique, ne aperiam scaevola sed. Veritus omnesque qui ad. In mei admodum maiorum iracundia, no omnis melius eum, ei erat vivendo his. In pri nonumes suscipit.&lt;/p&gt;&lt;p&gt;Sit nulla quidam et, eam ea legimus deserunt neglegentur. Et veri nostrud vix, meis minimum atomorum ex sea, stet case habemus mea no. Ut dignissim dissentiet his, mei ea delectus delicatissimi, debet dissentiunt te duo. Sonet partiendo et qui, pro et veri solet singulis. Vidit viderer eleifend ad nam. Minimum eligendi suscipit ius et, vis ex laoreet detracto scripserit, at sumo sale solum pro.&lt;/p&gt;&lt;blockquote class=&quot;blockquote&quot;&gt;&lt;p&gt;Ei prima graecis consulatu vix, per cu corpora qualisque voluptaria. Bonorum moderatius in per, ius cu albucius voluptatum. Ne ius torquatos dissentiunt. Brute illum utroque eu quo. Cu tota mediocritatem vis, aliquip cotidieque eu ius, cu lorem suscipit eleifend sit.&lt;/p&gt;&lt;footer class=&quot;blockquote-footer&quot;&gt;John Doe&lt;/footer&gt;&lt;/blockquote&gt;&lt;p&gt;Mei cu diam sonet audiam, his ad impetus fuisset indoctum. Te sit altera qualisque, stet suavitate ne vel. Euismod suavitate duo eu, habemus rationibus neglegentur ei qui. Debet omittam ad usu, ex vero feugait oporteat eos, id usu sint numquam sententiae.&lt;/p&gt;&lt;figure&gt;&lt;img src=&quot;/img/media-2.jpg&quot;&gt;&lt;/figure&gt;&lt;h3&gt;Sit nulla quidam et, eam ea legimus deserunt neglegentur.&lt;/h3&gt;&lt;p&gt;No possim singulis sea, dolores salutatus interpretaris eam ad. An singulis postulant his, an inermis urbanitas mel. Wisi veri noster eu est, diam ridens eum in. Omnium imperdiet patrioque quo in, est sumo persecuti abhorreant ei. Sed feugiat iracundia id, inermis percipit eu has.&lt;/p&gt;&lt;p&gt;In vidit homero ullamcorper his, ea mea senserit constituto, et alia idque congue sit. Postea percipit his ne. Probo movet noluisse in nam, sed ex utroque inermis corrumpit, oratio tation vix at. Usu aperiri assentior at, eam et melius iudicabit pertinacia.&lt;/p&gt;', 6, 'Lorem ipsum dolor sit amet, consectetur adipiscing elit. Suspendisse ex dui, sagittis sed sodales vitae, laoreet et sem. Cras consectetur nulla id mi finibus suscipit vel mollis risus. Nulla tellus dolor, elementum non fermentum a, pulvinar vitae enim. Ut finibus ipsum lorem, id lobortis arcu pretium sit amet. Maecenas lacinia massa non mauris lacinia ultricies. In elementum mauris risus, et consequat lacus aliquet sed. Nunc eget laoreet est. Maecenas cursus orci at sem cursus consectetur. Donec egestas elementum neque non auctor. Aliquam vitae mauris vestibulum, suscipit nisi vitae, scelerisque libero. Duis ultricies neque elit, et pulvinar nisl facilisis eu.', 1, 'Post26', 4),
	(27, '2019-10-24 17:04:52', '0000-00-00 00:00:00', '&lt;h3&gt;Ea vix periculis sententiae, ea blandit pericula abhorreant pri.&lt;/h3&gt;&lt;p&gt;Lorem ipsum dolor sit amet, mea ad idque detraxit, cu soleat graecis invenire eam. Vidisse suscipit liberavisse has ex, vocibus patrioque vim et, sed ex tation reprehendunt. Mollis volumus no vix, ut qui clita habemus, ipsum senserit est et. Ut has soluta epicurei mediocrem, nibh nostrum his cu, sea clita electram reformidans an.&lt;/p&gt;&lt;p&gt;Est in saepe accusam luptatum. Purto deleniti philosophia eum ea, impetus copiosae id mel. Vis at ignota delenit democritum, te summo tamquam delicata pro. Utinam concludaturque et vim, mei ullum intellegam ei. Eam te illum nostrud, suas sonet corrumpit ea per. Ut sea regione posidonium. Pertinax gubergren ne qui, eos an harum mundi quaestio.&lt;/p&gt;&lt;figure class=&quot;pull-right&quot;&gt;&lt;img src=&quot;/img/media-1.jpg&quot;&gt;&lt;figcaption&gt;Lorem ipsum dolor sit amet, mea ad idque detraxit,&lt;/figcaption&gt;&lt;/figure&gt;&lt;p&gt;Nihil persius id est, iisque tincidunt abhorreant no duo. Eripuit placerat mnesarchum ius at, ei pro laoreet invenire persecuti, per magna tibique scriptorem an. Aeque oportere incorrupte ius ea, utroque erroribus mel in, posse dolore nam in. Per veniam vulputate intellegam et, id usu case reprimique, ne aperiam scaevola sed. Veritus omnesque qui ad. In mei admodum maiorum iracundia, no omnis melius eum, ei erat vivendo his. In pri nonumes suscipit.&lt;/p&gt;&lt;p&gt;Sit nulla quidam et, eam ea legimus deserunt neglegentur. Et veri nostrud vix, meis minimum atomorum ex sea, stet case habemus mea no. Ut dignissim dissentiet his, mei ea delectus delicatissimi, debet dissentiunt te duo. Sonet partiendo et qui, pro et veri solet singulis. Vidit viderer eleifend ad nam. Minimum eligendi suscipit ius et, vis ex laoreet detracto scripserit, at sumo sale solum pro.&lt;/p&gt;&lt;blockquote class=&quot;blockquote&quot;&gt;&lt;p&gt;Ei prima graecis consulatu vix, per cu corpora qualisque voluptaria. Bonorum moderatius in per, ius cu albucius voluptatum. Ne ius torquatos dissentiunt. Brute illum utroque eu quo. Cu tota mediocritatem vis, aliquip cotidieque eu ius, cu lorem suscipit eleifend sit.&lt;/p&gt;&lt;footer class=&quot;blockquote-footer&quot;&gt;John Doe&lt;/footer&gt;&lt;/blockquote&gt;&lt;p&gt;Mei cu diam sonet audiam, his ad impetus fuisset indoctum. Te sit altera qualisque, stet suavitate ne vel. Euismod suavitate duo eu, habemus rationibus neglegentur ei qui. Debet omittam ad usu, ex vero feugait oporteat eos, id usu sint numquam sententiae.&lt;/p&gt;&lt;figure&gt;&lt;img src=&quot;/img/media-2.jpg&quot;&gt;&lt;/figure&gt;&lt;h3&gt;Sit nulla quidam et, eam ea legimus deserunt neglegentur.&lt;/h3&gt;&lt;p&gt;No possim singulis sea, dolores salutatus interpretaris eam ad. An singulis postulant his, an inermis urbanitas mel. Wisi veri noster eu est, diam ridens eum in. Omnium imperdiet patrioque quo in, est sumo persecuti abhorreant ei. Sed feugiat iracundia id, inermis percipit eu has.&lt;/p&gt;&lt;p&gt;In vidit homero ullamcorper his, ea mea senserit constituto, et alia idque congue sit. Postea percipit his ne. Probo movet noluisse in nam, sed ex utroque inermis corrumpit, oratio tation vix at. Usu aperiri assentior at, eam et melius iudicabit pertinacia.&lt;/p&gt;', 6, 'Lorem ipsum dolor sit amet, consectetur adipiscing elit. Suspendisse ex dui, sagittis sed sodales vitae, laoreet et sem. Cras consectetur nulla id mi finibus suscipit vel mollis risus. Nulla tellus dolor, elementum non fermentum a, pulvinar vitae enim. Ut finibus ipsum lorem, id lobortis arcu pretium sit amet. Maecenas lacinia massa non mauris lacinia ultricies. In elementum mauris risus, et consequat lacus aliquet sed. Nunc eget laoreet est. Maecenas cursus orci at sem cursus consectetur. Donec egestas elementum neque non auctor. Aliquam vitae mauris vestibulum, suscipit nisi vitae, scelerisque libero. Duis ultricies neque elit, et pulvinar nisl facilisis eu.', 1, 'Post27', 4),
	(28, '2019-10-24 17:04:52', '0000-00-00 00:00:00', '&lt;h3&gt;Ea vix periculis sententiae, ea blandit pericula abhorreant pri.&lt;/h3&gt;&lt;p&gt;Lorem ipsum dolor sit amet, mea ad idque detraxit, cu soleat graecis invenire eam. Vidisse suscipit liberavisse has ex, vocibus patrioque vim et, sed ex tation reprehendunt. Mollis volumus no vix, ut qui clita habemus, ipsum senserit est et. Ut has soluta epicurei mediocrem, nibh nostrum his cu, sea clita electram reformidans an.&lt;/p&gt;&lt;p&gt;Est in saepe accusam luptatum. Purto deleniti philosophia eum ea, impetus copiosae id mel. Vis at ignota delenit democritum, te summo tamquam delicata pro. Utinam concludaturque et vim, mei ullum intellegam ei. Eam te illum nostrud, suas sonet corrumpit ea per. Ut sea regione posidonium. Pertinax gubergren ne qui, eos an harum mundi quaestio.&lt;/p&gt;&lt;figure class=&quot;pull-right&quot;&gt;&lt;img src=&quot;/img/media-1.jpg&quot;&gt;&lt;figcaption&gt;Lorem ipsum dolor sit amet, mea ad idque detraxit,&lt;/figcaption&gt;&lt;/figure&gt;&lt;p&gt;Nihil persius id est, iisque tincidunt abhorreant no duo. Eripuit placerat mnesarchum ius at, ei pro laoreet invenire persecuti, per magna tibique scriptorem an. Aeque oportere incorrupte ius ea, utroque erroribus mel in, posse dolore nam in. Per veniam vulputate intellegam et, id usu case reprimique, ne aperiam scaevola sed. Veritus omnesque qui ad. In mei admodum maiorum iracundia, no omnis melius eum, ei erat vivendo his. In pri nonumes suscipit.&lt;/p&gt;&lt;p&gt;Sit nulla quidam et, eam ea legimus deserunt neglegentur. Et veri nostrud vix, meis minimum atomorum ex sea, stet case habemus mea no. Ut dignissim dissentiet his, mei ea delectus delicatissimi, debet dissentiunt te duo. Sonet partiendo et qui, pro et veri solet singulis. Vidit viderer eleifend ad nam. Minimum eligendi suscipit ius et, vis ex laoreet detracto scripserit, at sumo sale solum pro.&lt;/p&gt;&lt;blockquote class=&quot;blockquote&quot;&gt;&lt;p&gt;Ei prima graecis consulatu vix, per cu corpora qualisque voluptaria. Bonorum moderatius in per, ius cu albucius voluptatum. Ne ius torquatos dissentiunt. Brute illum utroque eu quo. Cu tota mediocritatem vis, aliquip cotidieque eu ius, cu lorem suscipit eleifend sit.&lt;/p&gt;&lt;footer class=&quot;blockquote-footer&quot;&gt;John Doe&lt;/footer&gt;&lt;/blockquote&gt;&lt;p&gt;Mei cu diam sonet audiam, his ad impetus fuisset indoctum. Te sit altera qualisque, stet suavitate ne vel. Euismod suavitate duo eu, habemus rationibus neglegentur ei qui. Debet omittam ad usu, ex vero feugait oporteat eos, id usu sint numquam sententiae.&lt;/p&gt;&lt;figure&gt;&lt;img src=&quot;/img/media-2.jpg&quot;&gt;&lt;/figure&gt;&lt;h3&gt;Sit nulla quidam et, eam ea legimus deserunt neglegentur.&lt;/h3&gt;&lt;p&gt;No possim singulis sea, dolores salutatus interpretaris eam ad. An singulis postulant his, an inermis urbanitas mel. Wisi veri noster eu est, diam ridens eum in. Omnium imperdiet patrioque quo in, est sumo persecuti abhorreant ei. Sed feugiat iracundia id, inermis percipit eu has.&lt;/p&gt;&lt;p&gt;In vidit homero ullamcorper his, ea mea senserit constituto, et alia idque congue sit. Postea percipit his ne. Probo movet noluisse in nam, sed ex utroque inermis corrumpit, oratio tation vix at. Usu aperiri assentior at, eam et melius iudicabit pertinacia.&lt;/p&gt;', 1, 'Lorem ipsum dolor sit amet, consectetur adipiscing elit. Suspendisse ex dui, sagittis sed sodales vitae, laoreet et sem. Cras consectetur nulla id mi finibus suscipit vel mollis risus. Nulla tellus dolor, elementum non fermentum a, pulvinar vitae enim. Ut finibus ipsum lorem, id lobortis arcu pretium sit amet. Maecenas lacinia massa non mauris lacinia ultricies. In elementum mauris risus, et consequat lacus aliquet sed. Nunc eget laoreet est. Maecenas cursus orci at sem cursus consectetur. Donec egestas elementum neque non auctor. Aliquam vitae mauris vestibulum, suscipit nisi vitae, scelerisque libero. Duis ultricies neque elit, et pulvinar nisl facilisis eu.', 1, 'Post28', 4),
	(29, '2019-10-24 17:04:52', '0000-00-00 00:00:00', '&lt;h3&gt;Ea vix periculis sententiae, ea blandit pericula abhorreant pri.&lt;/h3&gt;&lt;p&gt;Lorem ipsum dolor sit amet, mea ad idque detraxit, cu soleat graecis invenire eam. Vidisse suscipit liberavisse has ex, vocibus patrioque vim et, sed ex tation reprehendunt. Mollis volumus no vix, ut qui clita habemus, ipsum senserit est et. Ut has soluta epicurei mediocrem, nibh nostrum his cu, sea clita electram reformidans an.&lt;/p&gt;&lt;p&gt;Est in saepe accusam luptatum. Purto deleniti philosophia eum ea, impetus copiosae id mel. Vis at ignota delenit democritum, te summo tamquam delicata pro. Utinam concludaturque et vim, mei ullum intellegam ei. Eam te illum nostrud, suas sonet corrumpit ea per. Ut sea regione posidonium. Pertinax gubergren ne qui, eos an harum mundi quaestio.&lt;/p&gt;&lt;figure class=&quot;pull-right&quot;&gt;&lt;img src=&quot;/img/media-1.jpg&quot;&gt;&lt;figcaption&gt;Lorem ipsum dolor sit amet, mea ad idque detraxit,&lt;/figcaption&gt;&lt;/figure&gt;&lt;p&gt;Nihil persius id est, iisque tincidunt abhorreant no duo. Eripuit placerat mnesarchum ius at, ei pro laoreet invenire persecuti, per magna tibique scriptorem an. Aeque oportere incorrupte ius ea, utroque erroribus mel in, posse dolore nam in. Per veniam vulputate intellegam et, id usu case reprimique, ne aperiam scaevola sed. Veritus omnesque qui ad. In mei admodum maiorum iracundia, no omnis melius eum, ei erat vivendo his. In pri nonumes suscipit.&lt;/p&gt;&lt;p&gt;Sit nulla quidam et, eam ea legimus deserunt neglegentur. Et veri nostrud vix, meis minimum atomorum ex sea, stet case habemus mea no. Ut dignissim dissentiet his, mei ea delectus delicatissimi, debet dissentiunt te duo. Sonet partiendo et qui, pro et veri solet singulis. Vidit viderer eleifend ad nam. Minimum eligendi suscipit ius et, vis ex laoreet detracto scripserit, at sumo sale solum pro.&lt;/p&gt;&lt;blockquote class=&quot;blockquote&quot;&gt;&lt;p&gt;Ei prima graecis consulatu vix, per cu corpora qualisque voluptaria. Bonorum moderatius in per, ius cu albucius voluptatum. Ne ius torquatos dissentiunt. Brute illum utroque eu quo. Cu tota mediocritatem vis, aliquip cotidieque eu ius, cu lorem suscipit eleifend sit.&lt;/p&gt;&lt;footer class=&quot;blockquote-footer&quot;&gt;John Doe&lt;/footer&gt;&lt;/blockquote&gt;&lt;p&gt;Mei cu diam sonet audiam, his ad impetus fuisset indoctum. Te sit altera qualisque, stet suavitate ne vel. Euismod suavitate duo eu, habemus rationibus neglegentur ei qui. Debet omittam ad usu, ex vero feugait oporteat eos, id usu sint numquam sententiae.&lt;/p&gt;&lt;figure&gt;&lt;img src=&quot;/img/media-2.jpg&quot;&gt;&lt;/figure&gt;&lt;h3&gt;Sit nulla quidam et, eam ea legimus deserunt neglegentur.&lt;/h3&gt;&lt;p&gt;No possim singulis sea, dolores salutatus interpretaris eam ad. An singulis postulant his, an inermis urbanitas mel. Wisi veri noster eu est, diam ridens eum in. Omnium imperdiet patrioque quo in, est sumo persecuti abhorreant ei. Sed feugiat iracundia id, inermis percipit eu has.&lt;/p&gt;&lt;p&gt;In vidit homero ullamcorper his, ea mea senserit constituto, et alia idque congue sit. Postea percipit his ne. Probo movet noluisse in nam, sed ex utroque inermis corrumpit, oratio tation vix at. Usu aperiri assentior at, eam et melius iudicabit pertinacia.&lt;/p&gt;', 2, 'Lorem ipsum dolor sit amet, consectetur adipiscing elit. Suspendisse ex dui, sagittis sed sodales vitae, laoreet et sem. Cras consectetur nulla id mi finibus suscipit vel mollis risus. Nulla tellus dolor, elementum non fermentum a, pulvinar vitae enim. Ut finibus ipsum lorem, id lobortis arcu pretium sit amet. Maecenas lacinia massa non mauris lacinia ultricies. In elementum mauris risus, et consequat lacus aliquet sed. Nunc eget laoreet est. Maecenas cursus orci at sem cursus consectetur. Donec egestas elementum neque non auctor. Aliquam vitae mauris vestibulum, suscipit nisi vitae, scelerisque libero. Duis ultricies neque elit, et pulvinar nisl facilisis eu.', 1, 'Post29', 4),
	(30, '2019-10-24 17:04:52', '0000-00-00 00:00:00', '&lt;h3&gt;Ea vix periculis sententiae, ea blandit pericula abhorreant pri.&lt;/h3&gt;&lt;p&gt;Lorem ipsum dolor sit amet, mea ad idque detraxit, cu soleat graecis invenire eam. Vidisse suscipit liberavisse has ex, vocibus patrioque vim et, sed ex tation reprehendunt. Mollis volumus no vix, ut qui clita habemus, ipsum senserit est et. Ut has soluta epicurei mediocrem, nibh nostrum his cu, sea clita electram reformidans an.&lt;/p&gt;&lt;p&gt;Est in saepe accusam luptatum. Purto deleniti philosophia eum ea, impetus copiosae id mel. Vis at ignota delenit democritum, te summo tamquam delicata pro. Utinam concludaturque et vim, mei ullum intellegam ei. Eam te illum nostrud, suas sonet corrumpit ea per. Ut sea regione posidonium. Pertinax gubergren ne qui, eos an harum mundi quaestio.&lt;/p&gt;&lt;figure class=&quot;pull-right&quot;&gt;&lt;img src=&quot;/img/media-1.jpg&quot;&gt;&lt;figcaption&gt;Lorem ipsum dolor sit amet, mea ad idque detraxit,&lt;/figcaption&gt;&lt;/figure&gt;&lt;p&gt;Nihil persius id est, iisque tincidunt abhorreant no duo. Eripuit placerat mnesarchum ius at, ei pro laoreet invenire persecuti, per magna tibique scriptorem an. Aeque oportere incorrupte ius ea, utroque erroribus mel in, posse dolore nam in. Per veniam vulputate intellegam et, id usu case reprimique, ne aperiam scaevola sed. Veritus omnesque qui ad. In mei admodum maiorum iracundia, no omnis melius eum, ei erat vivendo his. In pri nonumes suscipit.&lt;/p&gt;&lt;p&gt;Sit nulla quidam et, eam ea legimus deserunt neglegentur. Et veri nostrud vix, meis minimum atomorum ex sea, stet case habemus mea no. Ut dignissim dissentiet his, mei ea delectus delicatissimi, debet dissentiunt te duo. Sonet partiendo et qui, pro et veri solet singulis. Vidit viderer eleifend ad nam. Minimum eligendi suscipit ius et, vis ex laoreet detracto scripserit, at sumo sale solum pro.&lt;/p&gt;&lt;blockquote class=&quot;blockquote&quot;&gt;&lt;p&gt;Ei prima graecis consulatu vix, per cu corpora qualisque voluptaria. Bonorum moderatius in per, ius cu albucius voluptatum. Ne ius torquatos dissentiunt. Brute illum utroque eu quo. Cu tota mediocritatem vis, aliquip cotidieque eu ius, cu lorem suscipit eleifend sit.&lt;/p&gt;&lt;footer class=&quot;blockquote-footer&quot;&gt;John Doe&lt;/footer&gt;&lt;/blockquote&gt;&lt;p&gt;Mei cu diam sonet audiam, his ad impetus fuisset indoctum. Te sit altera qualisque, stet suavitate ne vel. Euismod suavitate duo eu, habemus rationibus neglegentur ei qui. Debet omittam ad usu, ex vero feugait oporteat eos, id usu sint numquam sententiae.&lt;/p&gt;&lt;figure&gt;&lt;img src=&quot;/img/media-2.jpg&quot;&gt;&lt;/figure&gt;&lt;h3&gt;Sit nulla quidam et, eam ea legimus deserunt neglegentur.&lt;/h3&gt;&lt;p&gt;No possim singulis sea, dolores salutatus interpretaris eam ad. An singulis postulant his, an inermis urbanitas mel. Wisi veri noster eu est, diam ridens eum in. Omnium imperdiet patrioque quo in, est sumo persecuti abhorreant ei. Sed feugiat iracundia id, inermis percipit eu has.&lt;/p&gt;&lt;p&gt;In vidit homero ullamcorper his, ea mea senserit constituto, et alia idque congue sit. Postea percipit his ne. Probo movet noluisse in nam, sed ex utroque inermis corrumpit, oratio tation vix at. Usu aperiri assentior at, eam et melius iudicabit pertinacia.&lt;/p&gt;', 3, 'Lorem ipsum dolor sit amet, consectetur adipiscing elit. Suspendisse ex dui, sagittis sed sodales vitae, laoreet et sem. Cras consectetur nulla id mi finibus suscipit vel mollis risus. Nulla tellus dolor, elementum non fermentum a, pulvinar vitae enim. Ut finibus ipsum lorem, id lobortis arcu pretium sit amet. Maecenas lacinia massa non mauris lacinia ultricies. In elementum mauris risus, et consequat lacus aliquet sed. Nunc eget laoreet est. Maecenas cursus orci at sem cursus consectetur. Donec egestas elementum neque non auctor. Aliquam vitae mauris vestibulum, suscipit nisi vitae, scelerisque libero. Duis ultricies neque elit, et pulvinar nisl facilisis eu.', 1, 'Post30', 4),
	(31, '2019-10-24 17:04:52', '0000-00-00 00:00:00', '&lt;h3&gt;Ea vix periculis sententiae, ea blandit pericula abhorreant pri.&lt;/h3&gt;&lt;p&gt;Lorem ipsum dolor sit amet, mea ad idque detraxit, cu soleat graecis invenire eam. Vidisse suscipit liberavisse has ex, vocibus patrioque vim et, sed ex tation reprehendunt. Mollis volumus no vix, ut qui clita habemus, ipsum senserit est et. Ut has soluta epicurei mediocrem, nibh nostrum his cu, sea clita electram reformidans an.&lt;/p&gt;&lt;p&gt;Est in saepe accusam luptatum. Purto deleniti philosophia eum ea, impetus copiosae id mel. Vis at ignota delenit democritum, te summo tamquam delicata pro. Utinam concludaturque et vim, mei ullum intellegam ei. Eam te illum nostrud, suas sonet corrumpit ea per. Ut sea regione posidonium. Pertinax gubergren ne qui, eos an harum mundi quaestio.&lt;/p&gt;&lt;figure class=&quot;pull-right&quot;&gt;&lt;img src=&quot;/img/media-1.jpg&quot;&gt;&lt;figcaption&gt;Lorem ipsum dolor sit amet, mea ad idque detraxit,&lt;/figcaption&gt;&lt;/figure&gt;&lt;p&gt;Nihil persius id est, iisque tincidunt abhorreant no duo. Eripuit placerat mnesarchum ius at, ei pro laoreet invenire persecuti, per magna tibique scriptorem an. Aeque oportere incorrupte ius ea, utroque erroribus mel in, posse dolore nam in. Per veniam vulputate intellegam et, id usu case reprimique, ne aperiam scaevola sed. Veritus omnesque qui ad. In mei admodum maiorum iracundia, no omnis melius eum, ei erat vivendo his. In pri nonumes suscipit.&lt;/p&gt;&lt;p&gt;Sit nulla quidam et, eam ea legimus deserunt neglegentur. Et veri nostrud vix, meis minimum atomorum ex sea, stet case habemus mea no. Ut dignissim dissentiet his, mei ea delectus delicatissimi, debet dissentiunt te duo. Sonet partiendo et qui, pro et veri solet singulis. Vidit viderer eleifend ad nam. Minimum eligendi suscipit ius et, vis ex laoreet detracto scripserit, at sumo sale solum pro.&lt;/p&gt;&lt;blockquote class=&quot;blockquote&quot;&gt;&lt;p&gt;Ei prima graecis consulatu vix, per cu corpora qualisque voluptaria. Bonorum moderatius in per, ius cu albucius voluptatum. Ne ius torquatos dissentiunt. Brute illum utroque eu quo. Cu tota mediocritatem vis, aliquip cotidieque eu ius, cu lorem suscipit eleifend sit.&lt;/p&gt;&lt;footer class=&quot;blockquote-footer&quot;&gt;John Doe&lt;/footer&gt;&lt;/blockquote&gt;&lt;p&gt;Mei cu diam sonet audiam, his ad impetus fuisset indoctum. Te sit altera qualisque, stet suavitate ne vel. Euismod suavitate duo eu, habemus rationibus neglegentur ei qui. Debet omittam ad usu, ex vero feugait oporteat eos, id usu sint numquam sententiae.&lt;/p&gt;&lt;figure&gt;&lt;img src=&quot;/img/media-2.jpg&quot;&gt;&lt;/figure&gt;&lt;h3&gt;Sit nulla quidam et, eam ea legimus deserunt neglegentur.&lt;/h3&gt;&lt;p&gt;No possim singulis sea, dolores salutatus interpretaris eam ad. An singulis postulant his, an inermis urbanitas mel. Wisi veri noster eu est, diam ridens eum in. Omnium imperdiet patrioque quo in, est sumo persecuti abhorreant ei. Sed feugiat iracundia id, inermis percipit eu has.&lt;/p&gt;&lt;p&gt;In vidit homero ullamcorper his, ea mea senserit constituto, et alia idque congue sit. Postea percipit his ne. Probo movet noluisse in nam, sed ex utroque inermis corrumpit, oratio tation vix at. Usu aperiri assentior at, eam et melius iudicabit pertinacia.&lt;/p&gt;', 4, 'Lorem ipsum dolor sit amet, consectetur adipiscing elit. Suspendisse ex dui, sagittis sed sodales vitae, laoreet et sem. Cras consectetur nulla id mi finibus suscipit vel mollis risus. Nulla tellus dolor, elementum non fermentum a, pulvinar vitae enim. Ut finibus ipsum lorem, id lobortis arcu pretium sit amet. Maecenas lacinia massa non mauris lacinia ultricies. In elementum mauris risus, et consequat lacus aliquet sed. Nunc eget laoreet est. Maecenas cursus orci at sem cursus consectetur. Donec egestas elementum neque non auctor. Aliquam vitae mauris vestibulum, suscipit nisi vitae, scelerisque libero. Duis ultricies neque elit, et pulvinar nisl facilisis eu.', 1, 'Post31', 1),
	(32, '2019-10-24 17:04:52', '0000-00-00 00:00:00', '&lt;h3&gt;Ea vix periculis sententiae, ea blandit pericula abhorreant pri.&lt;/h3&gt;&lt;p&gt;Lorem ipsum dolor sit amet, mea ad idque detraxit, cu soleat graecis invenire eam. Vidisse suscipit liberavisse has ex, vocibus patrioque vim et, sed ex tation reprehendunt. Mollis volumus no vix, ut qui clita habemus, ipsum senserit est et. Ut has soluta epicurei mediocrem, nibh nostrum his cu, sea clita electram reformidans an.&lt;/p&gt;&lt;p&gt;Est in saepe accusam luptatum. Purto deleniti philosophia eum ea, impetus copiosae id mel. Vis at ignota delenit democritum, te summo tamquam delicata pro. Utinam concludaturque et vim, mei ullum intellegam ei. Eam te illum nostrud, suas sonet corrumpit ea per. Ut sea regione posidonium. Pertinax gubergren ne qui, eos an harum mundi quaestio.&lt;/p&gt;&lt;figure class=&quot;pull-right&quot;&gt;&lt;img src=&quot;/img/media-1.jpg&quot;&gt;&lt;figcaption&gt;Lorem ipsum dolor sit amet, mea ad idque detraxit,&lt;/figcaption&gt;&lt;/figure&gt;&lt;p&gt;Nihil persius id est, iisque tincidunt abhorreant no duo. Eripuit placerat mnesarchum ius at, ei pro laoreet invenire persecuti, per magna tibique scriptorem an. Aeque oportere incorrupte ius ea, utroque erroribus mel in, posse dolore nam in. Per veniam vulputate intellegam et, id usu case reprimique, ne aperiam scaevola sed. Veritus omnesque qui ad. In mei admodum maiorum iracundia, no omnis melius eum, ei erat vivendo his. In pri nonumes suscipit.&lt;/p&gt;&lt;p&gt;Sit nulla quidam et, eam ea legimus deserunt neglegentur. Et veri nostrud vix, meis minimum atomorum ex sea, stet case habemus mea no. Ut dignissim dissentiet his, mei ea delectus delicatissimi, debet dissentiunt te duo. Sonet partiendo et qui, pro et veri solet singulis. Vidit viderer eleifend ad nam. Minimum eligendi suscipit ius et, vis ex laoreet detracto scripserit, at sumo sale solum pro.&lt;/p&gt;&lt;blockquote class=&quot;blockquote&quot;&gt;&lt;p&gt;Ei prima graecis consulatu vix, per cu corpora qualisque voluptaria. Bonorum moderatius in per, ius cu albucius voluptatum. Ne ius torquatos dissentiunt. Brute illum utroque eu quo. Cu tota mediocritatem vis, aliquip cotidieque eu ius, cu lorem suscipit eleifend sit.&lt;/p&gt;&lt;footer class=&quot;blockquote-footer&quot;&gt;John Doe&lt;/footer&gt;&lt;/blockquote&gt;&lt;p&gt;Mei cu diam sonet audiam, his ad impetus fuisset indoctum. Te sit altera qualisque, stet suavitate ne vel. Euismod suavitate duo eu, habemus rationibus neglegentur ei qui. Debet omittam ad usu, ex vero feugait oporteat eos, id usu sint numquam sententiae.&lt;/p&gt;&lt;figure&gt;&lt;img src=&quot;/img/media-2.jpg&quot;&gt;&lt;/figure&gt;&lt;h3&gt;Sit nulla quidam et, eam ea legimus deserunt neglegentur.&lt;/h3&gt;&lt;p&gt;No possim singulis sea, dolores salutatus interpretaris eam ad. An singulis postulant his, an inermis urbanitas mel. Wisi veri noster eu est, diam ridens eum in. Omnium imperdiet patrioque quo in, est sumo persecuti abhorreant ei. Sed feugiat iracundia id, inermis percipit eu has.&lt;/p&gt;&lt;p&gt;In vidit homero ullamcorper his, ea mea senserit constituto, et alia idque congue sit. Postea percipit his ne. Probo movet noluisse in nam, sed ex utroque inermis corrumpit, oratio tation vix at. Usu aperiri assentior at, eam et melius iudicabit pertinacia.&lt;/p&gt;', 6, 'Lorem ipsum dolor sit amet, consectetur adipiscing elit. Suspendisse ex dui, sagittis sed sodales vitae, laoreet et sem. Cras consectetur nulla id mi finibus suscipit vel mollis risus. Nulla tellus dolor, elementum non fermentum a, pulvinar vitae enim. Ut finibus ipsum lorem, id lobortis arcu pretium sit amet. Maecenas lacinia massa non mauris lacinia ultricies. In elementum mauris risus, et consequat lacus aliquet sed. Nunc eget laoreet est. Maecenas cursus orci at sem cursus consectetur. Donec egestas elementum neque non auctor. Aliquam vitae mauris vestibulum, suscipit nisi vitae, scelerisque libero. Duis ultricies neque elit, et pulvinar nisl facilisis eu.', 1, 'Post32', 1),
	(33, '2019-10-24 17:04:52', '0000-00-00 00:00:00', '&lt;h3&gt;Ea vix periculis sententiae, ea blandit pericula abhorreant pri.&lt;/h3&gt;&lt;p&gt;Lorem ipsum dolor sit amet, mea ad idque detraxit, cu soleat graecis invenire eam. Vidisse suscipit liberavisse has ex, vocibus patrioque vim et, sed ex tation reprehendunt. Mollis volumus no vix, ut qui clita habemus, ipsum senserit est et. Ut has soluta epicurei mediocrem, nibh nostrum his cu, sea clita electram reformidans an.&lt;/p&gt;&lt;p&gt;Est in saepe accusam luptatum. Purto deleniti philosophia eum ea, impetus copiosae id mel. Vis at ignota delenit democritum, te summo tamquam delicata pro. Utinam concludaturque et vim, mei ullum intellegam ei. Eam te illum nostrud, suas sonet corrumpit ea per. Ut sea regione posidonium. Pertinax gubergren ne qui, eos an harum mundi quaestio.&lt;/p&gt;&lt;figure class=&quot;pull-right&quot;&gt;&lt;img src=&quot;/img/media-1.jpg&quot;&gt;&lt;figcaption&gt;Lorem ipsum dolor sit amet, mea ad idque detraxit,&lt;/figcaption&gt;&lt;/figure&gt;&lt;p&gt;Nihil persius id est, iisque tincidunt abhorreant no duo. Eripuit placerat mnesarchum ius at, ei pro laoreet invenire persecuti, per magna tibique scriptorem an. Aeque oportere incorrupte ius ea, utroque erroribus mel in, posse dolore nam in. Per veniam vulputate intellegam et, id usu case reprimique, ne aperiam scaevola sed. Veritus omnesque qui ad. In mei admodum maiorum iracundia, no omnis melius eum, ei erat vivendo his. In pri nonumes suscipit.&lt;/p&gt;&lt;p&gt;Sit nulla quidam et, eam ea legimus deserunt neglegentur. Et veri nostrud vix, meis minimum atomorum ex sea, stet case habemus mea no. Ut dignissim dissentiet his, mei ea delectus delicatissimi, debet dissentiunt te duo. Sonet partiendo et qui, pro et veri solet singulis. Vidit viderer eleifend ad nam. Minimum eligendi suscipit ius et, vis ex laoreet detracto scripserit, at sumo sale solum pro.&lt;/p&gt;&lt;blockquote class=&quot;blockquote&quot;&gt;&lt;p&gt;Ei prima graecis consulatu vix, per cu corpora qualisque voluptaria. Bonorum moderatius in per, ius cu albucius voluptatum. Ne ius torquatos dissentiunt. Brute illum utroque eu quo. Cu tota mediocritatem vis, aliquip cotidieque eu ius, cu lorem suscipit eleifend sit.&lt;/p&gt;&lt;footer class=&quot;blockquote-footer&quot;&gt;John Doe&lt;/footer&gt;&lt;/blockquote&gt;&lt;p&gt;Mei cu diam sonet audiam, his ad impetus fuisset indoctum. Te sit altera qualisque, stet suavitate ne vel. Euismod suavitate duo eu, habemus rationibus neglegentur ei qui. Debet omittam ad usu, ex vero feugait oporteat eos, id usu sint numquam sententiae.&lt;/p&gt;&lt;figure&gt;&lt;img src=&quot;/img/media-2.jpg&quot;&gt;&lt;/figure&gt;&lt;h3&gt;Sit nulla quidam et, eam ea legimus deserunt neglegentur.&lt;/h3&gt;&lt;p&gt;No possim singulis sea, dolores salutatus interpretaris eam ad. An singulis postulant his, an inermis urbanitas mel. Wisi veri noster eu est, diam ridens eum in. Omnium imperdiet patrioque quo in, est sumo persecuti abhorreant ei. Sed feugiat iracundia id, inermis percipit eu has.&lt;/p&gt;&lt;p&gt;In vidit homero ullamcorper his, ea mea senserit constituto, et alia idque congue sit. Postea percipit his ne. Probo movet noluisse in nam, sed ex utroque inermis corrumpit, oratio tation vix at. Usu aperiri assentior at, eam et melius iudicabit pertinacia.&lt;/p&gt;', 6, 'Lorem ipsum dolor sit amet, consectetur adipiscing elit. Suspendisse ex dui, sagittis sed sodales vitae, laoreet et sem. Cras consectetur nulla id mi finibus suscipit vel mollis risus. Nulla tellus dolor, elementum non fermentum a, pulvinar vitae enim. Ut finibus ipsum lorem, id lobortis arcu pretium sit amet. Maecenas lacinia massa non mauris lacinia ultricies. In elementum mauris risus, et consequat lacus aliquet sed. Nunc eget laoreet est. Maecenas cursus orci at sem cursus consectetur. Donec egestas elementum neque non auctor. Aliquam vitae mauris vestibulum, suscipit nisi vitae, scelerisque libero. Duis ultricies neque elit, et pulvinar nisl facilisis eu.', 1, 'Post33', 2),
	(34, '2019-10-24 17:04:52', '0000-00-00 00:00:00', '&lt;h3&gt;Ea vix periculis sententiae, ea blandit pericula abhorreant pri.&lt;/h3&gt;&lt;p&gt;Lorem ipsum dolor sit amet, mea ad idque detraxit, cu soleat graecis invenire eam. Vidisse suscipit liberavisse has ex, vocibus patrioque vim et, sed ex tation reprehendunt. Mollis volumus no vix, ut qui clita habemus, ipsum senserit est et. Ut has soluta epicurei mediocrem, nibh nostrum his cu, sea clita electram reformidans an.&lt;/p&gt;&lt;p&gt;Est in saepe accusam luptatum. Purto deleniti philosophia eum ea, impetus copiosae id mel. Vis at ignota delenit democritum, te summo tamquam delicata pro. Utinam concludaturque et vim, mei ullum intellegam ei. Eam te illum nostrud, suas sonet corrumpit ea per. Ut sea regione posidonium. Pertinax gubergren ne qui, eos an harum mundi quaestio.&lt;/p&gt;&lt;figure class=&quot;pull-right&quot;&gt;&lt;img src=&quot;/img/media-1.jpg&quot;&gt;&lt;figcaption&gt;Lorem ipsum dolor sit amet, mea ad idque detraxit,&lt;/figcaption&gt;&lt;/figure&gt;&lt;p&gt;Nihil persius id est, iisque tincidunt abhorreant no duo. Eripuit placerat mnesarchum ius at, ei pro laoreet invenire persecuti, per magna tibique scriptorem an. Aeque oportere incorrupte ius ea, utroque erroribus mel in, posse dolore nam in. Per veniam vulputate intellegam et, id usu case reprimique, ne aperiam scaevola sed. Veritus omnesque qui ad. In mei admodum maiorum iracundia, no omnis melius eum, ei erat vivendo his. In pri nonumes suscipit.&lt;/p&gt;&lt;p&gt;Sit nulla quidam et, eam ea legimus deserunt neglegentur. Et veri nostrud vix, meis minimum atomorum ex sea, stet case habemus mea no. Ut dignissim dissentiet his, mei ea delectus delicatissimi, debet dissentiunt te duo. Sonet partiendo et qui, pro et veri solet singulis. Vidit viderer eleifend ad nam. Minimum eligendi suscipit ius et, vis ex laoreet detracto scripserit, at sumo sale solum pro.&lt;/p&gt;&lt;blockquote class=&quot;blockquote&quot;&gt;&lt;p&gt;Ei prima graecis consulatu vix, per cu corpora qualisque voluptaria. Bonorum moderatius in per, ius cu albucius voluptatum. Ne ius torquatos dissentiunt. Brute illum utroque eu quo. Cu tota mediocritatem vis, aliquip cotidieque eu ius, cu lorem suscipit eleifend sit.&lt;/p&gt;&lt;footer class=&quot;blockquote-footer&quot;&gt;John Doe&lt;/footer&gt;&lt;/blockquote&gt;&lt;p&gt;Mei cu diam sonet audiam, his ad impetus fuisset indoctum. Te sit altera qualisque, stet suavitate ne vel. Euismod suavitate duo eu, habemus rationibus neglegentur ei qui. Debet omittam ad usu, ex vero feugait oporteat eos, id usu sint numquam sententiae.&lt;/p&gt;&lt;figure&gt;&lt;img src=&quot;/img/media-2.jpg&quot;&gt;&lt;/figure&gt;&lt;h3&gt;Sit nulla quidam et, eam ea legimus deserunt neglegentur.&lt;/h3&gt;&lt;p&gt;No possim singulis sea, dolores salutatus interpretaris eam ad. An singulis postulant his, an inermis urbanitas mel. Wisi veri noster eu est, diam ridens eum in. Omnium imperdiet patrioque quo in, est sumo persecuti abhorreant ei. Sed feugiat iracundia id, inermis percipit eu has.&lt;/p&gt;&lt;p&gt;In vidit homero ullamcorper his, ea mea senserit constituto, et alia idque congue sit. Postea percipit his ne. Probo movet noluisse in nam, sed ex utroque inermis corrumpit, oratio tation vix at. Usu aperiri assentior at, eam et melius iudicabit pertinacia.&lt;/p&gt;', 6, 'Lorem ipsum dolor sit amet, consectetur adipiscing elit. Suspendisse ex dui, sagittis sed sodales vitae, laoreet et sem. Cras consectetur nulla id mi finibus suscipit vel mollis risus. Nulla tellus dolor, elementum non fermentum a, pulvinar vitae enim. Ut finibus ipsum lorem, id lobortis arcu pretium sit amet. Maecenas lacinia massa non mauris lacinia ultricies. In elementum mauris risus, et consequat lacus aliquet sed. Nunc eget laoreet est. Maecenas cursus orci at sem cursus consectetur. Donec egestas elementum neque non auctor. Aliquam vitae mauris vestibulum, suscipit nisi vitae, scelerisque libero. Duis ultricies neque elit, et pulvinar nisl facilisis eu.', 1, 'Post34', 2),
	(35, '2019-10-24 17:04:52', '0000-00-00 00:00:00', '&lt;h3&gt;Ea vix periculis sententiae, ea blandit pericula abhorreant pri.&lt;/h3&gt;&lt;p&gt;Lorem ipsum dolor sit amet, mea ad idque detraxit, cu soleat graecis invenire eam. Vidisse suscipit liberavisse has ex, vocibus patrioque vim et, sed ex tation reprehendunt. Mollis volumus no vix, ut qui clita habemus, ipsum senserit est et. Ut has soluta epicurei mediocrem, nibh nostrum his cu, sea clita electram reformidans an.&lt;/p&gt;&lt;p&gt;Est in saepe accusam luptatum. Purto deleniti philosophia eum ea, impetus copiosae id mel. Vis at ignota delenit democritum, te summo tamquam delicata pro. Utinam concludaturque et vim, mei ullum intellegam ei. Eam te illum nostrud, suas sonet corrumpit ea per. Ut sea regione posidonium. Pertinax gubergren ne qui, eos an harum mundi quaestio.&lt;/p&gt;&lt;figure class=&quot;pull-right&quot;&gt;&lt;img src=&quot;/img/media-1.jpg&quot;&gt;&lt;figcaption&gt;Lorem ipsum dolor sit amet, mea ad idque detraxit,&lt;/figcaption&gt;&lt;/figure&gt;&lt;p&gt;Nihil persius id est, iisque tincidunt abhorreant no duo. Eripuit placerat mnesarchum ius at, ei pro laoreet invenire persecuti, per magna tibique scriptorem an. Aeque oportere incorrupte ius ea, utroque erroribus mel in, posse dolore nam in. Per veniam vulputate intellegam et, id usu case reprimique, ne aperiam scaevola sed. Veritus omnesque qui ad. In mei admodum maiorum iracundia, no omnis melius eum, ei erat vivendo his. In pri nonumes suscipit.&lt;/p&gt;&lt;p&gt;Sit nulla quidam et, eam ea legimus deserunt neglegentur. Et veri nostrud vix, meis minimum atomorum ex sea, stet case habemus mea no. Ut dignissim dissentiet his, mei ea delectus delicatissimi, debet dissentiunt te duo. Sonet partiendo et qui, pro et veri solet singulis. Vidit viderer eleifend ad nam. Minimum eligendi suscipit ius et, vis ex laoreet detracto scripserit, at sumo sale solum pro.&lt;/p&gt;&lt;blockquote class=&quot;blockquote&quot;&gt;&lt;p&gt;Ei prima graecis consulatu vix, per cu corpora qualisque voluptaria. Bonorum moderatius in per, ius cu albucius voluptatum. Ne ius torquatos dissentiunt. Brute illum utroque eu quo. Cu tota mediocritatem vis, aliquip cotidieque eu ius, cu lorem suscipit eleifend sit.&lt;/p&gt;&lt;footer class=&quot;blockquote-footer&quot;&gt;John Doe&lt;/footer&gt;&lt;/blockquote&gt;&lt;p&gt;Mei cu diam sonet audiam, his ad impetus fuisset indoctum. Te sit altera qualisque, stet suavitate ne vel. Euismod suavitate duo eu, habemus rationibus neglegentur ei qui. Debet omittam ad usu, ex vero feugait oporteat eos, id usu sint numquam sententiae.&lt;/p&gt;&lt;figure&gt;&lt;img src=&quot;/img/media-2.jpg&quot;&gt;&lt;/figure&gt;&lt;h3&gt;Sit nulla quidam et, eam ea legimus deserunt neglegentur.&lt;/h3&gt;&lt;p&gt;No possim singulis sea, dolores salutatus interpretaris eam ad. An singulis postulant his, an inermis urbanitas mel. Wisi veri noster eu est, diam ridens eum in. Omnium imperdiet patrioque quo in, est sumo persecuti abhorreant ei. Sed feugiat iracundia id, inermis percipit eu has.&lt;/p&gt;&lt;p&gt;In vidit homero ullamcorper his, ea mea senserit constituto, et alia idque congue sit. Postea percipit his ne. Probo movet noluisse in nam, sed ex utroque inermis corrumpit, oratio tation vix at. Usu aperiri assentior at, eam et melius iudicabit pertinacia.&lt;/p&gt;', 6, 'Lorem ipsum dolor sit amet, consectetur adipiscing elit. Suspendisse ex dui, sagittis sed sodales vitae, laoreet et sem. Cras consectetur nulla id mi finibus suscipit vel mollis risus. Nulla tellus dolor, elementum non fermentum a, pulvinar vitae enim. Ut finibus ipsum lorem, id lobortis arcu pretium sit amet. Maecenas lacinia massa non mauris lacinia ultricies. In elementum mauris risus, et consequat lacus aliquet sed. Nunc eget laoreet est. Maecenas cursus orci at sem cursus consectetur. Donec egestas elementum neque non auctor. Aliquam vitae mauris vestibulum, suscipit nisi vitae, scelerisque libero. Duis ultricies neque elit, et pulvinar nisl facilisis eu.', 1, 'Post35', 2),
	(36, '2019-10-24 17:04:52', '0000-00-00 00:00:00', '&lt;h3&gt;Ea vix periculis sententiae, ea blandit pericula abhorreant pri.&lt;/h3&gt;&lt;p&gt;Lorem ipsum dolor sit amet, mea ad idque detraxit, cu soleat graecis invenire eam. Vidisse suscipit liberavisse has ex, vocibus patrioque vim et, sed ex tation reprehendunt. Mollis volumus no vix, ut qui clita habemus, ipsum senserit est et. Ut has soluta epicurei mediocrem, nibh nostrum his cu, sea clita electram reformidans an.&lt;/p&gt;&lt;p&gt;Est in saepe accusam luptatum. Purto deleniti philosophia eum ea, impetus copiosae id mel. Vis at ignota delenit democritum, te summo tamquam delicata pro. Utinam concludaturque et vim, mei ullum intellegam ei. Eam te illum nostrud, suas sonet corrumpit ea per. Ut sea regione posidonium. Pertinax gubergren ne qui, eos an harum mundi quaestio.&lt;/p&gt;&lt;figure class=&quot;pull-right&quot;&gt;&lt;img src=&quot;/img/media-1.jpg&quot;&gt;&lt;figcaption&gt;Lorem ipsum dolor sit amet, mea ad idque detraxit,&lt;/figcaption&gt;&lt;/figure&gt;&lt;p&gt;Nihil persius id est, iisque tincidunt abhorreant no duo. Eripuit placerat mnesarchum ius at, ei pro laoreet invenire persecuti, per magna tibique scriptorem an. Aeque oportere incorrupte ius ea, utroque erroribus mel in, posse dolore nam in. Per veniam vulputate intellegam et, id usu case reprimique, ne aperiam scaevola sed. Veritus omnesque qui ad. In mei admodum maiorum iracundia, no omnis melius eum, ei erat vivendo his. In pri nonumes suscipit.&lt;/p&gt;&lt;p&gt;Sit nulla quidam et, eam ea legimus deserunt neglegentur. Et veri nostrud vix, meis minimum atomorum ex sea, stet case habemus mea no. Ut dignissim dissentiet his, mei ea delectus delicatissimi, debet dissentiunt te duo. Sonet partiendo et qui, pro et veri solet singulis. Vidit viderer eleifend ad nam. Minimum eligendi suscipit ius et, vis ex laoreet detracto scripserit, at sumo sale solum pro.&lt;/p&gt;&lt;blockquote class=&quot;blockquote&quot;&gt;&lt;p&gt;Ei prima graecis consulatu vix, per cu corpora qualisque voluptaria. Bonorum moderatius in per, ius cu albucius voluptatum. Ne ius torquatos dissentiunt. Brute illum utroque eu quo. Cu tota mediocritatem vis, aliquip cotidieque eu ius, cu lorem suscipit eleifend sit.&lt;/p&gt;&lt;footer class=&quot;blockquote-footer&quot;&gt;John Doe&lt;/footer&gt;&lt;/blockquote&gt;&lt;p&gt;Mei cu diam sonet audiam, his ad impetus fuisset indoctum. Te sit altera qualisque, stet suavitate ne vel. Euismod suavitate duo eu, habemus rationibus neglegentur ei qui. Debet omittam ad usu, ex vero feugait oporteat eos, id usu sint numquam sententiae.&lt;/p&gt;&lt;figure&gt;&lt;img src=&quot;/img/media-2.jpg&quot;&gt;&lt;/figure&gt;&lt;h3&gt;Sit nulla quidam et, eam ea legimus deserunt neglegentur.&lt;/h3&gt;&lt;p&gt;No possim singulis sea, dolores salutatus interpretaris eam ad. An singulis postulant his, an inermis urbanitas mel. Wisi veri noster eu est, diam ridens eum in. Omnium imperdiet patrioque quo in, est sumo persecuti abhorreant ei. Sed feugiat iracundia id, inermis percipit eu has.&lt;/p&gt;&lt;p&gt;In vidit homero ullamcorper his, ea mea senserit constituto, et alia idque congue sit. Postea percipit his ne. Probo movet noluisse in nam, sed ex utroque inermis corrumpit, oratio tation vix at. Usu aperiri assentior at, eam et melius iudicabit pertinacia.&lt;/p&gt;', 6, 'Lorem ipsum dolor sit amet, consectetur adipiscing elit. Suspendisse ex dui, sagittis sed sodales vitae, laoreet et sem. Cras consectetur nulla id mi finibus suscipit vel mollis risus. Nulla tellus dolor, elementum non fermentum a, pulvinar vitae enim. Ut finibus ipsum lorem, id lobortis arcu pretium sit amet. Maecenas lacinia massa non mauris lacinia ultricies. In elementum mauris risus, et consequat lacus aliquet sed. Nunc eget laoreet est. Maecenas cursus orci at sem cursus consectetur. Donec egestas elementum neque non auctor. Aliquam vitae mauris vestibulum, suscipit nisi vitae, scelerisque libero. Duis ultricies neque elit, et pulvinar nisl facilisis eu.', 1, 'Post36', 2),
	(37, '2019-10-24 17:04:52', '0000-00-00 00:00:00', '&lt;h3&gt;Ea vix periculis sententiae, ea blandit pericula abhorreant pri.&lt;/h3&gt;&lt;p&gt;Lorem ipsum dolor sit amet, mea ad idque detraxit, cu soleat graecis invenire eam. Vidisse suscipit liberavisse has ex, vocibus patrioque vim et, sed ex tation reprehendunt. Mollis volumus no vix, ut qui clita habemus, ipsum senserit est et. Ut has soluta epicurei mediocrem, nibh nostrum his cu, sea clita electram reformidans an.&lt;/p&gt;&lt;p&gt;Est in saepe accusam luptatum. Purto deleniti philosophia eum ea, impetus copiosae id mel. Vis at ignota delenit democritum, te summo tamquam delicata pro. Utinam concludaturque et vim, mei ullum intellegam ei. Eam te illum nostrud, suas sonet corrumpit ea per. Ut sea regione posidonium. Pertinax gubergren ne qui, eos an harum mundi quaestio.&lt;/p&gt;&lt;figure class=&quot;pull-right&quot;&gt;&lt;img src=&quot;/img/media-1.jpg&quot;&gt;&lt;figcaption&gt;Lorem ipsum dolor sit amet, mea ad idque detraxit,&lt;/figcaption&gt;&lt;/figure&gt;&lt;p&gt;Nihil persius id est, iisque tincidunt abhorreant no duo. Eripuit placerat mnesarchum ius at, ei pro laoreet invenire persecuti, per magna tibique scriptorem an. Aeque oportere incorrupte ius ea, utroque erroribus mel in, posse dolore nam in. Per veniam vulputate intellegam et, id usu case reprimique, ne aperiam scaevola sed. Veritus omnesque qui ad. In mei admodum maiorum iracundia, no omnis melius eum, ei erat vivendo his. In pri nonumes suscipit.&lt;/p&gt;&lt;p&gt;Sit nulla quidam et, eam ea legimus deserunt neglegentur. Et veri nostrud vix, meis minimum atomorum ex sea, stet case habemus mea no. Ut dignissim dissentiet his, mei ea delectus delicatissimi, debet dissentiunt te duo. Sonet partiendo et qui, pro et veri solet singulis. Vidit viderer eleifend ad nam. Minimum eligendi suscipit ius et, vis ex laoreet detracto scripserit, at sumo sale solum pro.&lt;/p&gt;&lt;blockquote class=&quot;blockquote&quot;&gt;&lt;p&gt;Ei prima graecis consulatu vix, per cu corpora qualisque voluptaria. Bonorum moderatius in per, ius cu albucius voluptatum. Ne ius torquatos dissentiunt. Brute illum utroque eu quo. Cu tota mediocritatem vis, aliquip cotidieque eu ius, cu lorem suscipit eleifend sit.&lt;/p&gt;&lt;footer class=&quot;blockquote-footer&quot;&gt;John Doe&lt;/footer&gt;&lt;/blockquote&gt;&lt;p&gt;Mei cu diam sonet audiam, his ad impetus fuisset indoctum. Te sit altera qualisque, stet suavitate ne vel. Euismod suavitate duo eu, habemus rationibus neglegentur ei qui. Debet omittam ad usu, ex vero feugait oporteat eos, id usu sint numquam sententiae.&lt;/p&gt;&lt;figure&gt;&lt;img src=&quot;/img/media-2.jpg&quot;&gt;&lt;/figure&gt;&lt;h3&gt;Sit nulla quidam et, eam ea legimus deserunt neglegentur.&lt;/h3&gt;&lt;p&gt;No possim singulis sea, dolores salutatus interpretaris eam ad. An singulis postulant his, an inermis urbanitas mel. Wisi veri noster eu est, diam ridens eum in. Omnium imperdiet patrioque quo in, est sumo persecuti abhorreant ei. Sed feugiat iracundia id, inermis percipit eu has.&lt;/p&gt;&lt;p&gt;In vidit homero ullamcorper his, ea mea senserit constituto, et alia idque congue sit. Postea percipit his ne. Probo movet noluisse in nam, sed ex utroque inermis corrumpit, oratio tation vix at. Usu aperiri assentior at, eam et melius iudicabit pertinacia.&lt;/p&gt;', 6, 'Lorem ipsum dolor sit amet, consectetur adipiscing elit. Suspendisse ex dui, sagittis sed sodales vitae, laoreet et sem. Cras consectetur nulla id mi finibus suscipit vel mollis risus. Nulla tellus dolor, elementum non fermentum a, pulvinar vitae enim. Ut finibus ipsum lorem, id lobortis arcu pretium sit amet. Maecenas lacinia massa non mauris lacinia ultricies. In elementum mauris risus, et consequat lacus aliquet sed. Nunc eget laoreet est. Maecenas cursus orci at sem cursus consectetur. Donec egestas elementum neque non auctor. Aliquam vitae mauris vestibulum, suscipit nisi vitae, scelerisque libero. Duis ultricies neque elit, et pulvinar nisl facilisis eu.', 1, 'Post37', 2),
	(38, '2019-10-24 17:04:52', '0000-00-00 00:00:00', '&lt;h3&gt;Ea vix periculis sententiae, ea blandit pericula abhorreant pri.&lt;/h3&gt;&lt;p&gt;Lorem ipsum dolor sit amet, mea ad idque detraxit, cu soleat graecis invenire eam. Vidisse suscipit liberavisse has ex, vocibus patrioque vim et, sed ex tation reprehendunt. Mollis volumus no vix, ut qui clita habemus, ipsum senserit est et. Ut has soluta epicurei mediocrem, nibh nostrum his cu, sea clita electram reformidans an.&lt;/p&gt;&lt;p&gt;Est in saepe accusam luptatum. Purto deleniti philosophia eum ea, impetus copiosae id mel. Vis at ignota delenit democritum, te summo tamquam delicata pro. Utinam concludaturque et vim, mei ullum intellegam ei. Eam te illum nostrud, suas sonet corrumpit ea per. Ut sea regione posidonium. Pertinax gubergren ne qui, eos an harum mundi quaestio.&lt;/p&gt;&lt;figure class=&quot;pull-right&quot;&gt;&lt;img src=&quot;/img/media-1.jpg&quot;&gt;&lt;figcaption&gt;Lorem ipsum dolor sit amet, mea ad idque detraxit,&lt;/figcaption&gt;&lt;/figure&gt;&lt;p&gt;Nihil persius id est, iisque tincidunt abhorreant no duo. Eripuit placerat mnesarchum ius at, ei pro laoreet invenire persecuti, per magna tibique scriptorem an. Aeque oportere incorrupte ius ea, utroque erroribus mel in, posse dolore nam in. Per veniam vulputate intellegam et, id usu case reprimique, ne aperiam scaevola sed. Veritus omnesque qui ad. In mei admodum maiorum iracundia, no omnis melius eum, ei erat vivendo his. In pri nonumes suscipit.&lt;/p&gt;&lt;p&gt;Sit nulla quidam et, eam ea legimus deserunt neglegentur. Et veri nostrud vix, meis minimum atomorum ex sea, stet case habemus mea no. Ut dignissim dissentiet his, mei ea delectus delicatissimi, debet dissentiunt te duo. Sonet partiendo et qui, pro et veri solet singulis. Vidit viderer eleifend ad nam. Minimum eligendi suscipit ius et, vis ex laoreet detracto scripserit, at sumo sale solum pro.&lt;/p&gt;&lt;blockquote class=&quot;blockquote&quot;&gt;&lt;p&gt;Ei prima graecis consulatu vix, per cu corpora qualisque voluptaria. Bonorum moderatius in per, ius cu albucius voluptatum. Ne ius torquatos dissentiunt. Brute illum utroque eu quo. Cu tota mediocritatem vis, aliquip cotidieque eu ius, cu lorem suscipit eleifend sit.&lt;/p&gt;&lt;footer class=&quot;blockquote-footer&quot;&gt;John Doe&lt;/footer&gt;&lt;/blockquote&gt;&lt;p&gt;Mei cu diam sonet audiam, his ad impetus fuisset indoctum. Te sit altera qualisque, stet suavitate ne vel. Euismod suavitate duo eu, habemus rationibus neglegentur ei qui. Debet omittam ad usu, ex vero feugait oporteat eos, id usu sint numquam sententiae.&lt;/p&gt;&lt;figure&gt;&lt;img src=&quot;/img/media-2.jpg&quot;&gt;&lt;/figure&gt;&lt;h3&gt;Sit nulla quidam et, eam ea legimus deserunt neglegentur.&lt;/h3&gt;&lt;p&gt;No possim singulis sea, dolores salutatus interpretaris eam ad. An singulis postulant his, an inermis urbanitas mel. Wisi veri noster eu est, diam ridens eum in. Omnium imperdiet patrioque quo in, est sumo persecuti abhorreant ei. Sed feugiat iracundia id, inermis percipit eu has.&lt;/p&gt;&lt;p&gt;In vidit homero ullamcorper his, ea mea senserit constituto, et alia idque congue sit. Postea percipit his ne. Probo movet noluisse in nam, sed ex utroque inermis corrumpit, oratio tation vix at. Usu aperiri assentior at, eam et melius iudicabit pertinacia.&lt;/p&gt;', 6, 'Lorem ipsum dolor sit amet, consectetur adipiscing elit. Suspendisse ex dui, sagittis sed sodales vitae, laoreet et sem. Cras consectetur nulla id mi finibus suscipit vel mollis risus. Nulla tellus dolor, elementum non fermentum a, pulvinar vitae enim. Ut finibus ipsum lorem, id lobortis arcu pretium sit amet. Maecenas lacinia massa non mauris lacinia ultricies. In elementum mauris risus, et consequat lacus aliquet sed. Nunc eget laoreet est. Maecenas cursus orci at sem cursus consectetur. Donec egestas elementum neque non auctor. Aliquam vitae mauris vestibulum, suscipit nisi vitae, scelerisque libero. Duis ultricies neque elit, et pulvinar nisl facilisis eu.', 1, 'Post38', 2),
	(39, '2019-10-24 17:04:52', '0000-00-00 00:00:00', '&lt;h3&gt;Ea vix periculis sententiae, ea blandit pericula abhorreant pri.&lt;/h3&gt;&lt;p&gt;Lorem ipsum dolor sit amet, mea ad idque detraxit, cu soleat graecis invenire eam. Vidisse suscipit liberavisse has ex, vocibus patrioque vim et, sed ex tation reprehendunt. Mollis volumus no vix, ut qui clita habemus, ipsum senserit est et. Ut has soluta epicurei mediocrem, nibh nostrum his cu, sea clita electram reformidans an.&lt;/p&gt;&lt;p&gt;Est in saepe accusam luptatum. Purto deleniti philosophia eum ea, impetus copiosae id mel. Vis at ignota delenit democritum, te summo tamquam delicata pro. Utinam concludaturque et vim, mei ullum intellegam ei. Eam te illum nostrud, suas sonet corrumpit ea per. Ut sea regione posidonium. Pertinax gubergren ne qui, eos an harum mundi quaestio.&lt;/p&gt;&lt;figure class=&quot;pull-right&quot;&gt;&lt;img src=&quot;/img/media-1.jpg&quot;&gt;&lt;figcaption&gt;Lorem ipsum dolor sit amet, mea ad idque detraxit,&lt;/figcaption&gt;&lt;/figure&gt;&lt;p&gt;Nihil persius id est, iisque tincidunt abhorreant no duo. Eripuit placerat mnesarchum ius at, ei pro laoreet invenire persecuti, per magna tibique scriptorem an. Aeque oportere incorrupte ius ea, utroque erroribus mel in, posse dolore nam in. Per veniam vulputate intellegam et, id usu case reprimique, ne aperiam scaevola sed. Veritus omnesque qui ad. In mei admodum maiorum iracundia, no omnis melius eum, ei erat vivendo his. In pri nonumes suscipit.&lt;/p&gt;&lt;p&gt;Sit nulla quidam et, eam ea legimus deserunt neglegentur. Et veri nostrud vix, meis minimum atomorum ex sea, stet case habemus mea no. Ut dignissim dissentiet his, mei ea delectus delicatissimi, debet dissentiunt te duo. Sonet partiendo et qui, pro et veri solet singulis. Vidit viderer eleifend ad nam. Minimum eligendi suscipit ius et, vis ex laoreet detracto scripserit, at sumo sale solum pro.&lt;/p&gt;&lt;blockquote class=&quot;blockquote&quot;&gt;&lt;p&gt;Ei prima graecis consulatu vix, per cu corpora qualisque voluptaria. Bonorum moderatius in per, ius cu albucius voluptatum. Ne ius torquatos dissentiunt. Brute illum utroque eu quo. Cu tota mediocritatem vis, aliquip cotidieque eu ius, cu lorem suscipit eleifend sit.&lt;/p&gt;&lt;footer class=&quot;blockquote-footer&quot;&gt;John Doe&lt;/footer&gt;&lt;/blockquote&gt;&lt;p&gt;Mei cu diam sonet audiam, his ad impetus fuisset indoctum. Te sit altera qualisque, stet suavitate ne vel. Euismod suavitate duo eu, habemus rationibus neglegentur ei qui. Debet omittam ad usu, ex vero feugait oporteat eos, id usu sint numquam sententiae.&lt;/p&gt;&lt;figure&gt;&lt;img src=&quot;/img/media-2.jpg&quot;&gt;&lt;/figure&gt;&lt;h3&gt;Sit nulla quidam et, eam ea legimus deserunt neglegentur.&lt;/h3&gt;&lt;p&gt;No possim singulis sea, dolores salutatus interpretaris eam ad. An singulis postulant his, an inermis urbanitas mel. Wisi veri noster eu est, diam ridens eum in. Omnium imperdiet patrioque quo in, est sumo persecuti abhorreant ei. Sed feugiat iracundia id, inermis percipit eu has.&lt;/p&gt;&lt;p&gt;In vidit homero ullamcorper his, ea mea senserit constituto, et alia idque congue sit. Postea percipit his ne. Probo movet noluisse in nam, sed ex utroque inermis corrumpit, oratio tation vix at. Usu aperiri assentior at, eam et melius iudicabit pertinacia.&lt;/p&gt;', 6, 'Lorem ipsum dolor sit amet, consectetur adipiscing elit. Suspendisse ex dui, sagittis sed sodales vitae, laoreet et sem. Cras consectetur nulla id mi finibus suscipit vel mollis risus. Nulla tellus dolor, elementum non fermentum a, pulvinar vitae enim. Ut finibus ipsum lorem, id lobortis arcu pretium sit amet. Maecenas lacinia massa non mauris lacinia ultricies. In elementum mauris risus, et consequat lacus aliquet sed. Nunc eget laoreet est. Maecenas cursus orci at sem cursus consectetur. Donec egestas elementum neque non auctor. Aliquam vitae mauris vestibulum, suscipit nisi vitae, scelerisque libero. Duis ultricies neque elit, et pulvinar nisl facilisis eu.', 1, 'Post39', 2),
	(40, '2019-10-24 17:04:52', '0000-00-00 00:00:00', '&lt;h3&gt;Ea vix periculis sententiae, ea blandit pericula abhorreant pri.&lt;/h3&gt;&lt;p&gt;Lorem ipsum dolor sit amet, mea ad idque detraxit, cu soleat graecis invenire eam. Vidisse suscipit liberavisse has ex, vocibus patrioque vim et, sed ex tation reprehendunt. Mollis volumus no vix, ut qui clita habemus, ipsum senserit est et. Ut has soluta epicurei mediocrem, nibh nostrum his cu, sea clita electram reformidans an.&lt;/p&gt;&lt;p&gt;Est in saepe accusam luptatum. Purto deleniti philosophia eum ea, impetus copiosae id mel. Vis at ignota delenit democritum, te summo tamquam delicata pro. Utinam concludaturque et vim, mei ullum intellegam ei. Eam te illum nostrud, suas sonet corrumpit ea per. Ut sea regione posidonium. Pertinax gubergren ne qui, eos an harum mundi quaestio.&lt;/p&gt;&lt;figure class=&quot;pull-right&quot;&gt;&lt;img src=&quot;/img/media-1.jpg&quot;&gt;&lt;figcaption&gt;Lorem ipsum dolor sit amet, mea ad idque detraxit,&lt;/figcaption&gt;&lt;/figure&gt;&lt;p&gt;Nihil persius id est, iisque tincidunt abhorreant no duo. Eripuit placerat mnesarchum ius at, ei pro laoreet invenire persecuti, per magna tibique scriptorem an. Aeque oportere incorrupte ius ea, utroque erroribus mel in, posse dolore nam in. Per veniam vulputate intellegam et, id usu case reprimique, ne aperiam scaevola sed. Veritus omnesque qui ad. In mei admodum maiorum iracundia, no omnis melius eum, ei erat vivendo his. In pri nonumes suscipit.&lt;/p&gt;&lt;p&gt;Sit nulla quidam et, eam ea legimus deserunt neglegentur. Et veri nostrud vix, meis minimum atomorum ex sea, stet case habemus mea no. Ut dignissim dissentiet his, mei ea delectus delicatissimi, debet dissentiunt te duo. Sonet partiendo et qui, pro et veri solet singulis. Vidit viderer eleifend ad nam. Minimum eligendi suscipit ius et, vis ex laoreet detracto scripserit, at sumo sale solum pro.&lt;/p&gt;&lt;blockquote class=&quot;blockquote&quot;&gt;&lt;p&gt;Ei prima graecis consulatu vix, per cu corpora qualisque voluptaria. Bonorum moderatius in per, ius cu albucius voluptatum. Ne ius torquatos dissentiunt. Brute illum utroque eu quo. Cu tota mediocritatem vis, aliquip cotidieque eu ius, cu lorem suscipit eleifend sit.&lt;/p&gt;&lt;footer class=&quot;blockquote-footer&quot;&gt;John Doe&lt;/footer&gt;&lt;/blockquote&gt;&lt;p&gt;Mei cu diam sonet audiam, his ad impetus fuisset indoctum. Te sit altera qualisque, stet suavitate ne vel. Euismod suavitate duo eu, habemus rationibus neglegentur ei qui. Debet omittam ad usu, ex vero feugait oporteat eos, id usu sint numquam sententiae.&lt;/p&gt;&lt;figure&gt;&lt;img src=&quot;/img/media-2.jpg&quot;&gt;&lt;/figure&gt;&lt;h3&gt;Sit nulla quidam et, eam ea legimus deserunt neglegentur.&lt;/h3&gt;&lt;p&gt;No possim singulis sea, dolores salutatus interpretaris eam ad. An singulis postulant his, an inermis urbanitas mel. Wisi veri noster eu est, diam ridens eum in. Omnium imperdiet patrioque quo in, est sumo persecuti abhorreant ei. Sed feugiat iracundia id, inermis percipit eu has.&lt;/p&gt;&lt;p&gt;In vidit homero ullamcorper his, ea mea senserit constituto, et alia idque congue sit. Postea percipit his ne. Probo movet noluisse in nam, sed ex utroque inermis corrumpit, oratio tation vix at. Usu aperiri assentior at, eam et melius iudicabit pertinacia.&lt;/p&gt;', 6, 'Lorem ipsum dolor sit amet, consectetur adipiscing elit. Suspendisse ex dui, sagittis sed sodales vitae, laoreet et sem. Cras consectetur nulla id mi finibus suscipit vel mollis risus. Nulla tellus dolor, elementum non fermentum a, pulvinar vitae enim. Ut finibus ipsum lorem, id lobortis arcu pretium sit amet. Maecenas lacinia massa non mauris lacinia ultricies. In elementum mauris risus, et consequat lacus aliquet sed. Nunc eget laoreet est. Maecenas cursus orci at sem cursus consectetur. Donec egestas elementum neque non auctor. Aliquam vitae mauris vestibulum, suscipit nisi vitae, scelerisque libero. Duis ultricies neque elit, et pulvinar nisl facilisis eu.', 1, 'Post40', 2);
/*!40000 ALTER TABLE `posts` ENABLE KEYS */;

-- Dumping structure for table lifecode-test.posts_authors
CREATE TABLE IF NOT EXISTS `posts_authors` (
  `post_id` bigint(20) NOT NULL,
  `user_id` bigint(20) NOT NULL,
  PRIMARY KEY (`post_id`,`user_id`),
  KEY `FKet0txk8jynytashy09ehfbpp3` (`user_id`),
  CONSTRAINT `FKet0txk8jynytashy09ehfbpp3` FOREIGN KEY (`user_id`) REFERENCES `users` (`user_id`),
  CONSTRAINT `FKpq7bkes3d57iv8hd6qrkkclee` FOREIGN KEY (`post_id`) REFERENCES `posts` (`post_id`)
) ENGINE=InnoDB DEFAULT CHARSET=utf8mb4 COLLATE=utf8mb4_unicode_ci;

-- Dumping data for table lifecode-test.posts_authors: ~41 rows (approximately)
/*!40000 ALTER TABLE `posts_authors` DISABLE KEYS */;
INSERT IGNORE INTO `posts_authors` (`post_id`, `user_id`) VALUES
	(1, 1),
	(3, 1),
	(4, 1),
	(6, 1),
	(9, 1),
	(10, 1),
	(12, 1),
	(13, 1),
	(14, 1),
	(15, 1),
	(16, 1),
	(17, 1),
	(21, 1),
	(22, 1),
	(23, 1),
	(24, 1),
	(25, 1),
	(26, 1),
	(27, 1),
	(28, 1),
	(29, 1),
	(30, 1),
	(32, 1),
	(35, 1),
	(36, 1),
	(39, 1),
	(40, 1),
	(1, 2),
	(2, 2),
	(5, 2),
	(7, 2),
	(11, 2),
	(14, 2),
	(18, 2),
	(19, 2),
	(21, 2),
	(31, 2),
	(33, 2),
	(34, 2),
	(37, 2),
	(38, 2);
/*!40000 ALTER TABLE `posts_authors` ENABLE KEYS */;

-- Dumping structure for table lifecode-test.posts_images
CREATE TABLE IF NOT EXISTS `posts_images` (
  `post_id` bigint(20) NOT NULL,
  `image_id` bigint(20) NOT NULL,
  PRIMARY KEY (`post_id`,`image_id`),
  KEY `FKhyokhj94vfhxityhbeeb51pmb` (`image_id`),
  CONSTRAINT `FKhyokhj94vfhxityhbeeb51pmb` FOREIGN KEY (`image_id`) REFERENCES `images` (`image_id`),
  CONSTRAINT `FKr315ebcveolhvos3mj05cqmit` FOREIGN KEY (`post_id`) REFERENCES `posts` (`post_id`)
) ENGINE=InnoDB DEFAULT CHARSET=utf8mb4 COLLATE=utf8mb4_unicode_ci;

-- Dumping data for table lifecode-test.posts_images: ~42 rows (approximately)
/*!40000 ALTER TABLE `posts_images` DISABLE KEYS */;
INSERT IGNORE INTO `posts_images` (`post_id`, `image_id`) VALUES
	(1, 1),
	(17, 1),
	(39, 1),
	(40, 1),
	(1, 2),
	(18, 2),
	(30, 2),
	(37, 2),
	(1, 3),
	(19, 3),
	(31, 3),
	(2, 4),
	(20, 4),
	(33, 4),
	(2, 5),
	(21, 5),
	(38, 5),
	(15, 6),
	(22, 6),
	(34, 6),
	(5, 7),
	(23, 7),
	(35, 7),
	(6, 8),
	(24, 8),
	(7, 9),
	(25, 9),
	(36, 9),
	(3, 10),
	(26, 10),
	(28, 10),
	(32, 10),
	(4, 11),
	(27, 11),
	(29, 11),
	(9, 13),
	(10, 14),
	(11, 15),
	(12, 16),
	(13, 17),
	(14, 18),
	(16, 19);
/*!40000 ALTER TABLE `posts_images` ENABLE KEYS */;

-- Dumping structure for table lifecode-test.posts_tags
CREATE TABLE IF NOT EXISTS `posts_tags` (
  `post_id` bigint(20) NOT NULL,
  `tag_id` bigint(20) NOT NULL,
  PRIMARY KEY (`post_id`,`tag_id`),
  KEY `FK4svsmj4juqu2l8yaw6whr1v4v` (`tag_id`),
  CONSTRAINT `FK4svsmj4juqu2l8yaw6whr1v4v` FOREIGN KEY (`tag_id`) REFERENCES `tags` (`tag_id`),
  CONSTRAINT `FKcreclgob71ibo58gsm6l5wp6` FOREIGN KEY (`post_id`) REFERENCES `posts` (`post_id`)
) ENGINE=InnoDB DEFAULT CHARSET=utf8mb4 COLLATE=utf8mb4_unicode_ci;

-- Dumping data for table lifecode-test.posts_tags: ~47 rows (approximately)
/*!40000 ALTER TABLE `posts_tags` DISABLE KEYS */;
INSERT IGNORE INTO `posts_tags` (`post_id`, `tag_id`) VALUES
	(1, 1),
	(9, 1),
	(11, 1),
	(16, 1),
	(33, 1),
	(1, 2),
	(7, 2),
	(12, 2),
	(17, 2),
	(34, 2),
	(37, 2),
	(1, 3),
	(2, 3),
	(4, 3),
	(7, 3),
	(10, 3),
	(13, 3),
	(18, 3),
	(35, 3),
	(4, 4),
	(6, 4),
	(14, 4),
	(36, 4),
	(19, 5),
	(37, 5),
	(5, 6),
	(20, 6),
	(38, 6),
	(3, 7),
	(21, 7),
	(34, 7),
	(39, 7),
	(22, 8),
	(34, 8),
	(40, 8),
	(23, 9),
	(13, 10),
	(24, 10),
	(26, 10),
	(14, 11),
	(25, 11),
	(15, 12),
	(27, 12),
	(28, 13),
	(29, 14),
	(30, 15),
	(31, 16);
/*!40000 ALTER TABLE `posts_tags` ENABLE KEYS */;

-- Dumping structure for table lifecode-test.roles
CREATE TABLE IF NOT EXISTS `roles` (
  `role_id` bigint(20) NOT NULL AUTO_INCREMENT,
  `name` varchar(60) COLLATE utf8mb4_unicode_ci DEFAULT NULL,
  PRIMARY KEY (`role_id`),
  UNIQUE KEY `UK_nb4h0p6txrmfc0xbrd1kglp9t` (`name`)
) ENGINE=InnoDB AUTO_INCREMENT=3 DEFAULT CHARSET=utf8mb4 COLLATE=utf8mb4_unicode_ci;

-- Dumping data for table lifecode-test.roles: ~2 rows (approximately)
/*!40000 ALTER TABLE `roles` DISABLE KEYS */;
INSERT IGNORE INTO `roles` (`role_id`, `name`) VALUES
	(2, 'ROLE_ADMIN'),
	(1, 'ROLE_USER');
/*!40000 ALTER TABLE `roles` ENABLE KEYS */;

-- Dumping structure for table lifecode-test.tags
CREATE TABLE IF NOT EXISTS `tags` (
  `tag_id` bigint(20) NOT NULL AUTO_INCREMENT,
  `tag` varchar(50) COLLATE utf8mb4_unicode_ci DEFAULT NULL,
  `category_id` bigint(20) DEFAULT NULL,
  PRIMARY KEY (`tag_id`),
  KEY `FKaq0uu400dxvsd0nkj9lpny908` (`category_id`),
  CONSTRAINT `FKaq0uu400dxvsd0nkj9lpny908` FOREIGN KEY (`category_id`) REFERENCES `categories` (`category_id`)
) ENGINE=InnoDB AUTO_INCREMENT=17 DEFAULT CHARSET=utf8mb4 COLLATE=utf8mb4_unicode_ci;

-- Dumping data for table lifecode-test.tags: ~16 rows (approximately)
/*!40000 ALTER TABLE `tags` DISABLE KEYS */;
INSERT IGNORE INTO `tags` (`tag_id`, `tag`, `category_id`) VALUES
	(1, 'Java', 1),
	(2, 'Java Script', 1),
	(3, 'Python', 1),
	(4, 'SQL', 1),
	(5, 'Lifestyle', 2),
	(6, 'Food', 2),
	(7, 'Adventure', 2),
	(8, 'Travel', 2),
	(9, 'Bussiness', 2),
	(10, 'Contry', 3),
	(11, 'Cultural', 3),
	(12, 'City', 3),
	(13, 'Life', 4),
	(14, 'Family', 4),
	(15, 'Friends', 4),
	(16, 'Company', 4);
/*!40000 ALTER TABLE `tags` ENABLE KEYS */;

-- Dumping structure for table lifecode-test.users
CREATE TABLE IF NOT EXISTS `users` (
  `user_id` bigint(20) NOT NULL AUTO_INCREMENT,
  `created_at` datetime NOT NULL,
  `updated_at` datetime NOT NULL,
  `address` varchar(500) COLLATE utf8mb4_unicode_ci DEFAULT NULL,
  `avatar_path` varchar(200) COLLATE utf8mb4_unicode_ci DEFAULT NULL,
  `city` varchar(50) COLLATE utf8mb4_unicode_ci DEFAULT NULL,
  `company_name` varchar(50) COLLATE utf8mb4_unicode_ci DEFAULT NULL,
  `country` varchar(50) COLLATE utf8mb4_unicode_ci DEFAULT NULL,
  `email` varchar(40) COLLATE utf8mb4_unicode_ci DEFAULT NULL,
  `facebook` varchar(100) COLLATE utf8mb4_unicode_ci DEFAULT NULL,
  `instagram` varchar(100) COLLATE utf8mb4_unicode_ci DEFAULT NULL,
  `join_date` datetime DEFAULT NULL,
  `linkedin` varchar(100) COLLATE utf8mb4_unicode_ci DEFAULT NULL,
  `name` varchar(40) COLLATE utf8mb4_unicode_ci DEFAULT NULL,
  `note` varchar(500) COLLATE utf8mb4_unicode_ci DEFAULT NULL,
  `occupation` varchar(50) COLLATE utf8mb4_unicode_ci DEFAULT NULL,
  `password` varchar(100) COLLATE utf8mb4_unicode_ci DEFAULT NULL,
  `phone` int(11) NOT NULL,
  `twitter` varchar(100) COLLATE utf8mb4_unicode_ci DEFAULT NULL,
  `type` varchar(1) COLLATE utf8mb4_unicode_ci DEFAULT NULL,
  `user_type_cd` varchar(1) COLLATE utf8mb4_unicode_ci DEFAULT NULL,
  `username` varchar(15) COLLATE utf8mb4_unicode_ci DEFAULT NULL,
  PRIMARY KEY (`user_id`),
  UNIQUE KEY `UKr43af9ap4edm43mmtq01oddj6` (`username`),
  UNIQUE KEY `UK6dotkott2kjsp8vw4d0m25fb7` (`email`)
) ENGINE=InnoDB AUTO_INCREMENT=5 DEFAULT CHARSET=utf8mb4 COLLATE=utf8mb4_unicode_ci;

-- Dumping data for table lifecode-test.users: ~4 rows (approximately)
/*!40000 ALTER TABLE `users` DISABLE KEYS */;
INSERT IGNORE INTO `users` (`user_id`, `created_at`, `updated_at`, `address`, `avatar_path`, `city`, `company_name`, `country`, `email`, `facebook`, `instagram`, `join_date`, `linkedin`, `name`, `note`, `occupation`, `password`, `phone`, `twitter`, `type`, `user_type_cd`, `username`) VALUES
	(1, '2020-01-05 04:18:56', '2020-01-05 04:18:56', NULL, NULL, NULL, NULL, NULL, 'vinhtran@gmail.com', NULL, NULL, NULL, NULL, 'Tran Phuc Vinh', NULL, NULL, '$2a$10$5ERgZqDh0NwGqVA2qbwE0.oRfkSRrS.v.TkfIXaNP2Z6W16YYcvSa', 0, NULL, '0', '0', 'admin'),
	(2, '2020-02-08 14:06:39', '2020-02-08 14:06:39', NULL, NULL, NULL, NULL, NULL, 'vinhtran123@gmail.com', NULL, NULL, '2020-02-08 14:06:39', NULL, 'Tran Phuc Vinh', NULL, NULL, '$2a$10$LFN01fnOwOj5dU4U73PNi.g8wP.9ZrJ1ptdPPmrkOVj5UpJWYk1Sm', 0, NULL, NULL, NULL, 'vinhtran123'),
	(3, '2020-02-15 14:30:21', '2020-02-15 14:30:21', NULL, NULL, NULL, NULL, NULL, 'vinhtranphuc@gmail.com', NULL, NULL, '2020-02-15 14:30:21', NULL, 'Tran Phuc Vinh', NULL, NULL, '$2a$10$tzc6Pa6uOM0yzSZG8S/lYuDtVsQIN.X8OwyiPcLj5hnDKKZgnvasq', 0, NULL, NULL, NULL, 'tranphucvinh'),
	(4, '2020-03-02 11:32:11', '2020-03-02 11:32:11', NULL, NULL, NULL, NULL, NULL, 'thuy@mailinator.com', NULL, NULL, '2020-03-02 11:32:11', NULL, 'Nguyen Thi Thanh Thuy', NULL, NULL, '$2a$10$Z7fvDLKs8os5.iDAFBh3XObWKgSGPAOqY6VOI8D5NqH5YiDB9HlDS', 0, NULL, NULL, NULL, 'thanhthuy');
/*!40000 ALTER TABLE `users` ENABLE KEYS */;

-- Dumping structure for table lifecode-test.user_roles
CREATE TABLE IF NOT EXISTS `user_roles` (
  `user_id` bigint(20) NOT NULL,
  `role_id` bigint(20) NOT NULL,
  PRIMARY KEY (`user_id`,`role_id`),
  KEY `FKh8ciramu9cc9q3qcqiv4ue8a6` (`role_id`),
  CONSTRAINT `FKh8ciramu9cc9q3qcqiv4ue8a6` FOREIGN KEY (`role_id`) REFERENCES `roles` (`role_id`),
  CONSTRAINT `FKhfh9dx7w3ubf1co1vdev94g3f` FOREIGN KEY (`user_id`) REFERENCES `users` (`user_id`)
) ENGINE=InnoDB DEFAULT CHARSET=utf8mb4 COLLATE=utf8mb4_unicode_ci;

-- Dumping data for table lifecode-test.user_roles: ~4 rows (approximately)
/*!40000 ALTER TABLE `user_roles` DISABLE KEYS */;
INSERT IGNORE INTO `user_roles` (`user_id`, `role_id`) VALUES
	(1, 1),
	(2, 1),
	(3, 1),
	(4, 1);
/*!40000 ALTER TABLE `user_roles` ENABLE KEYS */;

/*!40101 SET SQL_MODE=IFNULL(@OLD_SQL_MODE, '') */;
/*!40014 SET FOREIGN_KEY_CHECKS=IF(@OLD_FOREIGN_KEY_CHECKS IS NULL, 1, @OLD_FOREIGN_KEY_CHECKS) */;
/*!40101 SET CHARACTER_SET_CLIENT=@OLD_CHARACTER_SET_CLIENT */;
